{"epoch": 999, "fold": 2, "train loss": 79.79272346496582, "test loss": 13.647987365722656, "train r2": 0.7532949447631836, "test r2": 0.6271922588348389, "_runtime": 1444, "_timestamp": 1620917494, "_step": 999}