{
    "optimal_time": 62.0,
    "opt_compute_time:": 0.015018211677670479,
    "spt_time": 77,
    "spt_compute_time": 1.4403541311621666,
    "lpt_time": 71,
    "lpt_compute_time": 1.5672564692795277,
    "n_jobs": 6,
    "n_resources": 6,
    "n_ops_per_job": 6,
    "max_op_time": 11,
    "jssp_identification": "6x6_3328_inst.json",
    "solution_optimality": "OPTIMAL",
    "jssp_instance": {
        "durations": [
            [
                11,
                5,
                8,
                6,
                5,
                10
            ],
            [
                8,
                7,
                2,
                6,
                5,
                5
            ],
            [
                11,
                5,
                11,
                1,
                4,
                5
            ],
            [
                3,
                9,
                6,
                3,
                2,
                8
            ],
            [
                7,
                6,
                2,
                7,
                6,
                10
            ],
            [
                4,
                11,
                10,
                5,
                6,
                6
            ]
        ],
        "machines": [
            [
                1,
                3,
                5,
                4,
                2,
                0
            ],
            [
                3,
                0,
                1,
                2,
                5,
                4
            ],
            [
                4,
                3,
                5,
                2,
                1,
                0
            ],
            [
                3,
                1,
                2,
                5,
                4,
                0
            ],
            [
                5,
                0,
                1,
                4,
                2,
                3
            ],
            [
                2,
                1,
                5,
                0,
                4,
                3
            ]
        ]
    }
}