{
    "optimal_time": 64.0,
    "spt_time": 72,
    "lpt_time": 86,
    "n_jobs": 6,
    "n_resources": 6,
    "n_ops_per_job": 6,
    "max_op_time": 11,
    "jssp_identification": "6x6_843_inst.json",
    "cp-sat_solver_time": 0.02986508992034942,
    "spt_compute_time": 2.793504824046977,
    "lpt_compute_time": 2.416948371916078,
    "jssp_instance": {
        "durations": [
            [
                9,
                11,
                1,
                1,
                5,
                3
            ],
            [
                10,
                9,
                7,
                5,
                3,
                11
            ],
            [
                10,
                2,
                7,
                6,
                7,
                9
            ],
            [
                8,
                4,
                1,
                1,
                11,
                9
            ],
            [
                9,
                7,
                5,
                9,
                3,
                1
            ],
            [
                11,
                3,
                6,
                3,
                8,
                2
            ]
        ],
        "machines": [
            [
                3,
                5,
                0,
                2,
                4,
                1
            ],
            [
                0,
                4,
                5,
                1,
                3,
                2
            ],
            [
                4,
                3,
                1,
                5,
                0,
                2
            ],
            [
                4,
                0,
                5,
                1,
                2,
                3
            ],
            [
                5,
                2,
                3,
                1,
                0,
                4
            ],
            [
                5,
                3,
                4,
                0,
                2,
                1
            ]
        ]
    },
    "optimal_gantt_data": {
        "0": {
            "Job_num": 1,
            "Mach_num": 0,
            "Job_time": 10,
            "Start_time": 0
        },
        "1": {
            "Job_num": 3,
            "Mach_num": 0,
            "Job_time": 4,
            "Start_time": 10
        },
        "2": {
            "Job_num": 5,
            "Mach_num": 0,
            "Job_time": 3,
            "Start_time": 24
        },
        "3": {
            "Job_num": 2,
            "Mach_num": 0,
            "Job_time": 7,
            "Start_time": 34
        },
        "4": {
            "Job_num": 0,
            "Mach_num": 0,
            "Job_time": 1,
            "Start_time": 51
        },
        "5": {
            "Job_num": 4,
            "Mach_num": 0,
            "Job_time": 3,
            "Start_time": 56
        },
        "6": {
            "Job_num": 3,
            "Mach_num": 1,
            "Job_time": 1,
            "Start_time": 16
        },
        "7": {
            "Job_num": 2,
            "Mach_num": 1,
            "Job_time": 7,
            "Start_time": 20
        },
        "8": {
            "Job_num": 1,
            "Mach_num": 1,
            "Job_time": 5,
            "Start_time": 40
        },
        "9": {
            "Job_num": 5,
            "Mach_num": 1,
            "Job_time": 2,
            "Start_time": 45
        },
        "10": {
            "Job_num": 4,
            "Mach_num": 1,
            "Job_time": 9,
            "Start_time": 47
        },
        "11": {
            "Job_num": 0,
            "Mach_num": 1,
            "Job_time": 3,
            "Start_time": 58
        },
        "12": {
            "Job_num": 3,
            "Mach_num": 2,
            "Job_time": 11,
            "Start_time": 17
        },
        "13": {
            "Job_num": 4,
            "Mach_num": 2,
            "Job_time": 7,
            "Start_time": 28
        },
        "14": {
            "Job_num": 5,
            "Mach_num": 2,
            "Job_time": 8,
            "Start_time": 35
        },
        "15": {
            "Job_num": 2,
            "Mach_num": 2,
            "Job_time": 9,
            "Start_time": 43
        },
        "16": {
            "Job_num": 0,
            "Mach_num": 2,
            "Job_time": 1,
            "Start_time": 52
        },
        "17": {
            "Job_num": 1,
            "Mach_num": 2,
            "Job_time": 11,
            "Start_time": 53
        },
        "18": {
            "Job_num": 0,
            "Mach_num": 3,
            "Job_time": 9,
            "Start_time": 0
        },
        "19": {
            "Job_num": 5,
            "Mach_num": 3,
            "Job_time": 3,
            "Start_time": 11
        },
        "20": {
            "Job_num": 2,
            "Mach_num": 3,
            "Job_time": 2,
            "Start_time": 18
        },
        "21": {
            "Job_num": 3,
            "Mach_num": 3,
            "Job_time": 9,
            "Start_time": 28
        },
        "22": {
            "Job_num": 4,
            "Mach_num": 3,
            "Job_time": 5,
            "Start_time": 37
        },
        "23": {
            "Job_num": 1,
            "Mach_num": 3,
            "Job_time": 3,
            "Start_time": 45
        },
        "24": {
            "Job_num": 3,
            "Mach_num": 4,
            "Job_time": 8,
            "Start_time": 0
        },
        "25": {
            "Job_num": 2,
            "Mach_num": 4,
            "Job_time": 10,
            "Start_time": 8
        },
        "26": {
            "Job_num": 5,
            "Mach_num": 4,
            "Job_time": 6,
            "Start_time": 18
        },
        "27": {
            "Job_num": 1,
            "Mach_num": 4,
            "Job_time": 9,
            "Start_time": 24
        },
        "28": {
            "Job_num": 0,
            "Mach_num": 4,
            "Job_time": 5,
            "Start_time": 53
        },
        "29": {
            "Job_num": 4,
            "Mach_num": 4,
            "Job_time": 1,
            "Start_time": 59
        },
        "30": {
            "Job_num": 5,
            "Mach_num": 5,
            "Job_time": 11,
            "Start_time": 0
        },
        "31": {
            "Job_num": 3,
            "Mach_num": 5,
            "Job_time": 1,
            "Start_time": 15
        },
        "32": {
            "Job_num": 4,
            "Mach_num": 5,
            "Job_time": 9,
            "Start_time": 16
        },
        "33": {
            "Job_num": 2,
            "Mach_num": 5,
            "Job_time": 6,
            "Start_time": 27
        },
        "34": {
            "Job_num": 1,
            "Mach_num": 5,
            "Job_time": 7,
            "Start_time": 33
        },
        "35": {
            "Job_num": 0,
            "Mach_num": 5,
            "Job_time": 11,
            "Start_time": 40
        }
    }
}