{
    "optimal_time": 47.0,
    "opt_compute_time:": 0.01209612749516964,
    "spt_time": 48,
    "spt_compute_time": 0.9315228350460529,
    "lpt_time": 49,
    "lpt_compute_time": 0.9990740474313498,
    "n_jobs": 6,
    "n_resources": 6,
    "n_ops_per_job": 6,
    "max_op_time": 11,
    "jssp_identification": "6x6_2165_inst.json",
    "solution_optimality": "OPTIMAL",
    "jssp_instance": {
        "durations": [
            [
                6,
                9,
                4,
                10,
                1,
                4
            ],
            [
                8,
                8,
                2,
                4,
                6,
                7
            ],
            [
                3,
                5,
                10,
                7,
                9,
                3
            ],
            [
                3,
                4,
                4,
                8,
                3,
                11
            ],
            [
                2,
                9,
                5,
                10,
                6,
                3
            ],
            [
                6,
                7,
                1,
                4,
                2,
                2
            ]
        ],
        "machines": [
            [
                1,
                4,
                0,
                3,
                5,
                2
            ],
            [
                5,
                2,
                3,
                1,
                4,
                0
            ],
            [
                3,
                0,
                1,
                4,
                2,
                5
            ],
            [
                4,
                2,
                0,
                5,
                3,
                1
            ],
            [
                3,
                4,
                0,
                5,
                1,
                2
            ],
            [
                5,
                3,
                1,
                4,
                0,
                2
            ]
        ]
    }
}