{
    "optimal_time": 60.0,
    "opt_compute_time:": 0.013892652466893196,
    "spt_time": 74,
    "spt_compute_time": 1.1483112778514624,
    "lpt_time": 83,
    "lpt_compute_time": 1.4578940439969301,
    "n_jobs": 6,
    "n_resources": 6,
    "n_ops_per_job": 6,
    "max_op_time": 11,
    "jssp_identification": "6x6_2829_inst.json",
    "solution_optimality": "OPTIMAL",
    "jssp_instance": {
        "durations": [
            [
                5,
                6,
                11,
                10,
                4,
                6
            ],
            [
                3,
                4,
                9,
                10,
                7,
                9
            ],
            [
                2,
                8,
                1,
                8,
                10,
                3
            ],
            [
                4,
                2,
                1,
                7,
                9,
                10
            ],
            [
                6,
                3,
                4,
                1,
                10,
                7
            ],
            [
                2,
                2,
                4,
                8,
                2,
                9
            ]
        ],
        "machines": [
            [
                4,
                2,
                1,
                0,
                3,
                5
            ],
            [
                4,
                3,
                0,
                1,
                5,
                2
            ],
            [
                4,
                2,
                0,
                1,
                5,
                3
            ],
            [
                2,
                3,
                1,
                5,
                0,
                4
            ],
            [
                2,
                5,
                1,
                4,
                3,
                0
            ],
            [
                5,
                4,
                1,
                0,
                2,
                3
            ]
        ]
    }
}