{
    "optimal_time": 62.0,
    "opt_compute_time:": 0.019013484939932823,
    "spt_time": 73,
    "spt_compute_time": 1.4812209494411945,
    "lpt_time": 84,
    "lpt_compute_time": 1.4689241275191307,
    "n_jobs": 6,
    "n_resources": 6,
    "n_ops_per_job": 6,
    "max_op_time": 11,
    "jssp_identification": "6x6_2322_inst.json",
    "solution_optimality": "OPTIMAL",
    "jssp_instance": {
        "durations": [
            [
                8,
                7,
                10,
                7,
                7,
                3
            ],
            [
                5,
                3,
                11,
                4,
                9,
                10
            ],
            [
                4,
                1,
                3,
                7,
                2,
                10
            ],
            [
                5,
                6,
                3,
                10,
                7,
                10
            ],
            [
                10,
                6,
                4,
                5,
                6,
                4
            ],
            [
                11,
                2,
                11,
                5,
                6,
                10
            ]
        ],
        "machines": [
            [
                1,
                5,
                2,
                3,
                4,
                0
            ],
            [
                2,
                4,
                1,
                5,
                3,
                0
            ],
            [
                3,
                4,
                2,
                1,
                0,
                5
            ],
            [
                1,
                3,
                4,
                0,
                5,
                2
            ],
            [
                1,
                4,
                2,
                0,
                5,
                3
            ],
            [
                0,
                1,
                4,
                5,
                2,
                3
            ]
        ]
    }
}