{
    "optimal_time": 54.0,
    "opt_compute_time:": 0.0151777733117342,
    "spt_time": 60,
    "spt_compute_time": 1.2466311883181334,
    "lpt_time": 62,
    "lpt_compute_time": 1.4169086813926697,
    "n_jobs": 6,
    "n_resources": 6,
    "n_ops_per_job": 6,
    "max_op_time": 11,
    "jssp_identification": "6x6_2688_inst.json",
    "solution_optimality": "OPTIMAL",
    "jssp_instance": {
        "durations": [
            [
                7,
                7,
                5,
                1,
                10,
                1
            ],
            [
                7,
                3,
                8,
                4,
                2,
                2
            ],
            [
                5,
                7,
                11,
                10,
                7,
                10
            ],
            [
                8,
                9,
                1,
                4,
                2,
                3
            ],
            [
                9,
                9,
                5,
                3,
                9,
                7
            ],
            [
                6,
                7,
                5,
                10,
                9,
                1
            ]
        ],
        "machines": [
            [
                5,
                3,
                0,
                4,
                2,
                1
            ],
            [
                5,
                0,
                1,
                4,
                3,
                2
            ],
            [
                2,
                3,
                1,
                5,
                4,
                0
            ],
            [
                1,
                3,
                5,
                2,
                0,
                4
            ],
            [
                4,
                0,
                2,
                5,
                3,
                1
            ],
            [
                5,
                2,
                3,
                1,
                0,
                4
            ]
        ]
    }
}