{
    "optimal_time": 47.0,
    "opt_compute_time:": 0.012243883684277534,
    "spt_time": 58,
    "spt_compute_time": 1.061849558725953,
    "lpt_time": 60,
    "lpt_compute_time": 1.1307339202612638,
    "n_jobs": 6,
    "n_resources": 6,
    "n_ops_per_job": 6,
    "max_op_time": 11,
    "jssp_identification": "6x6_3140_inst.json",
    "solution_optimality": "OPTIMAL",
    "jssp_instance": {
        "durations": [
            [
                3,
                6,
                9,
                5,
                1,
                5
            ],
            [
                11,
                2,
                9,
                5,
                11,
                2
            ],
            [
                5,
                10,
                1,
                2,
                7,
                10
            ],
            [
                11,
                3,
                8,
                6,
                5,
                3
            ],
            [
                3,
                3,
                6,
                2,
                9,
                2
            ],
            [
                2,
                4,
                2,
                6,
                4,
                4
            ]
        ],
        "machines": [
            [
                2,
                0,
                5,
                1,
                4,
                3
            ],
            [
                1,
                0,
                3,
                2,
                5,
                4
            ],
            [
                1,
                2,
                5,
                4,
                0,
                3
            ],
            [
                0,
                3,
                2,
                1,
                4,
                5
            ],
            [
                3,
                4,
                0,
                5,
                2,
                1
            ],
            [
                3,
                1,
                5,
                4,
                0,
                2
            ]
        ]
    }
}