{
    "optimal_time": 47.0,
    "opt_compute_time:": 0.013133307918906212,
    "spt_time": 51,
    "spt_compute_time": 0.9291295036673546,
    "lpt_time": 53,
    "lpt_compute_time": 0.9981861617416143,
    "n_jobs": 6,
    "n_resources": 6,
    "n_ops_per_job": 6,
    "max_op_time": 11,
    "jssp_identification": "6x6_3320_inst.json",
    "solution_optimality": "OPTIMAL",
    "jssp_instance": {
        "durations": [
            [
                7,
                3,
                3,
                2,
                6,
                11
            ],
            [
                11,
                5,
                2,
                7,
                3,
                10
            ],
            [
                1,
                3,
                2,
                6,
                7,
                1
            ],
            [
                6,
                2,
                5,
                2,
                7,
                2
            ],
            [
                5,
                5,
                5,
                4,
                2,
                7
            ],
            [
                8,
                1,
                5,
                6,
                7,
                1
            ]
        ],
        "machines": [
            [
                4,
                5,
                1,
                0,
                3,
                2
            ],
            [
                2,
                4,
                1,
                3,
                5,
                0
            ],
            [
                0,
                1,
                4,
                3,
                2,
                5
            ],
            [
                2,
                1,
                5,
                3,
                0,
                4
            ],
            [
                4,
                1,
                0,
                5,
                3,
                2
            ],
            [
                3,
                1,
                2,
                0,
                5,
                4
            ]
        ]
    }
}