{
    "optimal_time": 52.0,
    "opt_compute_time:": 0.015457112342119217,
    "spt_time": 57,
    "spt_compute_time": 0.8951695784926414,
    "lpt_time": 73,
    "lpt_compute_time": 1.3836805280297995,
    "n_jobs": 6,
    "n_resources": 6,
    "n_ops_per_job": 6,
    "max_op_time": 11,
    "jssp_identification": "6x6_1743_inst.json",
    "solution_optimality": "OPTIMAL",
    "jssp_instance": {
        "durations": [
            [
                1,
                8,
                5,
                11,
                10,
                10
            ],
            [
                9,
                4,
                1,
                6,
                2,
                3
            ],
            [
                8,
                2,
                3,
                2,
                10,
                4
            ],
            [
                9,
                6,
                8,
                2,
                1,
                1
            ],
            [
                8,
                5,
                7,
                4,
                6,
                9
            ],
            [
                9,
                7,
                10,
                9,
                1,
                9
            ]
        ],
        "machines": [
            [
                5,
                2,
                1,
                3,
                4,
                0
            ],
            [
                5,
                4,
                3,
                0,
                2,
                1
            ],
            [
                1,
                0,
                2,
                3,
                4,
                5
            ],
            [
                0,
                5,
                3,
                1,
                4,
                2
            ],
            [
                3,
                4,
                2,
                1,
                0,
                5
            ],
            [
                0,
                2,
                1,
                3,
                5,
                4
            ]
        ]
    }
}