{
    "optimal_time": 67.0,
    "opt_compute_time:": 0.02669966034591198,
    "spt_time": 77,
    "spt_compute_time": 1.347327120602131,
    "lpt_time": 85,
    "lpt_compute_time": 1.7474020514637232,
    "n_jobs": 6,
    "n_resources": 6,
    "n_ops_per_job": 6,
    "max_op_time": 11,
    "jssp_identification": "6x6_3408_inst.json",
    "solution_optimality": "OPTIMAL",
    "jssp_instance": {
        "durations": [
            [
                8,
                9,
                4,
                9,
                11,
                4
            ],
            [
                3,
                11,
                9,
                8,
                2,
                9
            ],
            [
                9,
                10,
                9,
                8,
                8,
                4
            ],
            [
                8,
                10,
                8,
                2,
                6,
                8
            ],
            [
                6,
                11,
                5,
                8,
                9,
                9
            ],
            [
                11,
                7,
                6,
                10,
                3,
                9
            ]
        ],
        "machines": [
            [
                1,
                3,
                2,
                5,
                4,
                0
            ],
            [
                3,
                5,
                1,
                0,
                4,
                2
            ],
            [
                1,
                2,
                0,
                5,
                4,
                3
            ],
            [
                4,
                1,
                0,
                5,
                3,
                2
            ],
            [
                0,
                4,
                1,
                2,
                5,
                3
            ],
            [
                2,
                4,
                3,
                0,
                1,
                5
            ]
        ]
    }
}