{
    "optimal_time": 59.0,
    "opt_compute_time:": 0.01658279076218605,
    "spt_time": 74,
    "spt_compute_time": 1.2729099467396736,
    "lpt_time": 68,
    "lpt_compute_time": 1.3638392835855484,
    "n_jobs": 6,
    "n_resources": 6,
    "n_ops_per_job": 6,
    "max_op_time": 11,
    "jssp_identification": "6x6_2782_inst.json",
    "solution_optimality": "OPTIMAL",
    "jssp_instance": {
        "durations": [
            [
                6,
                8,
                6,
                1,
                4,
                2
            ],
            [
                11,
                11,
                6,
                6,
                3,
                8
            ],
            [
                8,
                5,
                3,
                2,
                3,
                9
            ],
            [
                5,
                4,
                11,
                3,
                7,
                2
            ],
            [
                5,
                8,
                5,
                11,
                8,
                7
            ],
            [
                7,
                8,
                2,
                5,
                4,
                7
            ]
        ],
        "machines": [
            [
                1,
                3,
                4,
                2,
                5,
                0
            ],
            [
                1,
                0,
                4,
                3,
                5,
                2
            ],
            [
                3,
                5,
                0,
                1,
                4,
                2
            ],
            [
                1,
                2,
                0,
                3,
                4,
                5
            ],
            [
                2,
                3,
                0,
                4,
                1,
                5
            ],
            [
                5,
                1,
                2,
                4,
                3,
                0
            ]
        ]
    }
}