{
    "optimal_time": 62.0,
    "opt_compute_time:": 0.012339446693658829,
    "spt_time": 67,
    "spt_compute_time": 1.1684135869145393,
    "lpt_time": 83,
    "lpt_compute_time": 1.365190863609314,
    "n_jobs": 6,
    "n_resources": 6,
    "n_ops_per_job": 6,
    "max_op_time": 11,
    "jssp_identification": "6x6_3739_inst.json",
    "solution_optimality": "OPTIMAL",
    "jssp_instance": {
        "durations": [
            [
                2,
                9,
                6,
                5,
                5,
                8
            ],
            [
                7,
                7,
                4,
                6,
                1,
                9
            ],
            [
                5,
                9,
                8,
                11,
                11,
                7
            ],
            [
                9,
                3,
                10,
                3,
                6,
                1
            ],
            [
                1,
                11,
                2,
                1,
                10,
                8
            ],
            [
                9,
                4,
                6,
                6,
                11,
                10
            ]
        ],
        "machines": [
            [
                4,
                0,
                2,
                3,
                1,
                5
            ],
            [
                5,
                1,
                0,
                3,
                2,
                4
            ],
            [
                2,
                4,
                0,
                1,
                3,
                5
            ],
            [
                0,
                4,
                2,
                5,
                3,
                1
            ],
            [
                0,
                2,
                4,
                1,
                5,
                3
            ],
            [
                5,
                3,
                4,
                1,
                0,
                2
            ]
        ]
    }
}