{
    "optimal_time": 67.0,
    "opt_compute_time:": 0.013591956347227097,
    "spt_time": 80,
    "spt_compute_time": 1.6582574918866158,
    "lpt_time": 88,
    "lpt_compute_time": 2.0037951711565256,
    "n_jobs": 6,
    "n_resources": 6,
    "n_ops_per_job": 6,
    "max_op_time": 11,
    "jssp_identification": "6x6_3705_inst.json",
    "solution_optimality": "OPTIMAL",
    "jssp_instance": {
        "durations": [
            [
                10,
                6,
                11,
                10,
                2,
                6
            ],
            [
                11,
                1,
                6,
                3,
                8,
                2
            ],
            [
                11,
                3,
                5,
                6,
                11,
                5
            ],
            [
                1,
                3,
                11,
                10,
                2,
                6
            ],
            [
                1,
                10,
                10,
                11,
                4,
                11
            ],
            [
                1,
                5,
                4,
                6,
                6,
                9
            ]
        ],
        "machines": [
            [
                4,
                5,
                3,
                0,
                1,
                2
            ],
            [
                1,
                4,
                5,
                2,
                0,
                3
            ],
            [
                4,
                1,
                2,
                3,
                5,
                0
            ],
            [
                5,
                3,
                4,
                2,
                0,
                1
            ],
            [
                3,
                4,
                2,
                0,
                1,
                5
            ],
            [
                3,
                2,
                5,
                1,
                4,
                0
            ]
        ]
    }
}