{
    "optimal_time": 62.0,
    "opt_compute_time:": 0.010903643444180489,
    "spt_time": 67,
    "spt_compute_time": 1.4031484480947256,
    "lpt_time": 65,
    "lpt_compute_time": 1.1824039183557034,
    "n_jobs": 6,
    "n_resources": 6,
    "n_ops_per_job": 6,
    "max_op_time": 11,
    "jssp_identification": "6x6_2252_inst.json",
    "solution_optimality": "OPTIMAL",
    "jssp_instance": {
        "durations": [
            [
                5,
                11,
                10,
                10,
                6,
                9
            ],
            [
                6,
                1,
                9,
                7,
                5,
                8
            ],
            [
                4,
                9,
                1,
                1,
                7,
                7
            ],
            [
                3,
                4,
                1,
                9,
                10,
                11
            ],
            [
                5,
                5,
                10,
                5,
                1,
                9
            ],
            [
                3,
                3,
                5,
                1,
                2,
                11
            ]
        ],
        "machines": [
            [
                2,
                4,
                0,
                5,
                1,
                3
            ],
            [
                3,
                4,
                2,
                0,
                5,
                1
            ],
            [
                0,
                2,
                1,
                3,
                5,
                4
            ],
            [
                5,
                3,
                2,
                1,
                4,
                0
            ],
            [
                4,
                2,
                3,
                5,
                1,
                0
            ],
            [
                3,
                1,
                4,
                2,
                5,
                0
            ]
        ]
    }
}