{
    "optimal_time": 63.0,
    "spt_time": 76,
    "lpt_time": 75,
    "n_jobs": 6,
    "n_resources": 6,
    "n_ops_per_job": 6,
    "max_op_time": 11,
    "jssp_identification": "6x6_746_inst.json",
    "cp-sat_solver_time": 0.01519641000777483,
    "spt_compute_time": 2.200324686942622,
    "lpt_compute_time": 1.7941036670235917,
    "jssp_instance": {
        "durations": [
            [
                7,
                3,
                3,
                4,
                1,
                11
            ],
            [
                9,
                3,
                9,
                2,
                7,
                4
            ],
            [
                2,
                8,
                10,
                9,
                5,
                10
            ],
            [
                10,
                10,
                8,
                2,
                6,
                2
            ],
            [
                3,
                10,
                7,
                3,
                5,
                8
            ],
            [
                6,
                11,
                7,
                8,
                10,
                4
            ]
        ],
        "machines": [
            [
                4,
                0,
                1,
                3,
                2,
                5
            ],
            [
                3,
                5,
                4,
                0,
                1,
                2
            ],
            [
                2,
                4,
                0,
                3,
                1,
                5
            ],
            [
                2,
                4,
                5,
                3,
                1,
                0
            ],
            [
                3,
                2,
                1,
                0,
                5,
                4
            ],
            [
                1,
                0,
                4,
                2,
                5,
                3
            ]
        ]
    },
    "optimal_gantt_data": {
        "0": {
            "Job_num": 0,
            "Mach_num": 0,
            "Job_time": 3,
            "Start_time": 7
        },
        "1": {
            "Job_num": 5,
            "Mach_num": 0,
            "Job_time": 11,
            "Start_time": 10
        },
        "2": {
            "Job_num": 2,
            "Mach_num": 0,
            "Job_time": 10,
            "Start_time": 21
        },
        "3": {
            "Job_num": 4,
            "Mach_num": 0,
            "Job_time": 3,
            "Start_time": 35
        },
        "4": {
            "Job_num": 1,
            "Mach_num": 0,
            "Job_time": 2,
            "Start_time": 41
        },
        "5": {
            "Job_num": 3,
            "Mach_num": 0,
            "Job_time": 2,
            "Start_time": 58
        },
        "6": {
            "Job_num": 5,
            "Mach_num": 1,
            "Job_time": 6,
            "Start_time": 0
        },
        "7": {
            "Job_num": 0,
            "Mach_num": 1,
            "Job_time": 3,
            "Start_time": 10
        },
        "8": {
            "Job_num": 4,
            "Mach_num": 1,
            "Job_time": 7,
            "Start_time": 28
        },
        "9": {
            "Job_num": 2,
            "Mach_num": 1,
            "Job_time": 5,
            "Start_time": 40
        },
        "10": {
            "Job_num": 1,
            "Mach_num": 1,
            "Job_time": 7,
            "Start_time": 45
        },
        "11": {
            "Job_num": 3,
            "Mach_num": 1,
            "Job_time": 6,
            "Start_time": 52
        },
        "12": {
            "Job_num": 2,
            "Mach_num": 2,
            "Job_time": 2,
            "Start_time": 0
        },
        "13": {
            "Job_num": 3,
            "Mach_num": 2,
            "Job_time": 10,
            "Start_time": 2
        },
        "14": {
            "Job_num": 0,
            "Mach_num": 2,
            "Job_time": 1,
            "Start_time": 17
        },
        "15": {
            "Job_num": 4,
            "Mach_num": 2,
            "Job_time": 10,
            "Start_time": 18
        },
        "16": {
            "Job_num": 5,
            "Mach_num": 2,
            "Job_time": 8,
            "Start_time": 32
        },
        "17": {
            "Job_num": 1,
            "Mach_num": 2,
            "Job_time": 4,
            "Start_time": 52
        },
        "18": {
            "Job_num": 1,
            "Mach_num": 3,
            "Job_time": 9,
            "Start_time": 0
        },
        "19": {
            "Job_num": 4,
            "Mach_num": 3,
            "Job_time": 3,
            "Start_time": 9
        },
        "20": {
            "Job_num": 0,
            "Mach_num": 3,
            "Job_time": 4,
            "Start_time": 13
        },
        "21": {
            "Job_num": 2,
            "Mach_num": 3,
            "Job_time": 9,
            "Start_time": 31
        },
        "22": {
            "Job_num": 3,
            "Mach_num": 3,
            "Job_time": 2,
            "Start_time": 40
        },
        "23": {
            "Job_num": 5,
            "Mach_num": 3,
            "Job_time": 4,
            "Start_time": 53
        },
        "24": {
            "Job_num": 0,
            "Mach_num": 4,
            "Job_time": 7,
            "Start_time": 0
        },
        "25": {
            "Job_num": 2,
            "Mach_num": 4,
            "Job_time": 8,
            "Start_time": 7
        },
        "26": {
            "Job_num": 3,
            "Mach_num": 4,
            "Job_time": 10,
            "Start_time": 15
        },
        "27": {
            "Job_num": 5,
            "Mach_num": 4,
            "Job_time": 7,
            "Start_time": 25
        },
        "28": {
            "Job_num": 1,
            "Mach_num": 4,
            "Job_time": 9,
            "Start_time": 32
        },
        "29": {
            "Job_num": 4,
            "Mach_num": 4,
            "Job_time": 8,
            "Start_time": 55
        },
        "30": {
            "Job_num": 1,
            "Mach_num": 5,
            "Job_time": 3,
            "Start_time": 9
        },
        "31": {
            "Job_num": 0,
            "Mach_num": 5,
            "Job_time": 11,
            "Start_time": 18
        },
        "32": {
            "Job_num": 3,
            "Mach_num": 5,
            "Job_time": 8,
            "Start_time": 29
        },
        "33": {
            "Job_num": 4,
            "Mach_num": 5,
            "Job_time": 5,
            "Start_time": 38
        },
        "34": {
            "Job_num": 5,
            "Mach_num": 5,
            "Job_time": 10,
            "Start_time": 43
        },
        "35": {
            "Job_num": 2,
            "Mach_num": 5,
            "Job_time": 10,
            "Start_time": 53
        }
    }
}