{
    "optimal_time": 53.0,
    "opt_compute_time:": 0.025907352566719055,
    "spt_time": 62,
    "spt_compute_time": 1.0880601666867733,
    "lpt_time": 72,
    "lpt_compute_time": 1.1916553564369678,
    "n_jobs": 6,
    "n_resources": 6,
    "n_ops_per_job": 6,
    "max_op_time": 11,
    "jssp_identification": "6x6_1997_inst.json",
    "solution_optimality": "OPTIMAL",
    "jssp_instance": {
        "durations": [
            [
                10,
                5,
                1,
                11,
                3,
                2
            ],
            [
                1,
                6,
                11,
                2,
                4,
                2
            ],
            [
                9,
                7,
                2,
                2,
                3,
                1
            ],
            [
                1,
                6,
                7,
                5,
                5,
                7
            ],
            [
                1,
                9,
                8,
                3,
                2,
                4
            ],
            [
                3,
                3,
                8,
                10,
                9,
                9
            ]
        ],
        "machines": [
            [
                2,
                4,
                0,
                3,
                5,
                1
            ],
            [
                1,
                2,
                3,
                4,
                0,
                5
            ],
            [
                2,
                5,
                4,
                0,
                1,
                3
            ],
            [
                0,
                1,
                5,
                3,
                2,
                4
            ],
            [
                2,
                4,
                1,
                5,
                0,
                3
            ],
            [
                2,
                5,
                0,
                3,
                4,
                1
            ]
        ]
    }
}