{
    "optimal_time": 70.0,
    "opt_compute_time:": 0.01661045476794243,
    "spt_time": 81,
    "spt_compute_time": 1.2516605090349913,
    "lpt_time": 82,
    "lpt_compute_time": 1.5475089512765408,
    "n_jobs": 6,
    "n_resources": 6,
    "n_ops_per_job": 6,
    "max_op_time": 11,
    "jssp_identification": "6x6_1513_inst.json",
    "solution_optimality": "OPTIMAL",
    "jssp_instance": {
        "durations": [
            [
                2,
                1,
                2,
                9,
                11,
                10
            ],
            [
                5,
                3,
                9,
                9,
                11,
                9
            ],
            [
                7,
                8,
                8,
                10,
                5,
                9
            ],
            [
                7,
                3,
                5,
                11,
                4,
                8
            ],
            [
                1,
                11,
                10,
                7,
                4,
                9
            ],
            [
                8,
                6,
                7,
                11,
                3,
                4
            ]
        ],
        "machines": [
            [
                2,
                3,
                5,
                1,
                4,
                0
            ],
            [
                4,
                1,
                0,
                5,
                2,
                3
            ],
            [
                0,
                5,
                3,
                4,
                1,
                2
            ],
            [
                0,
                4,
                5,
                2,
                1,
                3
            ],
            [
                4,
                0,
                5,
                1,
                2,
                3
            ],
            [
                5,
                2,
                0,
                3,
                1,
                4
            ]
        ]
    }
}