{
    "optimal_time": 54.0,
    "opt_compute_time:": 0.02940552495419979,
    "spt_time": 58,
    "spt_compute_time": 1.1326691042631865,
    "lpt_time": 72,
    "lpt_compute_time": 1.4954776633530855,
    "n_jobs": 6,
    "n_resources": 6,
    "n_ops_per_job": 6,
    "max_op_time": 11,
    "jssp_identification": "6x6_3167_inst.json",
    "solution_optimality": "OPTIMAL",
    "jssp_instance": {
        "durations": [
            [
                11,
                1,
                4,
                3,
                9,
                5
            ],
            [
                10,
                4,
                2,
                9,
                8,
                9
            ],
            [
                6,
                11,
                8,
                6,
                7,
                7
            ],
            [
                8,
                6,
                7,
                6,
                7,
                7
            ],
            [
                10,
                10,
                1,
                4,
                2,
                6
            ],
            [
                1,
                8,
                10,
                1,
                3,
                8
            ]
        ],
        "machines": [
            [
                3,
                0,
                2,
                1,
                5,
                4
            ],
            [
                5,
                1,
                3,
                0,
                2,
                4
            ],
            [
                2,
                4,
                3,
                0,
                1,
                5
            ],
            [
                0,
                3,
                1,
                2,
                4,
                5
            ],
            [
                4,
                0,
                3,
                1,
                5,
                2
            ],
            [
                0,
                4,
                3,
                5,
                1,
                2
            ]
        ]
    }
}