{
    "optimal_time": 63.0,
    "opt_compute_time:": 0.01671833172440529,
    "spt_time": 79,
    "spt_compute_time": 1.3769064396619797,
    "lpt_time": 85,
    "lpt_compute_time": 1.724978370591998,
    "n_jobs": 6,
    "n_resources": 6,
    "n_ops_per_job": 6,
    "max_op_time": 11,
    "jssp_identification": "6x6_1860_inst.json",
    "solution_optimality": "OPTIMAL",
    "jssp_instance": {
        "durations": [
            [
                3,
                9,
                5,
                10,
                9,
                2
            ],
            [
                9,
                7,
                10,
                10,
                2,
                8
            ],
            [
                5,
                1,
                3,
                10,
                11,
                3
            ],
            [
                10,
                7,
                8,
                1,
                2,
                2
            ],
            [
                4,
                2,
                5,
                9,
                5,
                8
            ],
            [
                10,
                7,
                6,
                4,
                10,
                8
            ]
        ],
        "machines": [
            [
                1,
                5,
                4,
                0,
                2,
                3
            ],
            [
                3,
                2,
                1,
                0,
                5,
                4
            ],
            [
                1,
                2,
                0,
                3,
                5,
                4
            ],
            [
                1,
                0,
                4,
                3,
                5,
                2
            ],
            [
                0,
                3,
                1,
                5,
                2,
                4
            ],
            [
                2,
                1,
                3,
                0,
                4,
                5
            ]
        ]
    }
}