{
    "optimal_time": 62.0,
    "opt_compute_time:": 0.012963056564331055,
    "spt_time": 70,
    "spt_compute_time": 1.365421175956726,
    "lpt_time": 79,
    "lpt_compute_time": 1.4269757829606533,
    "n_jobs": 6,
    "n_resources": 6,
    "n_ops_per_job": 6,
    "max_op_time": 11,
    "jssp_identification": "6x6_3927_inst.json",
    "solution_optimality": "OPTIMAL",
    "jssp_instance": {
        "durations": [
            [
                5,
                2,
                6,
                10,
                9,
                5
            ],
            [
                8,
                8,
                3,
                2,
                2,
                10
            ],
            [
                1,
                7,
                8,
                10,
                9,
                10
            ],
            [
                2,
                3,
                10,
                10,
                2,
                2
            ],
            [
                8,
                8,
                4,
                6,
                11,
                4
            ],
            [
                7,
                4,
                10,
                3,
                1,
                9
            ]
        ],
        "machines": [
            [
                5,
                3,
                4,
                0,
                1,
                2
            ],
            [
                3,
                0,
                1,
                4,
                2,
                5
            ],
            [
                0,
                2,
                5,
                1,
                3,
                4
            ],
            [
                1,
                3,
                5,
                0,
                4,
                2
            ],
            [
                3,
                5,
                2,
                0,
                4,
                1
            ],
            [
                1,
                0,
                5,
                3,
                2,
                4
            ]
        ]
    }
}