{
    "optimal_time": 49.0,
    "opt_compute_time:": 0.015099717304110527,
    "spt_time": 63,
    "spt_compute_time": 1.1327986642718315,
    "lpt_time": 56,
    "lpt_compute_time": 1.145704261958599,
    "n_jobs": 6,
    "n_resources": 6,
    "n_ops_per_job": 6,
    "max_op_time": 11,
    "jssp_identification": "6x6_3830_inst.json",
    "solution_optimality": "OPTIMAL",
    "jssp_instance": {
        "durations": [
            [
                1,
                3,
                3,
                8,
                10,
                2
            ],
            [
                2,
                3,
                6,
                5,
                10,
                5
            ],
            [
                2,
                1,
                8,
                4,
                9,
                9
            ],
            [
                9,
                6,
                8,
                3,
                4,
                9
            ],
            [
                2,
                1,
                5,
                10,
                3,
                7
            ],
            [
                6,
                5,
                3,
                4,
                1,
                8
            ]
        ],
        "machines": [
            [
                3,
                4,
                1,
                0,
                2,
                5
            ],
            [
                2,
                5,
                1,
                0,
                3,
                4
            ],
            [
                4,
                2,
                5,
                1,
                0,
                3
            ],
            [
                4,
                0,
                3,
                5,
                1,
                2
            ],
            [
                4,
                2,
                1,
                3,
                0,
                5
            ],
            [
                0,
                2,
                4,
                5,
                3,
                1
            ]
        ]
    }
}