{
    "optimal_time": 64.0,
    "opt_compute_time:": 0.02286280132830143,
    "spt_time": 71,
    "spt_compute_time": 1.3605234883725643,
    "lpt_time": 86,
    "lpt_compute_time": 1.6145655401051044,
    "n_jobs": 6,
    "n_resources": 6,
    "n_ops_per_job": 6,
    "max_op_time": 11,
    "jssp_identification": "6x6_2112_inst.json",
    "solution_optimality": "OPTIMAL",
    "jssp_instance": {
        "durations": [
            [
                10,
                4,
                7,
                10,
                1,
                2
            ],
            [
                10,
                11,
                9,
                2,
                3,
                10
            ],
            [
                8,
                11,
                9,
                4,
                10,
                1
            ],
            [
                1,
                8,
                11,
                6,
                3,
                4
            ],
            [
                9,
                6,
                10,
                1,
                11,
                9
            ],
            [
                8,
                3,
                1,
                5,
                11,
                4
            ]
        ],
        "machines": [
            [
                1,
                5,
                2,
                0,
                3,
                4
            ],
            [
                5,
                4,
                3,
                1,
                2,
                0
            ],
            [
                4,
                5,
                0,
                2,
                3,
                1
            ],
            [
                5,
                1,
                4,
                2,
                0,
                3
            ],
            [
                3,
                1,
                0,
                4,
                2,
                5
            ],
            [
                1,
                3,
                0,
                2,
                5,
                4
            ]
        ]
    }
}