{
    "optimal_time": 66.0,
    "spt_time": 71,
    "lpt_time": 75,
    "n_jobs": 6,
    "n_resources": 6,
    "n_ops_per_job": 6,
    "max_op_time": 11,
    "jssp_identification": "6x6_201_inst.json",
    "cp-sat_solver_time": 0.0200912180589512,
    "spt_compute_time": 2.0637379699619487,
    "lpt_compute_time": 2.3196782709565014,
    "jssp_instance": {
        "durations": [
            [
                6,
                10,
                3,
                3,
                10,
                1
            ],
            [
                7,
                3,
                10,
                9,
                2,
                6
            ],
            [
                4,
                7,
                2,
                9,
                10,
                8
            ],
            [
                8,
                7,
                10,
                8,
                5,
                9
            ],
            [
                11,
                6,
                4,
                2,
                6,
                9
            ],
            [
                2,
                5,
                2,
                10,
                11,
                4
            ]
        ],
        "machines": [
            [
                1,
                3,
                4,
                5,
                0,
                2
            ],
            [
                4,
                2,
                5,
                1,
                3,
                0
            ],
            [
                2,
                5,
                4,
                0,
                1,
                3
            ],
            [
                4,
                1,
                3,
                5,
                2,
                0
            ],
            [
                5,
                3,
                0,
                4,
                2,
                1
            ],
            [
                2,
                4,
                5,
                3,
                0,
                1
            ]
        ]
    },
    "optimal_gantt_data": {
        "0": {
            "Job_num": 2,
            "Mach_num": 0,
            "Job_time": 9,
            "Start_time": 14
        },
        "1": {
            "Job_num": 5,
            "Mach_num": 0,
            "Job_time": 11,
            "Start_time": 26
        },
        "2": {
            "Job_num": 4,
            "Mach_num": 0,
            "Job_time": 4,
            "Start_time": 37
        },
        "3": {
            "Job_num": 0,
            "Mach_num": 0,
            "Job_time": 10,
            "Start_time": 41
        },
        "4": {
            "Job_num": 1,
            "Mach_num": 0,
            "Job_time": 6,
            "Start_time": 51
        },
        "5": {
            "Job_num": 3,
            "Mach_num": 0,
            "Job_time": 9,
            "Start_time": 57
        },
        "6": {
            "Job_num": 0,
            "Mach_num": 1,
            "Job_time": 6,
            "Start_time": 0
        },
        "7": {
            "Job_num": 3,
            "Mach_num": 1,
            "Job_time": 7,
            "Start_time": 22
        },
        "8": {
            "Job_num": 2,
            "Mach_num": 1,
            "Job_time": 10,
            "Start_time": 29
        },
        "9": {
            "Job_num": 1,
            "Mach_num": 1,
            "Job_time": 9,
            "Start_time": 39
        },
        "10": {
            "Job_num": 5,
            "Mach_num": 1,
            "Job_time": 4,
            "Start_time": 50
        },
        "11": {
            "Job_num": 4,
            "Mach_num": 1,
            "Job_time": 9,
            "Start_time": 57
        },
        "12": {
            "Job_num": 2,
            "Mach_num": 2,
            "Job_time": 4,
            "Start_time": 0
        },
        "13": {
            "Job_num": 5,
            "Mach_num": 2,
            "Job_time": 2,
            "Start_time": 4
        },
        "14": {
            "Job_num": 1,
            "Mach_num": 2,
            "Job_time": 3,
            "Start_time": 7
        },
        "15": {
            "Job_num": 4,
            "Mach_num": 2,
            "Job_time": 6,
            "Start_time": 43
        },
        "16": {
            "Job_num": 3,
            "Mach_num": 2,
            "Job_time": 5,
            "Start_time": 50
        },
        "17": {
            "Job_num": 0,
            "Mach_num": 2,
            "Job_time": 1,
            "Start_time": 60
        },
        "18": {
            "Job_num": 0,
            "Mach_num": 3,
            "Job_time": 10,
            "Start_time": 6
        },
        "19": {
            "Job_num": 5,
            "Mach_num": 3,
            "Job_time": 10,
            "Start_time": 16
        },
        "20": {
            "Job_num": 4,
            "Mach_num": 3,
            "Job_time": 6,
            "Start_time": 26
        },
        "21": {
            "Job_num": 3,
            "Mach_num": 3,
            "Job_time": 10,
            "Start_time": 32
        },
        "22": {
            "Job_num": 1,
            "Mach_num": 3,
            "Job_time": 2,
            "Start_time": 48
        },
        "23": {
            "Job_num": 2,
            "Mach_num": 3,
            "Job_time": 8,
            "Start_time": 50
        },
        "24": {
            "Job_num": 1,
            "Mach_num": 4,
            "Job_time": 7,
            "Start_time": 0
        },
        "25": {
            "Job_num": 5,
            "Mach_num": 4,
            "Job_time": 5,
            "Start_time": 7
        },
        "26": {
            "Job_num": 2,
            "Mach_num": 4,
            "Job_time": 2,
            "Start_time": 12
        },
        "27": {
            "Job_num": 3,
            "Mach_num": 4,
            "Job_time": 8,
            "Start_time": 14
        },
        "28": {
            "Job_num": 0,
            "Mach_num": 4,
            "Job_time": 3,
            "Start_time": 22
        },
        "29": {
            "Job_num": 4,
            "Mach_num": 4,
            "Job_time": 2,
            "Start_time": 41
        },
        "30": {
            "Job_num": 2,
            "Mach_num": 5,
            "Job_time": 7,
            "Start_time": 4
        },
        "31": {
            "Job_num": 5,
            "Mach_num": 5,
            "Job_time": 2,
            "Start_time": 12
        },
        "32": {
            "Job_num": 4,
            "Mach_num": 5,
            "Job_time": 11,
            "Start_time": 14
        },
        "33": {
            "Job_num": 0,
            "Mach_num": 5,
            "Job_time": 3,
            "Start_time": 25
        },
        "34": {
            "Job_num": 1,
            "Mach_num": 5,
            "Job_time": 10,
            "Start_time": 28
        },
        "35": {
            "Job_num": 3,
            "Mach_num": 5,
            "Job_time": 8,
            "Start_time": 42
        }
    }
}