{
    "optimal_time": 63.0,
    "spt_time": 74,
    "lpt_time": 73,
    "n_jobs": 6,
    "n_resources": 6,
    "n_ops_per_job": 6,
    "max_op_time": 11,
    "jssp_identification": "6x6_762_inst.json",
    "cp-sat_solver_time": 0.015347638982348144,
    "spt_compute_time": 1.8869495660765097,
    "lpt_compute_time": 2.221997741027735,
    "jssp_instance": {
        "durations": [
            [
                8,
                9,
                8,
                11,
                11,
                5
            ],
            [
                7,
                9,
                11,
                11,
                2,
                9
            ],
            [
                4,
                4,
                3,
                3,
                1,
                7
            ],
            [
                7,
                8,
                10,
                9,
                1,
                6
            ],
            [
                5,
                2,
                8,
                9,
                2,
                4
            ],
            [
                6,
                2,
                4,
                2,
                1,
                8
            ]
        ],
        "machines": [
            [
                4,
                3,
                1,
                0,
                2,
                5
            ],
            [
                5,
                4,
                1,
                0,
                2,
                3
            ],
            [
                4,
                5,
                2,
                3,
                0,
                1
            ],
            [
                3,
                5,
                0,
                2,
                4,
                1
            ],
            [
                4,
                2,
                0,
                5,
                3,
                1
            ],
            [
                2,
                3,
                0,
                1,
                5,
                4
            ]
        ]
    },
    "optimal_gantt_data": {
        "0": {
            "Job_num": 4,
            "Mach_num": 0,
            "Job_time": 8,
            "Start_time": 8
        },
        "1": {
            "Job_num": 5,
            "Mach_num": 0,
            "Job_time": 4,
            "Start_time": 16
        },
        "2": {
            "Job_num": 3,
            "Mach_num": 0,
            "Job_time": 10,
            "Start_time": 20
        },
        "3": {
            "Job_num": 0,
            "Mach_num": 0,
            "Job_time": 11,
            "Start_time": 30
        },
        "4": {
            "Job_num": 1,
            "Mach_num": 0,
            "Job_time": 11,
            "Start_time": 41
        },
        "5": {
            "Job_num": 2,
            "Mach_num": 0,
            "Job_time": 1,
            "Start_time": 52
        },
        "6": {
            "Job_num": 5,
            "Mach_num": 1,
            "Job_time": 2,
            "Start_time": 20
        },
        "7": {
            "Job_num": 0,
            "Mach_num": 1,
            "Job_time": 8,
            "Start_time": 22
        },
        "8": {
            "Job_num": 1,
            "Mach_num": 1,
            "Job_time": 11,
            "Start_time": 30
        },
        "9": {
            "Job_num": 3,
            "Mach_num": 1,
            "Job_time": 6,
            "Start_time": 41
        },
        "10": {
            "Job_num": 4,
            "Mach_num": 1,
            "Job_time": 4,
            "Start_time": 47
        },
        "11": {
            "Job_num": 2,
            "Mach_num": 1,
            "Job_time": 7,
            "Start_time": 53
        },
        "12": {
            "Job_num": 5,
            "Mach_num": 2,
            "Job_time": 6,
            "Start_time": 0
        },
        "13": {
            "Job_num": 4,
            "Mach_num": 2,
            "Job_time": 2,
            "Start_time": 6
        },
        "14": {
            "Job_num": 2,
            "Mach_num": 2,
            "Job_time": 3,
            "Start_time": 21
        },
        "15": {
            "Job_num": 3,
            "Mach_num": 2,
            "Job_time": 9,
            "Start_time": 31
        },
        "16": {
            "Job_num": 0,
            "Mach_num": 2,
            "Job_time": 11,
            "Start_time": 41
        },
        "17": {
            "Job_num": 1,
            "Mach_num": 2,
            "Job_time": 2,
            "Start_time": 52
        },
        "18": {
            "Job_num": 3,
            "Mach_num": 3,
            "Job_time": 7,
            "Start_time": 1
        },
        "19": {
            "Job_num": 5,
            "Mach_num": 3,
            "Job_time": 2,
            "Start_time": 8
        },
        "20": {
            "Job_num": 0,
            "Mach_num": 3,
            "Job_time": 9,
            "Start_time": 13
        },
        "21": {
            "Job_num": 2,
            "Mach_num": 3,
            "Job_time": 3,
            "Start_time": 24
        },
        "22": {
            "Job_num": 4,
            "Mach_num": 3,
            "Job_time": 2,
            "Start_time": 32
        },
        "23": {
            "Job_num": 1,
            "Mach_num": 3,
            "Job_time": 9,
            "Start_time": 54
        },
        "24": {
            "Job_num": 4,
            "Mach_num": 4,
            "Job_time": 5,
            "Start_time": 0
        },
        "25": {
            "Job_num": 0,
            "Mach_num": 4,
            "Job_time": 8,
            "Start_time": 5
        },
        "26": {
            "Job_num": 2,
            "Mach_num": 4,
            "Job_time": 4,
            "Start_time": 13
        },
        "27": {
            "Job_num": 1,
            "Mach_num": 4,
            "Job_time": 9,
            "Start_time": 17
        },
        "28": {
            "Job_num": 5,
            "Mach_num": 4,
            "Job_time": 8,
            "Start_time": 26
        },
        "29": {
            "Job_num": 3,
            "Mach_num": 4,
            "Job_time": 1,
            "Start_time": 40
        },
        "30": {
            "Job_num": 1,
            "Mach_num": 5,
            "Job_time": 7,
            "Start_time": 0
        },
        "31": {
            "Job_num": 3,
            "Mach_num": 5,
            "Job_time": 8,
            "Start_time": 8
        },
        "32": {
            "Job_num": 2,
            "Mach_num": 5,
            "Job_time": 4,
            "Start_time": 17
        },
        "33": {
            "Job_num": 5,
            "Mach_num": 5,
            "Job_time": 1,
            "Start_time": 22
        },
        "34": {
            "Job_num": 4,
            "Mach_num": 5,
            "Job_time": 9,
            "Start_time": 23
        },
        "35": {
            "Job_num": 0,
            "Mach_num": 5,
            "Job_time": 5,
            "Start_time": 54
        }
    }
}