{
    "optimal_time": 63.0,
    "opt_compute_time:": 0.014628428965806961,
    "spt_time": 65,
    "spt_compute_time": 1.2252271622419357,
    "lpt_time": 82,
    "lpt_compute_time": 1.4287761077284813,
    "n_jobs": 6,
    "n_resources": 6,
    "n_ops_per_job": 6,
    "max_op_time": 11,
    "jssp_identification": "6x6_3105_inst.json",
    "solution_optimality": "OPTIMAL",
    "jssp_instance": {
        "durations": [
            [
                11,
                9,
                7,
                4,
                2,
                9
            ],
            [
                11,
                8,
                1,
                4,
                4,
                1
            ],
            [
                3,
                3,
                8,
                9,
                4,
                5
            ],
            [
                9,
                7,
                8,
                1,
                9,
                11
            ],
            [
                10,
                11,
                6,
                5,
                2,
                5
            ],
            [
                9,
                5,
                5,
                11,
                3,
                5
            ]
        ],
        "machines": [
            [
                5,
                2,
                3,
                0,
                4,
                1
            ],
            [
                4,
                1,
                3,
                5,
                2,
                0
            ],
            [
                3,
                0,
                2,
                1,
                5,
                4
            ],
            [
                4,
                2,
                0,
                1,
                3,
                5
            ],
            [
                3,
                2,
                4,
                5,
                0,
                1
            ],
            [
                1,
                3,
                4,
                0,
                2,
                5
            ]
        ]
    }
}