{
    "optimal_time": 60.0,
    "spt_time": 76,
    "lpt_time": 74,
    "n_jobs": 6,
    "n_resources": 6,
    "n_ops_per_job": 6,
    "max_op_time": 11,
    "jssp_identification": "6x6_614_inst.json",
    "cp-sat_solver_time": 0.028188575990498066,
    "spt_compute_time": 2.002477181958966,
    "lpt_compute_time": 2.2941941720200703,
    "jssp_instance": {
        "durations": [
            [
                5,
                2,
                10,
                10,
                7,
                3
            ],
            [
                11,
                4,
                5,
                11,
                2,
                4
            ],
            [
                1,
                1,
                6,
                7,
                11,
                11
            ],
            [
                4,
                4,
                8,
                2,
                8,
                2
            ],
            [
                10,
                6,
                8,
                2,
                8,
                5
            ],
            [
                1,
                1,
                11,
                2,
                8,
                4
            ]
        ],
        "machines": [
            [
                3,
                2,
                4,
                0,
                5,
                1
            ],
            [
                0,
                2,
                4,
                3,
                5,
                1
            ],
            [
                4,
                2,
                3,
                0,
                1,
                5
            ],
            [
                3,
                2,
                1,
                4,
                5,
                0
            ],
            [
                3,
                0,
                5,
                4,
                2,
                1
            ],
            [
                3,
                1,
                5,
                0,
                2,
                4
            ]
        ]
    },
    "optimal_gantt_data": {
        "0": {
            "Job_num": 1,
            "Mach_num": 0,
            "Job_time": 11,
            "Start_time": 0
        },
        "1": {
            "Job_num": 2,
            "Mach_num": 0,
            "Job_time": 7,
            "Start_time": 16
        },
        "2": {
            "Job_num": 5,
            "Mach_num": 0,
            "Job_time": 2,
            "Start_time": 23
        },
        "3": {
            "Job_num": 4,
            "Mach_num": 0,
            "Job_time": 6,
            "Start_time": 26
        },
        "4": {
            "Job_num": 0,
            "Mach_num": 0,
            "Job_time": 10,
            "Start_time": 32
        },
        "5": {
            "Job_num": 3,
            "Mach_num": 0,
            "Job_time": 2,
            "Start_time": 45
        },
        "6": {
            "Job_num": 5,
            "Mach_num": 1,
            "Job_time": 1,
            "Start_time": 10
        },
        "7": {
            "Job_num": 3,
            "Mach_num": 1,
            "Job_time": 8,
            "Start_time": 13
        },
        "8": {
            "Job_num": 2,
            "Mach_num": 1,
            "Job_time": 11,
            "Start_time": 34
        },
        "9": {
            "Job_num": 1,
            "Mach_num": 1,
            "Job_time": 4,
            "Start_time": 45
        },
        "10": {
            "Job_num": 0,
            "Mach_num": 1,
            "Job_time": 3,
            "Start_time": 49
        },
        "11": {
            "Job_num": 4,
            "Mach_num": 1,
            "Job_time": 5,
            "Start_time": 53
        },
        "12": {
            "Job_num": 2,
            "Mach_num": 2,
            "Job_time": 1,
            "Start_time": 1
        },
        "13": {
            "Job_num": 0,
            "Mach_num": 2,
            "Job_time": 2,
            "Start_time": 5
        },
        "14": {
            "Job_num": 3,
            "Mach_num": 2,
            "Job_time": 4,
            "Start_time": 9
        },
        "15": {
            "Job_num": 1,
            "Mach_num": 2,
            "Job_time": 4,
            "Start_time": 13
        },
        "16": {
            "Job_num": 5,
            "Mach_num": 2,
            "Job_time": 8,
            "Start_time": 37
        },
        "17": {
            "Job_num": 4,
            "Mach_num": 2,
            "Job_time": 8,
            "Start_time": 45
        },
        "18": {
            "Job_num": 0,
            "Mach_num": 3,
            "Job_time": 5,
            "Start_time": 0
        },
        "19": {
            "Job_num": 3,
            "Mach_num": 3,
            "Job_time": 4,
            "Start_time": 5
        },
        "20": {
            "Job_num": 5,
            "Mach_num": 3,
            "Job_time": 1,
            "Start_time": 9
        },
        "21": {
            "Job_num": 2,
            "Mach_num": 3,
            "Job_time": 6,
            "Start_time": 10
        },
        "22": {
            "Job_num": 4,
            "Mach_num": 3,
            "Job_time": 10,
            "Start_time": 16
        },
        "23": {
            "Job_num": 1,
            "Mach_num": 3,
            "Job_time": 11,
            "Start_time": 26
        },
        "24": {
            "Job_num": 2,
            "Mach_num": 4,
            "Job_time": 1,
            "Start_time": 0
        },
        "25": {
            "Job_num": 0,
            "Mach_num": 4,
            "Job_time": 10,
            "Start_time": 7
        },
        "26": {
            "Job_num": 1,
            "Mach_num": 4,
            "Job_time": 5,
            "Start_time": 17
        },
        "27": {
            "Job_num": 3,
            "Mach_num": 4,
            "Job_time": 2,
            "Start_time": 22
        },
        "28": {
            "Job_num": 4,
            "Mach_num": 4,
            "Job_time": 2,
            "Start_time": 40
        },
        "29": {
            "Job_num": 5,
            "Mach_num": 4,
            "Job_time": 4,
            "Start_time": 45
        },
        "30": {
            "Job_num": 5,
            "Mach_num": 5,
            "Job_time": 11,
            "Start_time": 11
        },
        "31": {
            "Job_num": 3,
            "Mach_num": 5,
            "Job_time": 8,
            "Start_time": 24
        },
        "32": {
            "Job_num": 4,
            "Mach_num": 5,
            "Job_time": 8,
            "Start_time": 32
        },
        "33": {
            "Job_num": 1,
            "Mach_num": 5,
            "Job_time": 2,
            "Start_time": 40
        },
        "34": {
            "Job_num": 0,
            "Mach_num": 5,
            "Job_time": 7,
            "Start_time": 42
        },
        "35": {
            "Job_num": 2,
            "Mach_num": 5,
            "Job_time": 11,
            "Start_time": 49
        }
    }
}