{
    "optimal_time": 58.0,
    "opt_compute_time:": 0.014401227235794067,
    "spt_time": 65,
    "spt_compute_time": 1.2043953109532595,
    "lpt_time": 60,
    "lpt_compute_time": 1.2108122445642948,
    "n_jobs": 6,
    "n_resources": 6,
    "n_ops_per_job": 6,
    "max_op_time": 11,
    "jssp_identification": "6x6_3710_inst.json",
    "solution_optimality": "OPTIMAL",
    "jssp_instance": {
        "durations": [
            [
                6,
                3,
                10,
                8,
                6,
                9
            ],
            [
                7,
                4,
                10,
                9,
                2,
                3
            ],
            [
                6,
                1,
                11,
                2,
                10,
                9
            ],
            [
                2,
                10,
                5,
                6,
                5,
                9
            ],
            [
                7,
                3,
                8,
                6,
                1,
                10
            ],
            [
                8,
                7,
                3,
                8,
                9,
                9
            ]
        ],
        "machines": [
            [
                2,
                5,
                0,
                1,
                3,
                4
            ],
            [
                4,
                0,
                3,
                2,
                1,
                5
            ],
            [
                0,
                4,
                5,
                3,
                2,
                1
            ],
            [
                1,
                4,
                3,
                2,
                0,
                5
            ],
            [
                2,
                5,
                4,
                1,
                3,
                0
            ],
            [
                3,
                2,
                5,
                1,
                4,
                0
            ]
        ]
    }
}