{
    "optimal_time": 60.0,
    "opt_compute_time:": 0.029411977156996727,
    "spt_time": 84,
    "spt_compute_time": 1.4875849541276693,
    "lpt_time": 68,
    "lpt_compute_time": 1.3061434049159288,
    "n_jobs": 6,
    "n_resources": 6,
    "n_ops_per_job": 6,
    "max_op_time": 11,
    "jssp_identification": "6x6_2695_inst.json",
    "solution_optimality": "OPTIMAL",
    "jssp_instance": {
        "durations": [
            [
                3,
                10,
                10,
                1,
                6,
                7
            ],
            [
                6,
                7,
                5,
                5,
                3,
                5
            ],
            [
                11,
                9,
                11,
                6,
                8,
                5
            ],
            [
                2,
                5,
                3,
                7,
                1,
                3
            ],
            [
                6,
                6,
                7,
                8,
                11,
                5
            ],
            [
                7,
                6,
                5,
                4,
                3,
                4
            ]
        ],
        "machines": [
            [
                3,
                2,
                5,
                1,
                4,
                0
            ],
            [
                3,
                5,
                4,
                1,
                2,
                0
            ],
            [
                0,
                5,
                1,
                4,
                2,
                3
            ],
            [
                1,
                3,
                0,
                5,
                2,
                4
            ],
            [
                0,
                1,
                3,
                5,
                2,
                4
            ],
            [
                3,
                0,
                2,
                1,
                4,
                5
            ]
        ]
    }
}