{
    "optimal_time": 54.0,
    "opt_compute_time:": 0.02022566646337509,
    "spt_time": 56,
    "spt_compute_time": 1.1261309329420328,
    "lpt_time": 71,
    "lpt_compute_time": 1.481999782845378,
    "n_jobs": 6,
    "n_resources": 6,
    "n_ops_per_job": 6,
    "max_op_time": 11,
    "jssp_identification": "6x6_2969_inst.json",
    "solution_optimality": "OPTIMAL",
    "jssp_instance": {
        "durations": [
            [
                4,
                6,
                4,
                9,
                10,
                4
            ],
            [
                3,
                7,
                2,
                5,
                3,
                9
            ],
            [
                2,
                3,
                2,
                1,
                1,
                9
            ],
            [
                5,
                8,
                11,
                1,
                9,
                2
            ],
            [
                3,
                3,
                7,
                8,
                8,
                1
            ],
            [
                11,
                5,
                5,
                11,
                10,
                2
            ]
        ],
        "machines": [
            [
                5,
                3,
                0,
                1,
                2,
                4
            ],
            [
                2,
                1,
                3,
                5,
                0,
                4
            ],
            [
                5,
                3,
                0,
                4,
                1,
                2
            ],
            [
                3,
                2,
                0,
                4,
                5,
                1
            ],
            [
                2,
                4,
                0,
                1,
                5,
                3
            ],
            [
                1,
                0,
                5,
                3,
                4,
                2
            ]
        ]
    }
}