{
    "optimal_time": 49.0,
    "spt_time": 65,
    "lpt_time": 82,
    "n_jobs": 6,
    "n_resources": 6,
    "n_ops_per_job": 6,
    "max_op_time": 11,
    "jssp_identification": "6x6_352_inst.json",
    "cp-sat_solver_time": 0.013344348059035838,
    "spt_compute_time": 1.838460639002733,
    "lpt_compute_time": 1.7448756189551204,
    "jssp_instance": {
        "durations": [
            [
                10,
                4,
                11,
                10,
                4,
                4
            ],
            [
                1,
                7,
                8,
                11,
                7,
                10
            ],
            [
                8,
                1,
                9,
                10,
                4,
                4
            ],
            [
                1,
                4,
                7,
                1,
                11,
                4
            ],
            [
                3,
                7,
                4,
                10,
                3,
                3
            ],
            [
                8,
                1,
                6,
                3,
                5,
                1
            ]
        ],
        "machines": [
            [
                1,
                2,
                4,
                5,
                0,
                3
            ],
            [
                1,
                3,
                4,
                0,
                2,
                5
            ],
            [
                3,
                5,
                2,
                0,
                4,
                1
            ],
            [
                0,
                1,
                5,
                2,
                3,
                4
            ],
            [
                5,
                3,
                4,
                1,
                2,
                0
            ],
            [
                4,
                5,
                1,
                3,
                0,
                2
            ]
        ]
    },
    "optimal_gantt_data": {
        "0": {
            "Job_num": 3,
            "Mach_num": 0,
            "Job_time": 1,
            "Start_time": 0
        },
        "1": {
            "Job_num": 1,
            "Mach_num": 0,
            "Job_time": 11,
            "Start_time": 16
        },
        "2": {
            "Job_num": 2,
            "Mach_num": 0,
            "Job_time": 10,
            "Start_time": 27
        },
        "3": {
            "Job_num": 0,
            "Mach_num": 0,
            "Job_time": 4,
            "Start_time": 37
        },
        "4": {
            "Job_num": 5,
            "Mach_num": 0,
            "Job_time": 5,
            "Start_time": 41
        },
        "5": {
            "Job_num": 4,
            "Mach_num": 0,
            "Job_time": 3,
            "Start_time": 46
        },
        "6": {
            "Job_num": 1,
            "Mach_num": 1,
            "Job_time": 1,
            "Start_time": 0
        },
        "7": {
            "Job_num": 0,
            "Mach_num": 1,
            "Job_time": 10,
            "Start_time": 1
        },
        "8": {
            "Job_num": 3,
            "Mach_num": 1,
            "Job_time": 4,
            "Start_time": 11
        },
        "9": {
            "Job_num": 5,
            "Mach_num": 1,
            "Job_time": 6,
            "Start_time": 15
        },
        "10": {
            "Job_num": 4,
            "Mach_num": 1,
            "Job_time": 10,
            "Start_time": 31
        },
        "11": {
            "Job_num": 2,
            "Mach_num": 1,
            "Job_time": 4,
            "Start_time": 41
        },
        "12": {
            "Job_num": 0,
            "Mach_num": 2,
            "Job_time": 4,
            "Start_time": 11
        },
        "13": {
            "Job_num": 2,
            "Mach_num": 2,
            "Job_time": 9,
            "Start_time": 17
        },
        "14": {
            "Job_num": 3,
            "Mach_num": 2,
            "Job_time": 1,
            "Start_time": 26
        },
        "15": {
            "Job_num": 1,
            "Mach_num": 2,
            "Job_time": 7,
            "Start_time": 27
        },
        "16": {
            "Job_num": 4,
            "Mach_num": 2,
            "Job_time": 3,
            "Start_time": 41
        },
        "17": {
            "Job_num": 5,
            "Mach_num": 2,
            "Job_time": 1,
            "Start_time": 46
        },
        "18": {
            "Job_num": 1,
            "Mach_num": 3,
            "Job_time": 7,
            "Start_time": 1
        },
        "19": {
            "Job_num": 2,
            "Mach_num": 3,
            "Job_time": 8,
            "Start_time": 8
        },
        "20": {
            "Job_num": 4,
            "Mach_num": 3,
            "Job_time": 7,
            "Start_time": 16
        },
        "21": {
            "Job_num": 5,
            "Mach_num": 3,
            "Job_time": 3,
            "Start_time": 23
        },
        "22": {
            "Job_num": 3,
            "Mach_num": 3,
            "Job_time": 11,
            "Start_time": 27
        },
        "23": {
            "Job_num": 0,
            "Mach_num": 3,
            "Job_time": 4,
            "Start_time": 43
        },
        "24": {
            "Job_num": 5,
            "Mach_num": 4,
            "Job_time": 8,
            "Start_time": 0
        },
        "25": {
            "Job_num": 1,
            "Mach_num": 4,
            "Job_time": 8,
            "Start_time": 8
        },
        "26": {
            "Job_num": 0,
            "Mach_num": 4,
            "Job_time": 11,
            "Start_time": 16
        },
        "27": {
            "Job_num": 4,
            "Mach_num": 4,
            "Job_time": 4,
            "Start_time": 27
        },
        "28": {
            "Job_num": 2,
            "Mach_num": 4,
            "Job_time": 4,
            "Start_time": 37
        },
        "29": {
            "Job_num": 3,
            "Mach_num": 4,
            "Job_time": 4,
            "Start_time": 41
        },
        "30": {
            "Job_num": 4,
            "Mach_num": 5,
            "Job_time": 3,
            "Start_time": 0
        },
        "31": {
            "Job_num": 5,
            "Mach_num": 5,
            "Job_time": 1,
            "Start_time": 8
        },
        "32": {
            "Job_num": 2,
            "Mach_num": 5,
            "Job_time": 1,
            "Start_time": 16
        },
        "33": {
            "Job_num": 3,
            "Mach_num": 5,
            "Job_time": 7,
            "Start_time": 17
        },
        "34": {
            "Job_num": 0,
            "Mach_num": 5,
            "Job_time": 10,
            "Start_time": 27
        },
        "35": {
            "Job_num": 1,
            "Mach_num": 5,
            "Job_time": 10,
            "Start_time": 37
        }
    }
}