{
    "optimal_time": 64.0,
    "spt_time": 71,
    "lpt_time": 68,
    "n_jobs": 6,
    "n_resources": 6,
    "n_ops_per_job": 6,
    "max_op_time": 11,
    "jssp_identification": "6x6_245_inst.json",
    "cp-sat_solver_time": 0.01828056399244815,
    "spt_compute_time": 1.7729425460565835,
    "lpt_compute_time": 1.8867734870873392,
    "jssp_instance": {
        "durations": [
            [
                4,
                10,
                1,
                11,
                1,
                7
            ],
            [
                11,
                8,
                8,
                11,
                7,
                3
            ],
            [
                11,
                8,
                6,
                2,
                1,
                3
            ],
            [
                11,
                11,
                8,
                6,
                8,
                6
            ],
            [
                7,
                11,
                2,
                7,
                1,
                7
            ],
            [
                11,
                6,
                6,
                4,
                8,
                10
            ]
        ],
        "machines": [
            [
                4,
                2,
                1,
                3,
                0,
                5
            ],
            [
                3,
                0,
                1,
                5,
                4,
                2
            ],
            [
                0,
                4,
                3,
                5,
                1,
                2
            ],
            [
                5,
                0,
                1,
                4,
                2,
                3
            ],
            [
                5,
                1,
                0,
                2,
                3,
                4
            ],
            [
                3,
                5,
                2,
                1,
                4,
                0
            ]
        ]
    },
    "optimal_gantt_data": {
        "0": {
            "Job_num": 2,
            "Mach_num": 0,
            "Job_time": 11,
            "Start_time": 0
        },
        "1": {
            "Job_num": 1,
            "Mach_num": 0,
            "Job_time": 8,
            "Start_time": 11
        },
        "2": {
            "Job_num": 4,
            "Mach_num": 0,
            "Job_time": 2,
            "Start_time": 19
        },
        "3": {
            "Job_num": 3,
            "Mach_num": 0,
            "Job_time": 11,
            "Start_time": 21
        },
        "4": {
            "Job_num": 0,
            "Mach_num": 0,
            "Job_time": 1,
            "Start_time": 51
        },
        "5": {
            "Job_num": 5,
            "Mach_num": 0,
            "Job_time": 10,
            "Start_time": 54
        },
        "6": {
            "Job_num": 4,
            "Mach_num": 1,
            "Job_time": 11,
            "Start_time": 7
        },
        "7": {
            "Job_num": 0,
            "Mach_num": 1,
            "Job_time": 1,
            "Start_time": 18
        },
        "8": {
            "Job_num": 1,
            "Mach_num": 1,
            "Job_time": 8,
            "Start_time": 20
        },
        "9": {
            "Job_num": 3,
            "Mach_num": 1,
            "Job_time": 8,
            "Start_time": 32
        },
        "10": {
            "Job_num": 5,
            "Mach_num": 1,
            "Job_time": 4,
            "Start_time": 40
        },
        "11": {
            "Job_num": 2,
            "Mach_num": 1,
            "Job_time": 1,
            "Start_time": 48
        },
        "12": {
            "Job_num": 0,
            "Mach_num": 2,
            "Job_time": 10,
            "Start_time": 4
        },
        "13": {
            "Job_num": 4,
            "Mach_num": 2,
            "Job_time": 7,
            "Start_time": 21
        },
        "14": {
            "Job_num": 5,
            "Mach_num": 2,
            "Job_time": 6,
            "Start_time": 28
        },
        "15": {
            "Job_num": 3,
            "Mach_num": 2,
            "Job_time": 8,
            "Start_time": 46
        },
        "16": {
            "Job_num": 2,
            "Mach_num": 2,
            "Job_time": 3,
            "Start_time": 54
        },
        "17": {
            "Job_num": 1,
            "Mach_num": 2,
            "Job_time": 3,
            "Start_time": 61
        },
        "18": {
            "Job_num": 1,
            "Mach_num": 3,
            "Job_time": 11,
            "Start_time": 0
        },
        "19": {
            "Job_num": 5,
            "Mach_num": 3,
            "Job_time": 11,
            "Start_time": 11
        },
        "20": {
            "Job_num": 4,
            "Mach_num": 3,
            "Job_time": 1,
            "Start_time": 28
        },
        "21": {
            "Job_num": 2,
            "Mach_num": 3,
            "Job_time": 6,
            "Start_time": 34
        },
        "22": {
            "Job_num": 0,
            "Mach_num": 3,
            "Job_time": 11,
            "Start_time": 40
        },
        "23": {
            "Job_num": 3,
            "Mach_num": 3,
            "Job_time": 6,
            "Start_time": 54
        },
        "24": {
            "Job_num": 0,
            "Mach_num": 4,
            "Job_time": 4,
            "Start_time": 0
        },
        "25": {
            "Job_num": 2,
            "Mach_num": 4,
            "Job_time": 8,
            "Start_time": 11
        },
        "26": {
            "Job_num": 4,
            "Mach_num": 4,
            "Job_time": 7,
            "Start_time": 29
        },
        "27": {
            "Job_num": 3,
            "Mach_num": 4,
            "Job_time": 6,
            "Start_time": 40
        },
        "28": {
            "Job_num": 5,
            "Mach_num": 4,
            "Job_time": 8,
            "Start_time": 46
        },
        "29": {
            "Job_num": 1,
            "Mach_num": 4,
            "Job_time": 7,
            "Start_time": 54
        },
        "30": {
            "Job_num": 4,
            "Mach_num": 5,
            "Job_time": 7,
            "Start_time": 0
        },
        "31": {
            "Job_num": 3,
            "Mach_num": 5,
            "Job_time": 11,
            "Start_time": 7
        },
        "32": {
            "Job_num": 5,
            "Mach_num": 5,
            "Job_time": 6,
            "Start_time": 22
        },
        "33": {
            "Job_num": 1,
            "Mach_num": 5,
            "Job_time": 11,
            "Start_time": 35
        },
        "34": {
            "Job_num": 2,
            "Mach_num": 5,
            "Job_time": 2,
            "Start_time": 46
        },
        "35": {
            "Job_num": 0,
            "Mach_num": 5,
            "Job_time": 7,
            "Start_time": 52
        }
    }
}