{
    "optimal_time": 64.0,
    "opt_compute_time:": 0.012673411518335342,
    "spt_time": 66,
    "spt_compute_time": 1.2934221159666777,
    "lpt_time": 89,
    "lpt_compute_time": 1.5500619858503342,
    "n_jobs": 6,
    "n_resources": 6,
    "n_ops_per_job": 6,
    "max_op_time": 11,
    "jssp_identification": "6x6_3015_inst.json",
    "solution_optimality": "OPTIMAL",
    "jssp_instance": {
        "durations": [
            [
                10,
                1,
                4,
                4,
                4,
                3
            ],
            [
                10,
                5,
                2,
                5,
                11,
                8
            ],
            [
                11,
                9,
                5,
                11,
                1,
                7
            ],
            [
                11,
                9,
                2,
                10,
                5,
                9
            ],
            [
                9,
                10,
                5,
                3,
                10,
                4
            ],
            [
                8,
                5,
                3,
                3,
                4,
                4
            ]
        ],
        "machines": [
            [
                2,
                3,
                4,
                5,
                0,
                1
            ],
            [
                4,
                0,
                2,
                1,
                5,
                3
            ],
            [
                0,
                2,
                3,
                5,
                4,
                1
            ],
            [
                4,
                2,
                5,
                1,
                0,
                3
            ],
            [
                1,
                0,
                4,
                5,
                3,
                2
            ],
            [
                2,
                4,
                1,
                3,
                5,
                0
            ]
        ]
    }
}