{
    "optimal_time": 62.0,
    "opt_compute_time:": 0.03508143499493599,
    "spt_time": 68,
    "spt_compute_time": 1.358706958591938,
    "lpt_time": 75,
    "lpt_compute_time": 1.3888405598700047,
    "n_jobs": 6,
    "n_resources": 6,
    "n_ops_per_job": 6,
    "max_op_time": 11,
    "jssp_identification": "6x6_3344_inst.json",
    "solution_optimality": "OPTIMAL",
    "jssp_instance": {
        "durations": [
            [
                4,
                9,
                11,
                10,
                7,
                11
            ],
            [
                3,
                7,
                8,
                11,
                7,
                1
            ],
            [
                9,
                7,
                1,
                2,
                11,
                1
            ],
            [
                8,
                8,
                1,
                10,
                2,
                11
            ],
            [
                9,
                5,
                5,
                8,
                6,
                1
            ],
            [
                6,
                4,
                8,
                10,
                1,
                9
            ]
        ],
        "machines": [
            [
                1,
                4,
                0,
                3,
                5,
                2
            ],
            [
                4,
                2,
                3,
                1,
                0,
                5
            ],
            [
                4,
                1,
                2,
                0,
                3,
                5
            ],
            [
                1,
                3,
                2,
                5,
                4,
                0
            ],
            [
                5,
                1,
                4,
                2,
                3,
                0
            ],
            [
                5,
                3,
                4,
                1,
                0,
                2
            ]
        ]
    }
}