{
    "optimal_time": 63.0,
    "opt_compute_time:": 0.014176545664668083,
    "spt_time": 67,
    "spt_compute_time": 1.3095133863389492,
    "lpt_time": 83,
    "lpt_compute_time": 1.5899492762982845,
    "n_jobs": 6,
    "n_resources": 6,
    "n_ops_per_job": 6,
    "max_op_time": 11,
    "jssp_identification": "6x6_3332_inst.json",
    "solution_optimality": "OPTIMAL",
    "jssp_instance": {
        "durations": [
            [
                10,
                3,
                11,
                6,
                11,
                9
            ],
            [
                6,
                10,
                6,
                1,
                5,
                11
            ],
            [
                9,
                11,
                8,
                6,
                9,
                5
            ],
            [
                2,
                3,
                5,
                9,
                11,
                9
            ],
            [
                1,
                2,
                6,
                9,
                8,
                1
            ],
            [
                11,
                11,
                8,
                3,
                3,
                6
            ]
        ],
        "machines": [
            [
                0,
                2,
                4,
                3,
                1,
                5
            ],
            [
                5,
                3,
                2,
                1,
                0,
                4
            ],
            [
                1,
                0,
                4,
                3,
                5,
                2
            ],
            [
                0,
                3,
                2,
                4,
                1,
                5
            ],
            [
                3,
                4,
                2,
                5,
                0,
                1
            ],
            [
                3,
                5,
                0,
                2,
                1,
                4
            ]
        ]
    }
}