{
    "optimal_time": 57.0,
    "spt_time": 74,
    "lpt_time": 73,
    "n_jobs": 6,
    "n_resources": 6,
    "n_ops_per_job": 6,
    "max_op_time": 11,
    "jssp_identification": "6x6_173_inst.json",
    "cp-sat_solver_time": 0.015793268918059766,
    "spt_compute_time": 1.9350972869433463,
    "lpt_compute_time": 2.091555725899525,
    "jssp_instance": {
        "durations": [
            [
                7,
                11,
                1,
                7,
                10,
                5
            ],
            [
                2,
                10,
                6,
                7,
                10,
                2
            ],
            [
                6,
                2,
                3,
                5,
                2,
                1
            ],
            [
                6,
                6,
                6,
                4,
                4,
                7
            ],
            [
                8,
                8,
                8,
                7,
                9,
                2
            ],
            [
                10,
                5,
                5,
                2,
                4,
                2
            ]
        ],
        "machines": [
            [
                3,
                1,
                4,
                5,
                2,
                0
            ],
            [
                4,
                3,
                2,
                1,
                0,
                5
            ],
            [
                0,
                4,
                1,
                3,
                5,
                2
            ],
            [
                3,
                0,
                1,
                5,
                2,
                4
            ],
            [
                0,
                3,
                2,
                4,
                1,
                5
            ],
            [
                1,
                4,
                3,
                0,
                5,
                2
            ]
        ]
    },
    "optimal_gantt_data": {
        "0": {
            "Job_num": 4,
            "Mach_num": 0,
            "Job_time": 8,
            "Start_time": 0
        },
        "1": {
            "Job_num": 3,
            "Mach_num": 0,
            "Job_time": 6,
            "Start_time": 8
        },
        "2": {
            "Job_num": 2,
            "Mach_num": 0,
            "Job_time": 6,
            "Start_time": 14
        },
        "3": {
            "Job_num": 5,
            "Mach_num": 0,
            "Job_time": 2,
            "Start_time": 36
        },
        "4": {
            "Job_num": 1,
            "Mach_num": 0,
            "Job_time": 10,
            "Start_time": 41
        },
        "5": {
            "Job_num": 0,
            "Mach_num": 0,
            "Job_time": 5,
            "Start_time": 52
        },
        "6": {
            "Job_num": 5,
            "Mach_num": 1,
            "Job_time": 10,
            "Start_time": 0
        },
        "7": {
            "Job_num": 3,
            "Mach_num": 1,
            "Job_time": 6,
            "Start_time": 14
        },
        "8": {
            "Job_num": 0,
            "Mach_num": 1,
            "Job_time": 11,
            "Start_time": 23
        },
        "9": {
            "Job_num": 1,
            "Mach_num": 1,
            "Job_time": 7,
            "Start_time": 34
        },
        "10": {
            "Job_num": 2,
            "Mach_num": 1,
            "Job_time": 3,
            "Start_time": 41
        },
        "11": {
            "Job_num": 4,
            "Mach_num": 1,
            "Job_time": 9,
            "Start_time": 46
        },
        "12": {
            "Job_num": 1,
            "Mach_num": 2,
            "Job_time": 6,
            "Start_time": 16
        },
        "13": {
            "Job_num": 3,
            "Mach_num": 2,
            "Job_time": 4,
            "Start_time": 24
        },
        "14": {
            "Job_num": 4,
            "Mach_num": 2,
            "Job_time": 8,
            "Start_time": 31
        },
        "15": {
            "Job_num": 0,
            "Mach_num": 2,
            "Job_time": 10,
            "Start_time": 42
        },
        "16": {
            "Job_num": 2,
            "Mach_num": 2,
            "Job_time": 1,
            "Start_time": 52
        },
        "17": {
            "Job_num": 5,
            "Mach_num": 2,
            "Job_time": 2,
            "Start_time": 53
        },
        "18": {
            "Job_num": 3,
            "Mach_num": 3,
            "Job_time": 6,
            "Start_time": 0
        },
        "19": {
            "Job_num": 1,
            "Mach_num": 3,
            "Job_time": 10,
            "Start_time": 6
        },
        "20": {
            "Job_num": 0,
            "Mach_num": 3,
            "Job_time": 7,
            "Start_time": 16
        },
        "21": {
            "Job_num": 4,
            "Mach_num": 3,
            "Job_time": 8,
            "Start_time": 23
        },
        "22": {
            "Job_num": 5,
            "Mach_num": 3,
            "Job_time": 5,
            "Start_time": 31
        },
        "23": {
            "Job_num": 2,
            "Mach_num": 3,
            "Job_time": 5,
            "Start_time": 44
        },
        "24": {
            "Job_num": 1,
            "Mach_num": 4,
            "Job_time": 2,
            "Start_time": 0
        },
        "25": {
            "Job_num": 5,
            "Mach_num": 4,
            "Job_time": 5,
            "Start_time": 10
        },
        "26": {
            "Job_num": 2,
            "Mach_num": 4,
            "Job_time": 2,
            "Start_time": 20
        },
        "27": {
            "Job_num": 0,
            "Mach_num": 4,
            "Job_time": 1,
            "Start_time": 34
        },
        "28": {
            "Job_num": 4,
            "Mach_num": 4,
            "Job_time": 7,
            "Start_time": 39
        },
        "29": {
            "Job_num": 3,
            "Mach_num": 4,
            "Job_time": 7,
            "Start_time": 46
        },
        "30": {
            "Job_num": 3,
            "Mach_num": 5,
            "Job_time": 4,
            "Start_time": 20
        },
        "31": {
            "Job_num": 0,
            "Mach_num": 5,
            "Job_time": 7,
            "Start_time": 35
        },
        "32": {
            "Job_num": 5,
            "Mach_num": 5,
            "Job_time": 4,
            "Start_time": 42
        },
        "33": {
            "Job_num": 2,
            "Mach_num": 5,
            "Job_time": 2,
            "Start_time": 49
        },
        "34": {
            "Job_num": 1,
            "Mach_num": 5,
            "Job_time": 2,
            "Start_time": 51
        },
        "35": {
            "Job_num": 4,
            "Mach_num": 5,
            "Job_time": 2,
            "Start_time": 55
        }
    }
}