{
    "optimal_time": 50.0,
    "opt_compute_time:": 0.013461953029036522,
    "spt_time": 53,
    "spt_compute_time": 0.9645076394081116,
    "lpt_time": 51,
    "lpt_compute_time": 1.0713114868849516,
    "n_jobs": 6,
    "n_resources": 6,
    "n_ops_per_job": 6,
    "max_op_time": 11,
    "jssp_identification": "6x6_2719_inst.json",
    "solution_optimality": "OPTIMAL",
    "jssp_instance": {
        "durations": [
            [
                2,
                4,
                4,
                11,
                7,
                3
            ],
            [
                4,
                2,
                4,
                2,
                3,
                4
            ],
            [
                2,
                10,
                11,
                11,
                3,
                6
            ],
            [
                2,
                8,
                8,
                2,
                4,
                8
            ],
            [
                2,
                3,
                6,
                6,
                9,
                9
            ],
            [
                5,
                5,
                8,
                6,
                5,
                5
            ]
        ],
        "machines": [
            [
                0,
                1,
                2,
                4,
                3,
                5
            ],
            [
                5,
                4,
                0,
                3,
                1,
                2
            ],
            [
                2,
                3,
                4,
                0,
                5,
                1
            ],
            [
                4,
                2,
                5,
                3,
                0,
                1
            ],
            [
                4,
                0,
                5,
                3,
                1,
                2
            ],
            [
                1,
                3,
                5,
                4,
                2,
                0
            ]
        ]
    }
}