{
    "optimal_time": 50.0,
    "opt_compute_time:": 0.013880029320716858,
    "spt_time": 66,
    "spt_compute_time": 1.1406374983489513,
    "lpt_time": 69,
    "lpt_compute_time": 1.316030751913786,
    "n_jobs": 6,
    "n_resources": 6,
    "n_ops_per_job": 6,
    "max_op_time": 11,
    "jssp_identification": "6x6_1518_inst.json",
    "solution_optimality": "OPTIMAL",
    "jssp_instance": {
        "durations": [
            [
                2,
                1,
                11,
                2,
                6,
                8
            ],
            [
                6,
                6,
                5,
                6,
                2,
                4
            ],
            [
                1,
                1,
                8,
                7,
                9,
                4
            ],
            [
                11,
                5,
                3,
                4,
                7,
                8
            ],
            [
                10,
                8,
                7,
                5,
                8,
                5
            ],
            [
                6,
                10,
                3,
                9,
                4,
                1
            ]
        ],
        "machines": [
            [
                5,
                2,
                3,
                1,
                4,
                0
            ],
            [
                2,
                1,
                5,
                4,
                3,
                0
            ],
            [
                5,
                4,
                0,
                3,
                2,
                1
            ],
            [
                0,
                4,
                3,
                2,
                1,
                5
            ],
            [
                4,
                3,
                5,
                1,
                0,
                2
            ],
            [
                2,
                0,
                3,
                4,
                5,
                1
            ]
        ]
    }
}