{
    "optimal_time": 56.0,
    "opt_compute_time:": 0.011237453669309616,
    "spt_time": 58,
    "spt_compute_time": 1.06517886929214,
    "lpt_time": 66,
    "lpt_compute_time": 1.2733513135463,
    "n_jobs": 6,
    "n_resources": 6,
    "n_ops_per_job": 6,
    "max_op_time": 11,
    "jssp_identification": "6x6_1899_inst.json",
    "solution_optimality": "OPTIMAL",
    "jssp_instance": {
        "durations": [
            [
                9,
                4,
                10,
                3,
                1,
                7
            ],
            [
                9,
                5,
                9,
                8,
                3,
                6
            ],
            [
                10,
                1,
                5,
                3,
                3,
                8
            ],
            [
                9,
                5,
                6,
                4,
                10,
                4
            ],
            [
                1,
                11,
                4,
                10,
                9,
                3
            ],
            [
                2,
                10,
                2,
                1,
                4,
                1
            ]
        ],
        "machines": [
            [
                5,
                0,
                2,
                3,
                1,
                4
            ],
            [
                1,
                2,
                4,
                0,
                3,
                5
            ],
            [
                1,
                5,
                2,
                0,
                3,
                4
            ],
            [
                4,
                0,
                3,
                2,
                1,
                5
            ],
            [
                3,
                2,
                5,
                4,
                0,
                1
            ],
            [
                5,
                2,
                3,
                0,
                4,
                1
            ]
        ]
    }
}