{
    "optimal_time": 54.0,
    "spt_time": 62,
    "lpt_time": 55,
    "n_jobs": 6,
    "n_resources": 6,
    "n_ops_per_job": 6,
    "max_op_time": 10,
    "jssp_identification": "6x6_413_inst.json",
    "cp-sat_solver_time": 0.0204085010336712,
    "spt_compute_time": 1.9556628389982507,
    "lpt_compute_time": 1.488676527980715,
    "jssp_instance": {
        "durations": [
            [
                1,
                8,
                6,
                8,
                5,
                9
            ],
            [
                3,
                4,
                5,
                9,
                10,
                10
            ],
            [
                8,
                4,
                10,
                1,
                5,
                3
            ],
            [
                4,
                9,
                2,
                4,
                1,
                5
            ],
            [
                2,
                1,
                5,
                4,
                2,
                1
            ],
            [
                2,
                9,
                7,
                3,
                1,
                8
            ]
        ],
        "machines": [
            [
                3,
                4,
                0,
                5,
                1,
                2
            ],
            [
                0,
                4,
                3,
                1,
                5,
                2
            ],
            [
                1,
                5,
                2,
                3,
                0,
                4
            ],
            [
                4,
                1,
                5,
                0,
                2,
                3
            ],
            [
                2,
                3,
                1,
                4,
                5,
                0
            ],
            [
                4,
                2,
                3,
                1,
                0,
                5
            ]
        ]
    },
    "optimal_gantt_data": {
        "0": {
            "Job_num": 1,
            "Mach_num": 0,
            "Job_time": 3,
            "Start_time": 0
        },
        "1": {
            "Job_num": 0,
            "Mach_num": 0,
            "Job_time": 6,
            "Start_time": 12
        },
        "2": {
            "Job_num": 3,
            "Mach_num": 0,
            "Job_time": 4,
            "Start_time": 19
        },
        "3": {
            "Job_num": 2,
            "Mach_num": 0,
            "Job_time": 5,
            "Start_time": 23
        },
        "4": {
            "Job_num": 5,
            "Mach_num": 0,
            "Job_time": 1,
            "Start_time": 41
        },
        "5": {
            "Job_num": 4,
            "Mach_num": 0,
            "Job_time": 1,
            "Start_time": 52
        },
        "6": {
            "Job_num": 2,
            "Mach_num": 1,
            "Job_time": 8,
            "Start_time": 0
        },
        "7": {
            "Job_num": 3,
            "Mach_num": 1,
            "Job_time": 9,
            "Start_time": 8
        },
        "8": {
            "Job_num": 1,
            "Mach_num": 1,
            "Job_time": 9,
            "Start_time": 21
        },
        "9": {
            "Job_num": 0,
            "Mach_num": 1,
            "Job_time": 5,
            "Start_time": 30
        },
        "10": {
            "Job_num": 5,
            "Mach_num": 1,
            "Job_time": 3,
            "Start_time": 38
        },
        "11": {
            "Job_num": 4,
            "Mach_num": 1,
            "Job_time": 5,
            "Start_time": 41
        },
        "12": {
            "Job_num": 4,
            "Mach_num": 2,
            "Job_time": 2,
            "Start_time": 0
        },
        "13": {
            "Job_num": 2,
            "Mach_num": 2,
            "Job_time": 10,
            "Start_time": 12
        },
        "14": {
            "Job_num": 5,
            "Mach_num": 2,
            "Job_time": 9,
            "Start_time": 22
        },
        "15": {
            "Job_num": 3,
            "Mach_num": 2,
            "Job_time": 1,
            "Start_time": 31
        },
        "16": {
            "Job_num": 0,
            "Mach_num": 2,
            "Job_time": 9,
            "Start_time": 35
        },
        "17": {
            "Job_num": 1,
            "Mach_num": 2,
            "Job_time": 10,
            "Start_time": 44
        },
        "18": {
            "Job_num": 0,
            "Mach_num": 3,
            "Job_time": 1,
            "Start_time": 0
        },
        "19": {
            "Job_num": 4,
            "Mach_num": 3,
            "Job_time": 1,
            "Start_time": 2
        },
        "20": {
            "Job_num": 1,
            "Mach_num": 3,
            "Job_time": 5,
            "Start_time": 16
        },
        "21": {
            "Job_num": 2,
            "Mach_num": 3,
            "Job_time": 1,
            "Start_time": 22
        },
        "22": {
            "Job_num": 5,
            "Mach_num": 3,
            "Job_time": 7,
            "Start_time": 31
        },
        "23": {
            "Job_num": 3,
            "Mach_num": 3,
            "Job_time": 5,
            "Start_time": 38
        },
        "24": {
            "Job_num": 3,
            "Mach_num": 4,
            "Job_time": 4,
            "Start_time": 0
        },
        "25": {
            "Job_num": 0,
            "Mach_num": 4,
            "Job_time": 8,
            "Start_time": 4
        },
        "26": {
            "Job_num": 1,
            "Mach_num": 4,
            "Job_time": 4,
            "Start_time": 12
        },
        "27": {
            "Job_num": 5,
            "Mach_num": 4,
            "Job_time": 2,
            "Start_time": 16
        },
        "28": {
            "Job_num": 2,
            "Mach_num": 4,
            "Job_time": 3,
            "Start_time": 28
        },
        "29": {
            "Job_num": 4,
            "Mach_num": 4,
            "Job_time": 4,
            "Start_time": 46
        },
        "30": {
            "Job_num": 2,
            "Mach_num": 5,
            "Job_time": 4,
            "Start_time": 8
        },
        "31": {
            "Job_num": 3,
            "Mach_num": 5,
            "Job_time": 2,
            "Start_time": 17
        },
        "32": {
            "Job_num": 0,
            "Mach_num": 5,
            "Job_time": 8,
            "Start_time": 19
        },
        "33": {
            "Job_num": 1,
            "Mach_num": 5,
            "Job_time": 10,
            "Start_time": 30
        },
        "34": {
            "Job_num": 5,
            "Mach_num": 5,
            "Job_time": 8,
            "Start_time": 42
        },
        "35": {
            "Job_num": 4,
            "Mach_num": 5,
            "Job_time": 2,
            "Start_time": 50
        }
    }
}