{
    "optimal_time": 58.0,
    "opt_compute_time:": 0.026138978078961372,
    "spt_time": 61,
    "spt_compute_time": 1.1656209006905556,
    "lpt_time": 76,
    "lpt_compute_time": 1.5198266692459583,
    "n_jobs": 6,
    "n_resources": 6,
    "n_ops_per_job": 6,
    "max_op_time": 11,
    "jssp_identification": "6x6_3138_inst.json",
    "solution_optimality": "OPTIMAL",
    "jssp_instance": {
        "durations": [
            [
                8,
                3,
                3,
                3,
                6,
                2
            ],
            [
                6,
                2,
                4,
                2,
                6,
                11
            ],
            [
                8,
                3,
                6,
                10,
                8,
                5
            ],
            [
                6,
                9,
                2,
                3,
                9,
                9
            ],
            [
                1,
                5,
                10,
                4,
                3,
                4
            ],
            [
                10,
                2,
                5,
                5,
                7,
                3
            ]
        ],
        "machines": [
            [
                2,
                5,
                3,
                0,
                4,
                1
            ],
            [
                1,
                5,
                2,
                0,
                3,
                4
            ],
            [
                3,
                5,
                2,
                0,
                1,
                4
            ],
            [
                1,
                3,
                5,
                2,
                0,
                4
            ],
            [
                4,
                1,
                5,
                0,
                2,
                3
            ],
            [
                3,
                4,
                5,
                0,
                2,
                1
            ]
        ]
    }
}