{
    "optimal_time": 61.0,
    "opt_compute_time:": 0.018748940899968147,
    "spt_time": 82,
    "spt_compute_time": 1.3207927234470844,
    "lpt_time": 79,
    "lpt_compute_time": 1.5474565401673317,
    "n_jobs": 6,
    "n_resources": 6,
    "n_ops_per_job": 6,
    "max_op_time": 11,
    "jssp_identification": "6x6_1621_inst.json",
    "solution_optimality": "OPTIMAL",
    "jssp_instance": {
        "durations": [
            [
                4,
                10,
                9,
                8,
                7,
                8
            ],
            [
                10,
                10,
                4,
                2,
                1,
                4
            ],
            [
                10,
                7,
                6,
                6,
                5,
                10
            ],
            [
                8,
                5,
                5,
                9,
                4,
                11
            ],
            [
                11,
                7,
                1,
                2,
                2,
                8
            ],
            [
                8,
                6,
                4,
                4,
                2,
                7
            ]
        ],
        "machines": [
            [
                3,
                2,
                5,
                1,
                4,
                0
            ],
            [
                0,
                2,
                1,
                3,
                4,
                5
            ],
            [
                2,
                0,
                5,
                1,
                4,
                3
            ],
            [
                1,
                3,
                0,
                4,
                2,
                5
            ],
            [
                0,
                1,
                2,
                5,
                3,
                4
            ],
            [
                2,
                5,
                0,
                3,
                1,
                4
            ]
        ]
    }
}