{
    "optimal_time": 55.0,
    "opt_compute_time:": 0.01612727716565132,
    "spt_time": 67,
    "spt_compute_time": 1.164440892636776,
    "lpt_time": 69,
    "lpt_compute_time": 1.2524452339857817,
    "n_jobs": 6,
    "n_resources": 6,
    "n_ops_per_job": 6,
    "max_op_time": 11,
    "jssp_identification": "6x6_2224_inst.json",
    "solution_optimality": "OPTIMAL",
    "jssp_instance": {
        "durations": [
            [
                7,
                3,
                2,
                10,
                10,
                2
            ],
            [
                1,
                4,
                10,
                10,
                9,
                2
            ],
            [
                4,
                8,
                2,
                5,
                7,
                2
            ],
            [
                11,
                5,
                3,
                3,
                8,
                7
            ],
            [
                1,
                7,
                1,
                3,
                4,
                10
            ],
            [
                9,
                7,
                10,
                2,
                8,
                3
            ]
        ],
        "machines": [
            [
                5,
                3,
                2,
                4,
                1,
                0
            ],
            [
                3,
                0,
                1,
                4,
                5,
                2
            ],
            [
                3,
                1,
                0,
                5,
                4,
                2
            ],
            [
                4,
                1,
                2,
                5,
                3,
                0
            ],
            [
                3,
                2,
                5,
                0,
                4,
                1
            ],
            [
                0,
                1,
                2,
                5,
                4,
                3
            ]
        ]
    }
}