{
    "optimal_time": 51.0,
    "opt_compute_time:": 0.016127610579133034,
    "spt_time": 59,
    "spt_compute_time": 1.1394217517226934,
    "lpt_time": 84,
    "lpt_compute_time": 1.1763761658221483,
    "n_jobs": 6,
    "n_resources": 6,
    "n_ops_per_job": 6,
    "max_op_time": 11,
    "jssp_identification": "6x6_3527_inst.json",
    "solution_optimality": "OPTIMAL",
    "jssp_instance": {
        "durations": [
            [
                7,
                8,
                5,
                9,
                5,
                3
            ],
            [
                6,
                7,
                1,
                1,
                1,
                4
            ],
            [
                2,
                1,
                10,
                2,
                1,
                8
            ],
            [
                11,
                4,
                9,
                3,
                8,
                3
            ],
            [
                2,
                8,
                6,
                4,
                10,
                11
            ],
            [
                10,
                11,
                2,
                1,
                7,
                5
            ]
        ],
        "machines": [
            [
                0,
                4,
                3,
                2,
                1,
                5
            ],
            [
                1,
                0,
                3,
                4,
                5,
                2
            ],
            [
                1,
                4,
                0,
                5,
                3,
                2
            ],
            [
                2,
                0,
                5,
                4,
                1,
                3
            ],
            [
                2,
                0,
                1,
                3,
                4,
                5
            ],
            [
                5,
                2,
                1,
                3,
                0,
                4
            ]
        ]
    }
}