{
    "optimal_time": 62.0,
    "opt_compute_time:": 0.011978091672062874,
    "spt_time": 71,
    "spt_compute_time": 1.3637230228632689,
    "lpt_time": 72,
    "lpt_compute_time": 1.4327903855592012,
    "n_jobs": 6,
    "n_resources": 6,
    "n_ops_per_job": 6,
    "max_op_time": 11,
    "jssp_identification": "6x6_2849_inst.json",
    "solution_optimality": "OPTIMAL",
    "jssp_instance": {
        "durations": [
            [
                4,
                7,
                6,
                1,
                1,
                7
            ],
            [
                10,
                9,
                3,
                3,
                9,
                11
            ],
            [
                4,
                9,
                9,
                2,
                10,
                11
            ],
            [
                5,
                6,
                1,
                5,
                9,
                7
            ],
            [
                1,
                3,
                11,
                8,
                1,
                8
            ],
            [
                3,
                6,
                5,
                2,
                10,
                9
            ]
        ],
        "machines": [
            [
                1,
                3,
                4,
                2,
                0,
                5
            ],
            [
                5,
                1,
                3,
                2,
                4,
                0
            ],
            [
                1,
                0,
                3,
                2,
                5,
                4
            ],
            [
                1,
                4,
                3,
                5,
                2,
                0
            ],
            [
                0,
                5,
                2,
                3,
                1,
                4
            ],
            [
                3,
                0,
                1,
                2,
                5,
                4
            ]
        ]
    }
}