{
    "optimal_time": 59.0,
    "opt_compute_time:": 0.024258583784103394,
    "spt_time": 64,
    "spt_compute_time": 1.2629649452865124,
    "lpt_time": 82,
    "lpt_compute_time": 1.5945601277053356,
    "n_jobs": 6,
    "n_resources": 6,
    "n_ops_per_job": 6,
    "max_op_time": 11,
    "jssp_identification": "6x6_3776_inst.json",
    "solution_optimality": "OPTIMAL",
    "jssp_instance": {
        "durations": [
            [
                1,
                1,
                2,
                11,
                2,
                10
            ],
            [
                2,
                9,
                8,
                1,
                11,
                1
            ],
            [
                10,
                8,
                9,
                1,
                6,
                2
            ],
            [
                3,
                7,
                8,
                1,
                2,
                10
            ],
            [
                6,
                8,
                5,
                5,
                3,
                2
            ],
            [
                9,
                8,
                1,
                7,
                3,
                11
            ]
        ],
        "machines": [
            [
                2,
                1,
                0,
                4,
                5,
                3
            ],
            [
                0,
                4,
                2,
                1,
                3,
                5
            ],
            [
                1,
                2,
                0,
                5,
                3,
                4
            ],
            [
                4,
                1,
                5,
                2,
                3,
                0
            ],
            [
                5,
                4,
                1,
                3,
                2,
                0
            ],
            [
                1,
                0,
                4,
                3,
                5,
                2
            ]
        ]
    }
}