{
    "optimal_time": 54.0,
    "opt_compute_time:": 0.01213722676038742,
    "spt_time": 66,
    "spt_compute_time": 1.2573439180850983,
    "lpt_time": 65,
    "lpt_compute_time": 1.2706890162080526,
    "n_jobs": 6,
    "n_resources": 6,
    "n_ops_per_job": 6,
    "max_op_time": 11,
    "jssp_identification": "6x6_3128_inst.json",
    "solution_optimality": "OPTIMAL",
    "jssp_instance": {
        "durations": [
            [
                1,
                10,
                8,
                11,
                3,
                3
            ],
            [
                8,
                9,
                8,
                11,
                4,
                9
            ],
            [
                10,
                4,
                2,
                4,
                3,
                1
            ],
            [
                9,
                8,
                1,
                11,
                8,
                4
            ],
            [
                6,
                9,
                10,
                4,
                7,
                1
            ],
            [
                8,
                3,
                2,
                4,
                2,
                5
            ]
        ],
        "machines": [
            [
                4,
                2,
                1,
                0,
                3,
                5
            ],
            [
                4,
                5,
                3,
                0,
                2,
                1
            ],
            [
                4,
                2,
                1,
                5,
                3,
                0
            ],
            [
                5,
                0,
                3,
                1,
                2,
                4
            ],
            [
                1,
                0,
                2,
                4,
                5,
                3
            ],
            [
                3,
                5,
                0,
                4,
                2,
                1
            ]
        ]
    }
}