{
    "optimal_time": 67.0,
    "opt_compute_time:": 0.011970844119787216,
    "spt_time": 88,
    "spt_compute_time": 1.822345644235611,
    "lpt_time": 86,
    "lpt_compute_time": 2.0240357983857393,
    "n_jobs": 6,
    "n_resources": 6,
    "n_ops_per_job": 6,
    "max_op_time": 11,
    "jssp_identification": "6x6_3744_inst.json",
    "solution_optimality": "OPTIMAL",
    "jssp_instance": {
        "durations": [
            [
                5,
                3,
                10,
                4,
                8,
                4
            ],
            [
                1,
                1,
                1,
                8,
                9,
                9
            ],
            [
                8,
                4,
                6,
                4,
                11,
                3
            ],
            [
                11,
                3,
                7,
                10,
                8,
                10
            ],
            [
                7,
                1,
                1,
                5,
                2,
                1
            ],
            [
                8,
                10,
                1,
                6,
                1,
                11
            ]
        ],
        "machines": [
            [
                1,
                3,
                2,
                5,
                0,
                4
            ],
            [
                0,
                1,
                2,
                3,
                5,
                4
            ],
            [
                0,
                1,
                5,
                2,
                4,
                3
            ],
            [
                5,
                1,
                0,
                2,
                3,
                4
            ],
            [
                4,
                5,
                3,
                0,
                2,
                1
            ],
            [
                1,
                5,
                3,
                0,
                2,
                4
            ]
        ]
    }
}