{
    "optimal_time": 66.0,
    "spt_time": 68,
    "lpt_time": 75,
    "n_jobs": 6,
    "n_resources": 6,
    "n_ops_per_job": 6,
    "max_op_time": 11,
    "jssp_identification": "6x6_958_inst.json",
    "cp-sat_solver_time": 0.02031297597568482,
    "spt_compute_time": 2.434360847924836,
    "lpt_compute_time": 2.5344894039444625,
    "jssp_instance": {
        "durations": [
            [
                2,
                9,
                11,
                10,
                1,
                10
            ],
            [
                1,
                11,
                3,
                5,
                5,
                6
            ],
            [
                3,
                7,
                9,
                8,
                5,
                5
            ],
            [
                3,
                3,
                4,
                9,
                6,
                9
            ],
            [
                2,
                8,
                1,
                10,
                2,
                4
            ],
            [
                1,
                10,
                8,
                4,
                11,
                7
            ]
        ],
        "machines": [
            [
                3,
                2,
                4,
                1,
                5,
                0
            ],
            [
                0,
                3,
                4,
                5,
                1,
                2
            ],
            [
                3,
                5,
                2,
                1,
                0,
                4
            ],
            [
                4,
                0,
                2,
                1,
                3,
                5
            ],
            [
                5,
                0,
                3,
                1,
                2,
                4
            ],
            [
                0,
                5,
                1,
                4,
                3,
                2
            ]
        ]
    },
    "optimal_gantt_data": {
        "0": {
            "Job_num": 5,
            "Mach_num": 0,
            "Job_time": 1,
            "Start_time": 0
        },
        "1": {
            "Job_num": 1,
            "Mach_num": 0,
            "Job_time": 1,
            "Start_time": 1
        },
        "2": {
            "Job_num": 3,
            "Mach_num": 0,
            "Job_time": 3,
            "Start_time": 3
        },
        "3": {
            "Job_num": 4,
            "Mach_num": 0,
            "Job_time": 8,
            "Start_time": 13
        },
        "4": {
            "Job_num": 2,
            "Mach_num": 0,
            "Job_time": 5,
            "Start_time": 40
        },
        "5": {
            "Job_num": 0,
            "Mach_num": 0,
            "Job_time": 10,
            "Start_time": 51
        },
        "6": {
            "Job_num": 3,
            "Mach_num": 1,
            "Job_time": 9,
            "Start_time": 10
        },
        "7": {
            "Job_num": 5,
            "Mach_num": 1,
            "Job_time": 8,
            "Start_time": 19
        },
        "8": {
            "Job_num": 1,
            "Mach_num": 1,
            "Job_time": 5,
            "Start_time": 27
        },
        "9": {
            "Job_num": 2,
            "Mach_num": 1,
            "Job_time": 8,
            "Start_time": 32
        },
        "10": {
            "Job_num": 0,
            "Mach_num": 1,
            "Job_time": 10,
            "Start_time": 40
        },
        "11": {
            "Job_num": 4,
            "Mach_num": 1,
            "Job_time": 10,
            "Start_time": 50
        },
        "12": {
            "Job_num": 3,
            "Mach_num": 2,
            "Job_time": 4,
            "Start_time": 6
        },
        "13": {
            "Job_num": 0,
            "Mach_num": 2,
            "Job_time": 9,
            "Start_time": 10
        },
        "14": {
            "Job_num": 2,
            "Mach_num": 2,
            "Job_time": 9,
            "Start_time": 20
        },
        "15": {
            "Job_num": 1,
            "Mach_num": 2,
            "Job_time": 6,
            "Start_time": 32
        },
        "16": {
            "Job_num": 5,
            "Mach_num": 2,
            "Job_time": 7,
            "Start_time": 45
        },
        "17": {
            "Job_num": 4,
            "Mach_num": 2,
            "Job_time": 2,
            "Start_time": 60
        },
        "18": {
            "Job_num": 0,
            "Mach_num": 3,
            "Job_time": 2,
            "Start_time": 0
        },
        "19": {
            "Job_num": 2,
            "Mach_num": 3,
            "Job_time": 3,
            "Start_time": 2
        },
        "20": {
            "Job_num": 1,
            "Mach_num": 3,
            "Job_time": 11,
            "Start_time": 5
        },
        "21": {
            "Job_num": 4,
            "Mach_num": 3,
            "Job_time": 1,
            "Start_time": 21
        },
        "22": {
            "Job_num": 3,
            "Mach_num": 3,
            "Job_time": 6,
            "Start_time": 22
        },
        "23": {
            "Job_num": 5,
            "Mach_num": 3,
            "Job_time": 11,
            "Start_time": 34
        },
        "24": {
            "Job_num": 3,
            "Mach_num": 4,
            "Job_time": 3,
            "Start_time": 0
        },
        "25": {
            "Job_num": 1,
            "Mach_num": 4,
            "Job_time": 3,
            "Start_time": 16
        },
        "26": {
            "Job_num": 0,
            "Mach_num": 4,
            "Job_time": 11,
            "Start_time": 19
        },
        "27": {
            "Job_num": 5,
            "Mach_num": 4,
            "Job_time": 4,
            "Start_time": 30
        },
        "28": {
            "Job_num": 2,
            "Mach_num": 4,
            "Job_time": 5,
            "Start_time": 45
        },
        "29": {
            "Job_num": 4,
            "Mach_num": 4,
            "Job_time": 4,
            "Start_time": 62
        },
        "30": {
            "Job_num": 5,
            "Mach_num": 5,
            "Job_time": 10,
            "Start_time": 1
        },
        "31": {
            "Job_num": 4,
            "Mach_num": 5,
            "Job_time": 2,
            "Start_time": 11
        },
        "32": {
            "Job_num": 2,
            "Mach_num": 5,
            "Job_time": 7,
            "Start_time": 13
        },
        "33": {
            "Job_num": 1,
            "Mach_num": 5,
            "Job_time": 5,
            "Start_time": 20
        },
        "34": {
            "Job_num": 3,
            "Mach_num": 5,
            "Job_time": 9,
            "Start_time": 28
        },
        "35": {
            "Job_num": 0,
            "Mach_num": 5,
            "Job_time": 1,
            "Start_time": 50
        }
    }
}