{
    "optimal_time": 56.0,
    "opt_compute_time:": 0.016762029379606247,
    "spt_time": 67,
    "spt_compute_time": 0.9967759717255831,
    "lpt_time": 85,
    "lpt_compute_time": 1.739885352551937,
    "n_jobs": 6,
    "n_resources": 6,
    "n_ops_per_job": 6,
    "max_op_time": 11,
    "jssp_identification": "6x6_1751_inst.json",
    "solution_optimality": "OPTIMAL",
    "jssp_instance": {
        "durations": [
            [
                7,
                10,
                3,
                4,
                4,
                10
            ],
            [
                4,
                10,
                9,
                7,
                11,
                6
            ],
            [
                2,
                1,
                7,
                4,
                3,
                10
            ],
            [
                6,
                1,
                5,
                4,
                4,
                8
            ],
            [
                5,
                6,
                9,
                4,
                11,
                9
            ],
            [
                7,
                8,
                4,
                11,
                5,
                2
            ]
        ],
        "machines": [
            [
                0,
                3,
                5,
                4,
                2,
                1
            ],
            [
                4,
                1,
                3,
                2,
                5,
                0
            ],
            [
                1,
                3,
                2,
                0,
                5,
                4
            ],
            [
                3,
                5,
                1,
                4,
                0,
                2
            ],
            [
                0,
                3,
                2,
                5,
                1,
                4
            ],
            [
                1,
                5,
                4,
                3,
                2,
                0
            ]
        ]
    }
}