{
    "optimal_time": 51.0,
    "spt_time": 65,
    "lpt_time": 63,
    "n_jobs": 6,
    "n_resources": 6,
    "n_ops_per_job": 6,
    "max_op_time": 11,
    "jssp_identification": "6x6_31_inst.json",
    "cp-sat_solver_time": 0.012816138099879026,
    "spt_compute_time": 1.5268954979255795,
    "lpt_compute_time": 1.671844786964357,
    "jssp_instance": {
        "durations": [
            [
                5,
                5,
                7,
                11,
                6,
                1
            ],
            [
                7,
                2,
                2,
                7,
                7,
                2
            ],
            [
                5,
                2,
                5,
                3,
                1,
                10
            ],
            [
                3,
                3,
                10,
                10,
                4,
                7
            ],
            [
                9,
                7,
                5,
                1,
                5,
                2
            ],
            [
                11,
                11,
                3,
                7,
                9,
                9
            ]
        ],
        "machines": [
            [
                4,
                0,
                1,
                2,
                5,
                3
            ],
            [
                3,
                0,
                1,
                5,
                4,
                2
            ],
            [
                5,
                1,
                2,
                3,
                4,
                0
            ],
            [
                0,
                3,
                4,
                1,
                5,
                2
            ],
            [
                1,
                0,
                2,
                5,
                4,
                3
            ],
            [
                2,
                0,
                3,
                5,
                4,
                1
            ]
        ]
    },
    "optimal_gantt_data": {
        "0": {
            "Job_num": 3,
            "Mach_num": 0,
            "Job_time": 3,
            "Start_time": 0
        },
        "1": {
            "Job_num": 0,
            "Mach_num": 0,
            "Job_time": 5,
            "Start_time": 5
        },
        "2": {
            "Job_num": 1,
            "Mach_num": 0,
            "Job_time": 2,
            "Start_time": 10
        },
        "3": {
            "Job_num": 5,
            "Mach_num": 0,
            "Job_time": 11,
            "Start_time": 12
        },
        "4": {
            "Job_num": 4,
            "Mach_num": 0,
            "Job_time": 7,
            "Start_time": 28
        },
        "5": {
            "Job_num": 2,
            "Mach_num": 0,
            "Job_time": 10,
            "Start_time": 35
        },
        "6": {
            "Job_num": 2,
            "Mach_num": 1,
            "Job_time": 2,
            "Start_time": 6
        },
        "7": {
            "Job_num": 0,
            "Mach_num": 1,
            "Job_time": 7,
            "Start_time": 10
        },
        "8": {
            "Job_num": 1,
            "Mach_num": 1,
            "Job_time": 2,
            "Start_time": 17
        },
        "9": {
            "Job_num": 4,
            "Mach_num": 1,
            "Job_time": 9,
            "Start_time": 19
        },
        "10": {
            "Job_num": 3,
            "Mach_num": 1,
            "Job_time": 10,
            "Start_time": 28
        },
        "11": {
            "Job_num": 5,
            "Mach_num": 1,
            "Job_time": 9,
            "Start_time": 42
        },
        "12": {
            "Job_num": 5,
            "Mach_num": 2,
            "Job_time": 11,
            "Start_time": 0
        },
        "13": {
            "Job_num": 2,
            "Mach_num": 2,
            "Job_time": 5,
            "Start_time": 12
        },
        "14": {
            "Job_num": 0,
            "Mach_num": 2,
            "Job_time": 11,
            "Start_time": 18
        },
        "15": {
            "Job_num": 1,
            "Mach_num": 2,
            "Job_time": 2,
            "Start_time": 33
        },
        "16": {
            "Job_num": 4,
            "Mach_num": 2,
            "Job_time": 5,
            "Start_time": 35
        },
        "17": {
            "Job_num": 3,
            "Mach_num": 2,
            "Job_time": 7,
            "Start_time": 43
        },
        "18": {
            "Job_num": 1,
            "Mach_num": 3,
            "Job_time": 7,
            "Start_time": 0
        },
        "19": {
            "Job_num": 3,
            "Mach_num": 3,
            "Job_time": 3,
            "Start_time": 7
        },
        "20": {
            "Job_num": 2,
            "Mach_num": 3,
            "Job_time": 3,
            "Start_time": 17
        },
        "21": {
            "Job_num": 5,
            "Mach_num": 3,
            "Job_time": 3,
            "Start_time": 23
        },
        "22": {
            "Job_num": 0,
            "Mach_num": 3,
            "Job_time": 1,
            "Start_time": 39
        },
        "23": {
            "Job_num": 4,
            "Mach_num": 3,
            "Job_time": 2,
            "Start_time": 49
        },
        "24": {
            "Job_num": 0,
            "Mach_num": 4,
            "Job_time": 5,
            "Start_time": 0
        },
        "25": {
            "Job_num": 3,
            "Mach_num": 4,
            "Job_time": 10,
            "Start_time": 10
        },
        "26": {
            "Job_num": 2,
            "Mach_num": 4,
            "Job_time": 1,
            "Start_time": 21
        },
        "27": {
            "Job_num": 1,
            "Mach_num": 4,
            "Job_time": 7,
            "Start_time": 26
        },
        "28": {
            "Job_num": 5,
            "Mach_num": 4,
            "Job_time": 9,
            "Start_time": 33
        },
        "29": {
            "Job_num": 4,
            "Mach_num": 4,
            "Job_time": 5,
            "Start_time": 44
        },
        "30": {
            "Job_num": 2,
            "Mach_num": 5,
            "Job_time": 5,
            "Start_time": 0
        },
        "31": {
            "Job_num": 1,
            "Mach_num": 5,
            "Job_time": 7,
            "Start_time": 19
        },
        "32": {
            "Job_num": 5,
            "Mach_num": 5,
            "Job_time": 7,
            "Start_time": 26
        },
        "33": {
            "Job_num": 0,
            "Mach_num": 5,
            "Job_time": 6,
            "Start_time": 33
        },
        "34": {
            "Job_num": 3,
            "Mach_num": 5,
            "Job_time": 4,
            "Start_time": 39
        },
        "35": {
            "Job_num": 4,
            "Mach_num": 5,
            "Job_time": 1,
            "Start_time": 43
        }
    }
}