{
    "optimal_time": 51.0,
    "opt_compute_time:": 0.02983764372766018,
    "spt_time": 57,
    "spt_compute_time": 0.9733121413737535,
    "lpt_time": 57,
    "lpt_compute_time": 1.077070226892829,
    "n_jobs": 6,
    "n_resources": 6,
    "n_ops_per_job": 6,
    "max_op_time": 11,
    "jssp_identification": "6x6_2511_inst.json",
    "solution_optimality": "OPTIMAL",
    "jssp_instance": {
        "durations": [
            [
                3,
                5,
                8,
                4,
                4,
                1
            ],
            [
                4,
                8,
                10,
                3,
                10,
                11
            ],
            [
                5,
                3,
                2,
                10,
                10,
                4
            ],
            [
                4,
                10,
                8,
                11,
                1,
                2
            ],
            [
                3,
                9,
                3,
                3,
                5,
                6
            ],
            [
                3,
                8,
                1,
                2,
                3,
                7
            ]
        ],
        "machines": [
            [
                1,
                2,
                0,
                4,
                5,
                3
            ],
            [
                4,
                0,
                3,
                5,
                1,
                2
            ],
            [
                3,
                1,
                0,
                2,
                4,
                5
            ],
            [
                0,
                4,
                5,
                1,
                3,
                2
            ],
            [
                2,
                3,
                5,
                0,
                1,
                4
            ],
            [
                4,
                1,
                3,
                2,
                0,
                5
            ]
        ]
    }
}