{
    "optimal_time": 57.0,
    "spt_time": 62,
    "lpt_time": 62,
    "n_jobs": 6,
    "n_resources": 6,
    "n_ops_per_job": 6,
    "max_op_time": 11,
    "jssp_identification": "6x6_529_inst.json",
    "cp-sat_solver_time": 0.01765508798416704,
    "spt_compute_time": 1.6078156660078093,
    "lpt_compute_time": 2.0230111769633368,
    "jssp_instance": {
        "durations": [
            [
                7,
                4,
                1,
                1,
                7,
                4
            ],
            [
                7,
                1,
                8,
                11,
                1,
                4
            ],
            [
                6,
                1,
                8,
                5,
                11,
                9
            ],
            [
                2,
                2,
                10,
                11,
                7,
                4
            ],
            [
                9,
                5,
                4,
                3,
                2,
                4
            ],
            [
                1,
                1,
                11,
                2,
                9,
                11
            ]
        ],
        "machines": [
            [
                2,
                4,
                1,
                3,
                0,
                5
            ],
            [
                5,
                0,
                3,
                2,
                1,
                4
            ],
            [
                1,
                4,
                3,
                0,
                2,
                5
            ],
            [
                4,
                3,
                5,
                2,
                1,
                0
            ],
            [
                5,
                0,
                1,
                4,
                2,
                3
            ],
            [
                1,
                4,
                2,
                3,
                0,
                5
            ]
        ]
    },
    "optimal_gantt_data": {
        "0": {
            "Job_num": 1,
            "Mach_num": 0,
            "Job_time": 1,
            "Start_time": 7
        },
        "1": {
            "Job_num": 0,
            "Mach_num": 0,
            "Job_time": 7,
            "Start_time": 14
        },
        "2": {
            "Job_num": 2,
            "Mach_num": 0,
            "Job_time": 5,
            "Start_time": 22
        },
        "3": {
            "Job_num": 5,
            "Mach_num": 0,
            "Job_time": 9,
            "Start_time": 27
        },
        "4": {
            "Job_num": 4,
            "Mach_num": 0,
            "Job_time": 5,
            "Start_time": 36
        },
        "5": {
            "Job_num": 3,
            "Mach_num": 0,
            "Job_time": 4,
            "Start_time": 46
        },
        "6": {
            "Job_num": 5,
            "Mach_num": 1,
            "Job_time": 1,
            "Start_time": 0
        },
        "7": {
            "Job_num": 2,
            "Mach_num": 1,
            "Job_time": 6,
            "Start_time": 1
        },
        "8": {
            "Job_num": 0,
            "Mach_num": 1,
            "Job_time": 1,
            "Start_time": 11
        },
        "9": {
            "Job_num": 3,
            "Mach_num": 1,
            "Job_time": 7,
            "Start_time": 29
        },
        "10": {
            "Job_num": 4,
            "Mach_num": 1,
            "Job_time": 4,
            "Start_time": 41
        },
        "11": {
            "Job_num": 1,
            "Mach_num": 1,
            "Job_time": 1,
            "Start_time": 51
        },
        "12": {
            "Job_num": 0,
            "Mach_num": 2,
            "Job_time": 7,
            "Start_time": 0
        },
        "13": {
            "Job_num": 5,
            "Mach_num": 2,
            "Job_time": 11,
            "Start_time": 7
        },
        "14": {
            "Job_num": 3,
            "Mach_num": 2,
            "Job_time": 11,
            "Start_time": 18
        },
        "15": {
            "Job_num": 2,
            "Mach_num": 2,
            "Job_time": 11,
            "Start_time": 29
        },
        "16": {
            "Job_num": 1,
            "Mach_num": 2,
            "Job_time": 11,
            "Start_time": 40
        },
        "17": {
            "Job_num": 4,
            "Mach_num": 2,
            "Job_time": 2,
            "Start_time": 51
        },
        "18": {
            "Job_num": 3,
            "Mach_num": 3,
            "Job_time": 2,
            "Start_time": 2
        },
        "19": {
            "Job_num": 0,
            "Mach_num": 3,
            "Job_time": 1,
            "Start_time": 13
        },
        "20": {
            "Job_num": 2,
            "Mach_num": 3,
            "Job_time": 8,
            "Start_time": 14
        },
        "21": {
            "Job_num": 5,
            "Mach_num": 3,
            "Job_time": 2,
            "Start_time": 22
        },
        "22": {
            "Job_num": 1,
            "Mach_num": 3,
            "Job_time": 8,
            "Start_time": 24
        },
        "23": {
            "Job_num": 4,
            "Mach_num": 3,
            "Job_time": 4,
            "Start_time": 53
        },
        "24": {
            "Job_num": 3,
            "Mach_num": 4,
            "Job_time": 2,
            "Start_time": 0
        },
        "25": {
            "Job_num": 5,
            "Mach_num": 4,
            "Job_time": 1,
            "Start_time": 2
        },
        "26": {
            "Job_num": 0,
            "Mach_num": 4,
            "Job_time": 4,
            "Start_time": 7
        },
        "27": {
            "Job_num": 2,
            "Mach_num": 4,
            "Job_time": 1,
            "Start_time": 11
        },
        "28": {
            "Job_num": 4,
            "Mach_num": 4,
            "Job_time": 3,
            "Start_time": 45
        },
        "29": {
            "Job_num": 1,
            "Mach_num": 4,
            "Job_time": 4,
            "Start_time": 52
        },
        "30": {
            "Job_num": 1,
            "Mach_num": 5,
            "Job_time": 7,
            "Start_time": 0
        },
        "31": {
            "Job_num": 3,
            "Mach_num": 5,
            "Job_time": 10,
            "Start_time": 7
        },
        "32": {
            "Job_num": 4,
            "Mach_num": 5,
            "Job_time": 9,
            "Start_time": 17
        },
        "33": {
            "Job_num": 0,
            "Mach_num": 5,
            "Job_time": 4,
            "Start_time": 27
        },
        "34": {
            "Job_num": 5,
            "Mach_num": 5,
            "Job_time": 11,
            "Start_time": 36
        },
        "35": {
            "Job_num": 2,
            "Mach_num": 5,
            "Job_time": 9,
            "Start_time": 47
        }
    }
}