{
    "optimal_time": 50.0,
    "opt_compute_time:": 0.016816353425383568,
    "spt_time": 59,
    "spt_compute_time": 1.1524187847971916,
    "lpt_time": 69,
    "lpt_compute_time": 1.2379361391067505,
    "n_jobs": 6,
    "n_resources": 6,
    "n_ops_per_job": 6,
    "max_op_time": 11,
    "jssp_identification": "6x6_2287_inst.json",
    "solution_optimality": "OPTIMAL",
    "jssp_instance": {
        "durations": [
            [
                8,
                7,
                6,
                1,
                8,
                4
            ],
            [
                4,
                5,
                1,
                6,
                1,
                4
            ],
            [
                4,
                9,
                9,
                7,
                7,
                3
            ],
            [
                8,
                3,
                3,
                3,
                9,
                10
            ],
            [
                6,
                4,
                5,
                9,
                4,
                8
            ],
            [
                9,
                7,
                5,
                4,
                2,
                3
            ]
        ],
        "machines": [
            [
                5,
                0,
                3,
                2,
                1,
                4
            ],
            [
                4,
                1,
                2,
                3,
                5,
                0
            ],
            [
                2,
                5,
                3,
                1,
                4,
                0
            ],
            [
                3,
                1,
                4,
                0,
                5,
                2
            ],
            [
                4,
                3,
                1,
                5,
                2,
                0
            ],
            [
                3,
                4,
                5,
                0,
                1,
                2
            ]
        ]
    }
}