{
    "optimal_time": 62.0,
    "opt_compute_time:": 0.015040099620819092,
    "spt_time": 84,
    "spt_compute_time": 1.3664778638631105,
    "lpt_time": 73,
    "lpt_compute_time": 1.5153783950954676,
    "n_jobs": 6,
    "n_resources": 6,
    "n_ops_per_job": 6,
    "max_op_time": 11,
    "jssp_identification": "6x6_2475_inst.json",
    "solution_optimality": "OPTIMAL",
    "jssp_instance": {
        "durations": [
            [
                4,
                2,
                6,
                1,
                11,
                4
            ],
            [
                8,
                6,
                11,
                9,
                3,
                4
            ],
            [
                5,
                5,
                6,
                9,
                11,
                3
            ],
            [
                8,
                8,
                3,
                11,
                11,
                9
            ],
            [
                3,
                3,
                9,
                7,
                7,
                1
            ],
            [
                7,
                1,
                1,
                8,
                5,
                6
            ]
        ],
        "machines": [
            [
                1,
                4,
                3,
                5,
                0,
                2
            ],
            [
                4,
                2,
                5,
                3,
                0,
                1
            ],
            [
                4,
                3,
                5,
                1,
                0,
                2
            ],
            [
                3,
                1,
                2,
                0,
                4,
                5
            ],
            [
                4,
                2,
                1,
                3,
                5,
                0
            ],
            [
                3,
                2,
                5,
                0,
                1,
                4
            ]
        ]
    }
}