{
    "optimal_time": 64.0,
    "spt_time": 72,
    "lpt_time": 72,
    "n_jobs": 6,
    "n_resources": 6,
    "n_ops_per_job": 6,
    "max_op_time": 11,
    "jssp_identification": "6x6_979_inst.json",
    "cp-sat_solver_time": 0.018469876027666032,
    "spt_compute_time": 1.693302872008644,
    "lpt_compute_time": 2.1503838800126687,
    "jssp_instance": {
        "durations": [
            [
                10,
                10,
                6,
                10,
                9,
                8
            ],
            [
                2,
                5,
                8,
                4,
                4,
                3
            ],
            [
                2,
                8,
                4,
                8,
                10,
                8
            ],
            [
                6,
                1,
                9,
                11,
                1,
                10
            ],
            [
                1,
                6,
                5,
                7,
                9,
                4
            ],
            [
                9,
                10,
                2,
                3,
                10,
                5
            ]
        ],
        "machines": [
            [
                5,
                0,
                4,
                2,
                3,
                1
            ],
            [
                3,
                0,
                1,
                2,
                4,
                5
            ],
            [
                4,
                0,
                3,
                5,
                2,
                1
            ],
            [
                0,
                4,
                5,
                3,
                2,
                1
            ],
            [
                3,
                4,
                2,
                5,
                1,
                0
            ],
            [
                1,
                2,
                4,
                3,
                0,
                5
            ]
        ]
    },
    "optimal_gantt_data": {
        "0": {
            "Job_num": 3,
            "Mach_num": 0,
            "Job_time": 6,
            "Start_time": 0
        },
        "1": {
            "Job_num": 1,
            "Mach_num": 0,
            "Job_time": 5,
            "Start_time": 6
        },
        "2": {
            "Job_num": 0,
            "Mach_num": 0,
            "Job_time": 10,
            "Start_time": 11
        },
        "3": {
            "Job_num": 2,
            "Mach_num": 0,
            "Job_time": 8,
            "Start_time": 21
        },
        "4": {
            "Job_num": 4,
            "Mach_num": 0,
            "Job_time": 4,
            "Start_time": 36
        },
        "5": {
            "Job_num": 5,
            "Mach_num": 0,
            "Job_time": 10,
            "Start_time": 41
        },
        "6": {
            "Job_num": 5,
            "Mach_num": 1,
            "Job_time": 9,
            "Start_time": 0
        },
        "7": {
            "Job_num": 1,
            "Mach_num": 1,
            "Job_time": 8,
            "Start_time": 11
        },
        "8": {
            "Job_num": 4,
            "Mach_num": 1,
            "Job_time": 9,
            "Start_time": 26
        },
        "9": {
            "Job_num": 3,
            "Mach_num": 1,
            "Job_time": 10,
            "Start_time": 38
        },
        "10": {
            "Job_num": 0,
            "Mach_num": 1,
            "Job_time": 8,
            "Start_time": 48
        },
        "11": {
            "Job_num": 2,
            "Mach_num": 1,
            "Job_time": 8,
            "Start_time": 56
        },
        "12": {
            "Job_num": 4,
            "Mach_num": 2,
            "Job_time": 5,
            "Start_time": 9
        },
        "13": {
            "Job_num": 5,
            "Mach_num": 2,
            "Job_time": 10,
            "Start_time": 14
        },
        "14": {
            "Job_num": 0,
            "Mach_num": 2,
            "Job_time": 10,
            "Start_time": 27
        },
        "15": {
            "Job_num": 3,
            "Mach_num": 2,
            "Job_time": 1,
            "Start_time": 37
        },
        "16": {
            "Job_num": 1,
            "Mach_num": 2,
            "Job_time": 4,
            "Start_time": 38
        },
        "17": {
            "Job_num": 2,
            "Mach_num": 2,
            "Job_time": 10,
            "Start_time": 43
        },
        "18": {
            "Job_num": 1,
            "Mach_num": 3,
            "Job_time": 2,
            "Start_time": 0
        },
        "19": {
            "Job_num": 4,
            "Mach_num": 3,
            "Job_time": 1,
            "Start_time": 2
        },
        "20": {
            "Job_num": 3,
            "Mach_num": 3,
            "Job_time": 11,
            "Start_time": 19
        },
        "21": {
            "Job_num": 2,
            "Mach_num": 3,
            "Job_time": 4,
            "Start_time": 31
        },
        "22": {
            "Job_num": 5,
            "Mach_num": 3,
            "Job_time": 3,
            "Start_time": 35
        },
        "23": {
            "Job_num": 0,
            "Mach_num": 3,
            "Job_time": 9,
            "Start_time": 38
        },
        "24": {
            "Job_num": 2,
            "Mach_num": 4,
            "Job_time": 2,
            "Start_time": 0
        },
        "25": {
            "Job_num": 4,
            "Mach_num": 4,
            "Job_time": 6,
            "Start_time": 3
        },
        "26": {
            "Job_num": 3,
            "Mach_num": 4,
            "Job_time": 1,
            "Start_time": 9
        },
        "27": {
            "Job_num": 0,
            "Mach_num": 4,
            "Job_time": 6,
            "Start_time": 21
        },
        "28": {
            "Job_num": 5,
            "Mach_num": 4,
            "Job_time": 2,
            "Start_time": 27
        },
        "29": {
            "Job_num": 1,
            "Mach_num": 4,
            "Job_time": 4,
            "Start_time": 42
        },
        "30": {
            "Job_num": 0,
            "Mach_num": 5,
            "Job_time": 10,
            "Start_time": 0
        },
        "31": {
            "Job_num": 3,
            "Mach_num": 5,
            "Job_time": 9,
            "Start_time": 10
        },
        "32": {
            "Job_num": 4,
            "Mach_num": 5,
            "Job_time": 7,
            "Start_time": 19
        },
        "33": {
            "Job_num": 2,
            "Mach_num": 5,
            "Job_time": 8,
            "Start_time": 35
        },
        "34": {
            "Job_num": 1,
            "Mach_num": 5,
            "Job_time": 3,
            "Start_time": 50
        },
        "35": {
            "Job_num": 5,
            "Mach_num": 5,
            "Job_time": 5,
            "Start_time": 53
        }
    }
}