{
    "optimal_time": 71.0,
    "opt_compute_time:": 0.035860488191246986,
    "spt_time": 78,
    "spt_compute_time": 1.5590605959296227,
    "lpt_time": 84,
    "lpt_compute_time": 1.836731269955635,
    "n_jobs": 6,
    "n_resources": 6,
    "n_ops_per_job": 6,
    "max_op_time": 11,
    "jssp_identification": "6x6_1008_inst.json",
    "solution_optimality": "OPTIMAL",
    "jssp_instance": {
        "durations": [
            [
                11,
                5,
                10,
                11,
                3,
                11
            ],
            [
                11,
                2,
                10,
                5,
                7,
                6
            ],
            [
                4,
                9,
                1,
                3,
                10,
                2
            ],
            [
                9,
                9,
                10,
                8,
                2,
                8
            ],
            [
                1,
                11,
                10,
                4,
                11,
                5
            ],
            [
                10,
                9,
                11,
                6,
                1,
                7
            ]
        ],
        "machines": [
            [
                0,
                5,
                4,
                2,
                1,
                3
            ],
            [
                1,
                0,
                2,
                3,
                5,
                4
            ],
            [
                1,
                0,
                4,
                3,
                2,
                5
            ],
            [
                3,
                4,
                0,
                5,
                2,
                1
            ],
            [
                3,
                1,
                5,
                4,
                2,
                0
            ],
            [
                1,
                2,
                5,
                3,
                0,
                4
            ]
        ]
    }
}