{
    "optimal_time": 53.0,
    "opt_compute_time:": 0.019117938354611397,
    "spt_time": 68,
    "spt_compute_time": 1.3997318353503942,
    "lpt_time": 64,
    "lpt_compute_time": 1.4364938735961914,
    "n_jobs": 6,
    "n_resources": 6,
    "n_ops_per_job": 6,
    "max_op_time": 11,
    "jssp_identification": "6x6_2925_inst.json",
    "solution_optimality": "OPTIMAL",
    "jssp_instance": {
        "durations": [
            [
                3,
                8,
                1,
                8,
                4,
                1
            ],
            [
                3,
                2,
                11,
                8,
                4,
                1
            ],
            [
                1,
                10,
                6,
                4,
                9,
                8
            ],
            [
                11,
                3,
                6,
                2,
                5,
                7
            ],
            [
                8,
                11,
                3,
                8,
                5,
                6
            ],
            [
                1,
                6,
                9,
                3,
                5,
                10
            ]
        ],
        "machines": [
            [
                4,
                3,
                1,
                0,
                2,
                5
            ],
            [
                0,
                4,
                5,
                3,
                2,
                1
            ],
            [
                4,
                5,
                3,
                1,
                0,
                2
            ],
            [
                3,
                0,
                1,
                2,
                5,
                4
            ],
            [
                0,
                1,
                5,
                3,
                2,
                4
            ],
            [
                4,
                1,
                5,
                2,
                0,
                3
            ]
        ]
    }
}