{
    "optimal_time": 56.0,
    "spt_time": 56,
    "lpt_time": 64,
    "n_jobs": 6,
    "n_resources": 6,
    "n_ops_per_job": 6,
    "max_op_time": 11,
    "jssp_identification": "6x6_894_inst.json",
    "cp-sat_solver_time": 0.013391369953751564,
    "spt_compute_time": 1.772897441056557,
    "lpt_compute_time": 1.9896306900773197,
    "jssp_instance": {
        "durations": [
            [
                7,
                10,
                4,
                11,
                3,
                4
            ],
            [
                9,
                2,
                10,
                2,
                7,
                1
            ],
            [
                7,
                5,
                7,
                3,
                2,
                3
            ],
            [
                6,
                10,
                9,
                4,
                8,
                2
            ],
            [
                5,
                10,
                5,
                4,
                11,
                5
            ],
            [
                3,
                5,
                2,
                4,
                3,
                9
            ]
        ],
        "machines": [
            [
                0,
                3,
                1,
                4,
                5,
                2
            ],
            [
                3,
                0,
                1,
                4,
                2,
                5
            ],
            [
                5,
                1,
                0,
                4,
                2,
                3
            ],
            [
                2,
                1,
                5,
                3,
                4,
                0
            ],
            [
                3,
                5,
                0,
                2,
                1,
                4
            ],
            [
                2,
                0,
                3,
                1,
                4,
                5
            ]
        ]
    },
    "optimal_gantt_data": {
        "0": {
            "Job_num": 0,
            "Mach_num": 0,
            "Job_time": 7,
            "Start_time": 0
        },
        "1": {
            "Job_num": 5,
            "Mach_num": 0,
            "Job_time": 5,
            "Start_time": 7
        },
        "2": {
            "Job_num": 2,
            "Mach_num": 0,
            "Job_time": 7,
            "Start_time": 12
        },
        "3": {
            "Job_num": 4,
            "Mach_num": 0,
            "Job_time": 5,
            "Start_time": 19
        },
        "4": {
            "Job_num": 1,
            "Mach_num": 0,
            "Job_time": 2,
            "Start_time": 28
        },
        "5": {
            "Job_num": 3,
            "Mach_num": 0,
            "Job_time": 2,
            "Start_time": 50
        },
        "6": {
            "Job_num": 2,
            "Mach_num": 1,
            "Job_time": 5,
            "Start_time": 7
        },
        "7": {
            "Job_num": 3,
            "Mach_num": 1,
            "Job_time": 10,
            "Start_time": 12
        },
        "8": {
            "Job_num": 0,
            "Mach_num": 1,
            "Job_time": 4,
            "Start_time": 22
        },
        "9": {
            "Job_num": 5,
            "Mach_num": 1,
            "Job_time": 4,
            "Start_time": 26
        },
        "10": {
            "Job_num": 1,
            "Mach_num": 1,
            "Job_time": 10,
            "Start_time": 30
        },
        "11": {
            "Job_num": 4,
            "Mach_num": 1,
            "Job_time": 11,
            "Start_time": 40
        },
        "12": {
            "Job_num": 5,
            "Mach_num": 2,
            "Job_time": 3,
            "Start_time": 0
        },
        "13": {
            "Job_num": 3,
            "Mach_num": 2,
            "Job_time": 6,
            "Start_time": 3
        },
        "14": {
            "Job_num": 2,
            "Mach_num": 2,
            "Job_time": 2,
            "Start_time": 22
        },
        "15": {
            "Job_num": 4,
            "Mach_num": 2,
            "Job_time": 4,
            "Start_time": 24
        },
        "16": {
            "Job_num": 0,
            "Mach_num": 2,
            "Job_time": 4,
            "Start_time": 40
        },
        "17": {
            "Job_num": 1,
            "Mach_num": 2,
            "Job_time": 7,
            "Start_time": 44
        },
        "18": {
            "Job_num": 4,
            "Mach_num": 3,
            "Job_time": 5,
            "Start_time": 0
        },
        "19": {
            "Job_num": 0,
            "Mach_num": 3,
            "Job_time": 10,
            "Start_time": 7
        },
        "20": {
            "Job_num": 5,
            "Mach_num": 3,
            "Job_time": 2,
            "Start_time": 17
        },
        "21": {
            "Job_num": 1,
            "Mach_num": 3,
            "Job_time": 9,
            "Start_time": 19
        },
        "22": {
            "Job_num": 2,
            "Mach_num": 3,
            "Job_time": 3,
            "Start_time": 28
        },
        "23": {
            "Job_num": 3,
            "Mach_num": 3,
            "Job_time": 4,
            "Start_time": 31
        },
        "24": {
            "Job_num": 2,
            "Mach_num": 4,
            "Job_time": 3,
            "Start_time": 19
        },
        "25": {
            "Job_num": 0,
            "Mach_num": 4,
            "Job_time": 11,
            "Start_time": 26
        },
        "26": {
            "Job_num": 5,
            "Mach_num": 4,
            "Job_time": 3,
            "Start_time": 37
        },
        "27": {
            "Job_num": 1,
            "Mach_num": 4,
            "Job_time": 2,
            "Start_time": 40
        },
        "28": {
            "Job_num": 3,
            "Mach_num": 4,
            "Job_time": 8,
            "Start_time": 42
        },
        "29": {
            "Job_num": 4,
            "Mach_num": 4,
            "Job_time": 5,
            "Start_time": 51
        },
        "30": {
            "Job_num": 2,
            "Mach_num": 5,
            "Job_time": 7,
            "Start_time": 0
        },
        "31": {
            "Job_num": 4,
            "Mach_num": 5,
            "Job_time": 10,
            "Start_time": 7
        },
        "32": {
            "Job_num": 3,
            "Mach_num": 5,
            "Job_time": 9,
            "Start_time": 22
        },
        "33": {
            "Job_num": 0,
            "Mach_num": 5,
            "Job_time": 3,
            "Start_time": 37
        },
        "34": {
            "Job_num": 5,
            "Mach_num": 5,
            "Job_time": 9,
            "Start_time": 40
        },
        "35": {
            "Job_num": 1,
            "Mach_num": 5,
            "Job_time": 1,
            "Start_time": 51
        }
    }
}