{
    "optimal_time": 65.0,
    "opt_compute_time:": 0.015428230166435242,
    "spt_time": 73,
    "spt_compute_time": 1.149956775829196,
    "lpt_time": 69,
    "lpt_compute_time": 1.1951904818415642,
    "n_jobs": 6,
    "n_resources": 6,
    "n_ops_per_job": 6,
    "max_op_time": 11,
    "jssp_identification": "6x6_2444_inst.json",
    "solution_optimality": "OPTIMAL",
    "jssp_instance": {
        "durations": [
            [
                7,
                1,
                1,
                9,
                1,
                5
            ],
            [
                11,
                9,
                3,
                10,
                11,
                9
            ],
            [
                10,
                5,
                10,
                7,
                9,
                7
            ],
            [
                6,
                8,
                3,
                9,
                5,
                2
            ],
            [
                2,
                2,
                5,
                9,
                4,
                8
            ],
            [
                10,
                2,
                6,
                1,
                4,
                3
            ]
        ],
        "machines": [
            [
                3,
                1,
                5,
                4,
                0,
                2
            ],
            [
                4,
                3,
                0,
                1,
                5,
                2
            ],
            [
                0,
                3,
                5,
                4,
                1,
                2
            ],
            [
                3,
                5,
                4,
                0,
                2,
                1
            ],
            [
                0,
                2,
                3,
                5,
                1,
                4
            ],
            [
                5,
                2,
                1,
                3,
                0,
                4
            ]
        ]
    }
}