{
    "optimal_time": 60.0,
    "opt_compute_time:": 0.016010204330086708,
    "spt_time": 67,
    "spt_compute_time": 1.082627909258008,
    "lpt_time": 77,
    "lpt_compute_time": 1.4850708320736885,
    "n_jobs": 6,
    "n_resources": 6,
    "n_ops_per_job": 6,
    "max_op_time": 11,
    "jssp_identification": "6x6_1211_inst.json",
    "solution_optimality": "OPTIMAL",
    "jssp_instance": {
        "durations": [
            [
                5,
                10,
                9,
                1,
                5,
                11
            ],
            [
                5,
                6,
                10,
                1,
                3,
                4
            ],
            [
                6,
                6,
                9,
                4,
                4,
                7
            ],
            [
                5,
                10,
                11,
                2,
                11,
                6
            ],
            [
                3,
                3,
                3,
                6,
                3,
                4
            ],
            [
                7,
                7,
                6,
                3,
                9,
                3
            ]
        ],
        "machines": [
            [
                1,
                2,
                5,
                3,
                0,
                4
            ],
            [
                2,
                0,
                1,
                5,
                3,
                4
            ],
            [
                1,
                2,
                0,
                3,
                5,
                4
            ],
            [
                5,
                1,
                2,
                4,
                3,
                0
            ],
            [
                3,
                4,
                5,
                2,
                1,
                0
            ],
            [
                2,
                4,
                5,
                1,
                0,
                3
            ]
        ]
    }
}