{
    "optimal_time": 52.0,
    "opt_compute_time:": 0.019529232755303383,
    "spt_time": 58,
    "spt_compute_time": 1.0639327839016914,
    "lpt_time": 81,
    "lpt_compute_time": 1.3588186129927635,
    "n_jobs": 6,
    "n_resources": 6,
    "n_ops_per_job": 6,
    "max_op_time": 11,
    "jssp_identification": "6x6_2128_inst.json",
    "solution_optimality": "OPTIMAL",
    "jssp_instance": {
        "durations": [
            [
                11,
                1,
                1,
                8,
                2,
                6
            ],
            [
                11,
                3,
                7,
                7,
                7,
                1
            ],
            [
                5,
                8,
                5,
                9,
                1,
                2
            ],
            [
                4,
                1,
                8,
                5,
                10,
                10
            ],
            [
                8,
                11,
                5,
                9,
                5,
                1
            ],
            [
                4,
                6,
                1,
                11,
                10,
                7
            ]
        ],
        "machines": [
            [
                1,
                4,
                0,
                5,
                2,
                3
            ],
            [
                0,
                1,
                3,
                2,
                5,
                4
            ],
            [
                0,
                3,
                1,
                4,
                2,
                5
            ],
            [
                4,
                1,
                3,
                5,
                0,
                2
            ],
            [
                4,
                2,
                3,
                1,
                0,
                5
            ],
            [
                2,
                1,
                3,
                5,
                4,
                0
            ]
        ]
    }
}