{
    "optimal_time": 56.0,
    "spt_time": 72,
    "lpt_time": 79,
    "n_jobs": 6,
    "n_resources": 6,
    "n_ops_per_job": 6,
    "max_op_time": 11,
    "jssp_identification": "6x6_587_inst.json",
    "cp-sat_solver_time": 0.02237899403553456,
    "spt_compute_time": 1.9570462099509314,
    "lpt_compute_time": 2.212967101018876,
    "jssp_instance": {
        "durations": [
            [
                1,
                7,
                11,
                1,
                3,
                4
            ],
            [
                5,
                1,
                3,
                3,
                2,
                10
            ],
            [
                1,
                2,
                10,
                1,
                9,
                8
            ],
            [
                11,
                1,
                5,
                4,
                7,
                7
            ],
            [
                7,
                4,
                8,
                4,
                2,
                8
            ],
            [
                1,
                10,
                8,
                7,
                11,
                1
            ]
        ],
        "machines": [
            [
                4,
                2,
                0,
                5,
                1,
                3
            ],
            [
                1,
                3,
                2,
                4,
                5,
                0
            ],
            [
                3,
                4,
                0,
                1,
                5,
                2
            ],
            [
                0,
                5,
                4,
                3,
                2,
                1
            ],
            [
                1,
                4,
                2,
                0,
                5,
                3
            ],
            [
                2,
                0,
                3,
                1,
                4,
                5
            ]
        ]
    },
    "optimal_gantt_data": {
        "0": {
            "Job_num": 3,
            "Mach_num": 0,
            "Job_time": 11,
            "Start_time": 0
        },
        "1": {
            "Job_num": 5,
            "Mach_num": 0,
            "Job_time": 10,
            "Start_time": 11
        },
        "2": {
            "Job_num": 4,
            "Mach_num": 0,
            "Job_time": 4,
            "Start_time": 21
        },
        "3": {
            "Job_num": 2,
            "Mach_num": 0,
            "Job_time": 10,
            "Start_time": 25
        },
        "4": {
            "Job_num": 0,
            "Mach_num": 0,
            "Job_time": 11,
            "Start_time": 35
        },
        "5": {
            "Job_num": 1,
            "Mach_num": 0,
            "Job_time": 10,
            "Start_time": 46
        },
        "6": {
            "Job_num": 4,
            "Mach_num": 1,
            "Job_time": 7,
            "Start_time": 0
        },
        "7": {
            "Job_num": 1,
            "Mach_num": 1,
            "Job_time": 5,
            "Start_time": 7
        },
        "8": {
            "Job_num": 5,
            "Mach_num": 1,
            "Job_time": 7,
            "Start_time": 29
        },
        "9": {
            "Job_num": 2,
            "Mach_num": 1,
            "Job_time": 1,
            "Start_time": 36
        },
        "10": {
            "Job_num": 3,
            "Mach_num": 1,
            "Job_time": 7,
            "Start_time": 42
        },
        "11": {
            "Job_num": 0,
            "Mach_num": 1,
            "Job_time": 3,
            "Start_time": 49
        },
        "12": {
            "Job_num": 5,
            "Mach_num": 2,
            "Job_time": 1,
            "Start_time": 0
        },
        "13": {
            "Job_num": 0,
            "Mach_num": 2,
            "Job_time": 7,
            "Start_time": 2
        },
        "14": {
            "Job_num": 4,
            "Mach_num": 2,
            "Job_time": 8,
            "Start_time": 11
        },
        "15": {
            "Job_num": 1,
            "Mach_num": 2,
            "Job_time": 3,
            "Start_time": 19
        },
        "16": {
            "Job_num": 3,
            "Mach_num": 2,
            "Job_time": 7,
            "Start_time": 22
        },
        "17": {
            "Job_num": 2,
            "Mach_num": 2,
            "Job_time": 8,
            "Start_time": 46
        },
        "18": {
            "Job_num": 2,
            "Mach_num": 3,
            "Job_time": 1,
            "Start_time": 0
        },
        "19": {
            "Job_num": 1,
            "Mach_num": 3,
            "Job_time": 1,
            "Start_time": 12
        },
        "20": {
            "Job_num": 3,
            "Mach_num": 3,
            "Job_time": 4,
            "Start_time": 17
        },
        "21": {
            "Job_num": 5,
            "Mach_num": 3,
            "Job_time": 8,
            "Start_time": 21
        },
        "22": {
            "Job_num": 4,
            "Mach_num": 3,
            "Job_time": 8,
            "Start_time": 29
        },
        "23": {
            "Job_num": 0,
            "Mach_num": 3,
            "Job_time": 4,
            "Start_time": 52
        },
        "24": {
            "Job_num": 0,
            "Mach_num": 4,
            "Job_time": 1,
            "Start_time": 0
        },
        "25": {
            "Job_num": 2,
            "Mach_num": 4,
            "Job_time": 2,
            "Start_time": 1
        },
        "26": {
            "Job_num": 4,
            "Mach_num": 4,
            "Job_time": 4,
            "Start_time": 7
        },
        "27": {
            "Job_num": 3,
            "Mach_num": 4,
            "Job_time": 5,
            "Start_time": 12
        },
        "28": {
            "Job_num": 1,
            "Mach_num": 4,
            "Job_time": 3,
            "Start_time": 22
        },
        "29": {
            "Job_num": 5,
            "Mach_num": 4,
            "Job_time": 11,
            "Start_time": 36
        },
        "30": {
            "Job_num": 3,
            "Mach_num": 5,
            "Job_time": 1,
            "Start_time": 11
        },
        "31": {
            "Job_num": 1,
            "Mach_num": 5,
            "Job_time": 2,
            "Start_time": 25
        },
        "32": {
            "Job_num": 4,
            "Mach_num": 5,
            "Job_time": 2,
            "Start_time": 27
        },
        "33": {
            "Job_num": 2,
            "Mach_num": 5,
            "Job_time": 9,
            "Start_time": 37
        },
        "34": {
            "Job_num": 0,
            "Mach_num": 5,
            "Job_time": 1,
            "Start_time": 47
        },
        "35": {
            "Job_num": 5,
            "Mach_num": 5,
            "Job_time": 1,
            "Start_time": 48
        }
    }
}