{
    "optimal_time": 56.0,
    "spt_time": 66,
    "lpt_time": 74,
    "n_jobs": 6,
    "n_resources": 6,
    "n_ops_per_job": 6,
    "max_op_time": 10,
    "jssp_identification": "6x6_745_inst.json",
    "cp-sat_solver_time": 0.014965840033255517,
    "spt_compute_time": 1.8085529489908367,
    "lpt_compute_time": 1.983103531994857,
    "jssp_instance": {
        "durations": [
            [
                10,
                6,
                8,
                9,
                7,
                1
            ],
            [
                7,
                6,
                4,
                5,
                7,
                7
            ],
            [
                8,
                8,
                7,
                2,
                7,
                4
            ],
            [
                3,
                8,
                2,
                7,
                1,
                8
            ],
            [
                7,
                1,
                10,
                5,
                5,
                9
            ],
            [
                3,
                10,
                9,
                7,
                2,
                9
            ]
        ],
        "machines": [
            [
                4,
                1,
                2,
                0,
                5,
                3
            ],
            [
                4,
                2,
                0,
                1,
                3,
                5
            ],
            [
                1,
                2,
                5,
                3,
                4,
                0
            ],
            [
                3,
                4,
                2,
                1,
                5,
                0
            ],
            [
                5,
                0,
                4,
                1,
                3,
                2
            ],
            [
                2,
                5,
                0,
                1,
                3,
                4
            ]
        ]
    },
    "optimal_gantt_data": {
        "0": {
            "Job_num": 5,
            "Mach_num": 0,
            "Job_time": 9,
            "Start_time": 13
        },
        "1": {
            "Job_num": 4,
            "Mach_num": 0,
            "Job_time": 1,
            "Start_time": 22
        },
        "2": {
            "Job_num": 1,
            "Mach_num": 0,
            "Job_time": 4,
            "Start_time": 23
        },
        "3": {
            "Job_num": 0,
            "Mach_num": 0,
            "Job_time": 9,
            "Start_time": 31
        },
        "4": {
            "Job_num": 2,
            "Mach_num": 0,
            "Job_time": 4,
            "Start_time": 43
        },
        "5": {
            "Job_num": 3,
            "Mach_num": 0,
            "Job_time": 8,
            "Start_time": 48
        },
        "6": {
            "Job_num": 2,
            "Mach_num": 1,
            "Job_time": 8,
            "Start_time": 0
        },
        "7": {
            "Job_num": 0,
            "Mach_num": 1,
            "Job_time": 6,
            "Start_time": 10
        },
        "8": {
            "Job_num": 5,
            "Mach_num": 1,
            "Job_time": 7,
            "Start_time": 23
        },
        "9": {
            "Job_num": 1,
            "Mach_num": 1,
            "Job_time": 5,
            "Start_time": 30
        },
        "10": {
            "Job_num": 4,
            "Mach_num": 1,
            "Job_time": 5,
            "Start_time": 35
        },
        "11": {
            "Job_num": 3,
            "Mach_num": 1,
            "Job_time": 7,
            "Start_time": 40
        },
        "12": {
            "Job_num": 5,
            "Mach_num": 2,
            "Job_time": 3,
            "Start_time": 0
        },
        "13": {
            "Job_num": 2,
            "Mach_num": 2,
            "Job_time": 8,
            "Start_time": 8
        },
        "14": {
            "Job_num": 1,
            "Mach_num": 2,
            "Job_time": 6,
            "Start_time": 17
        },
        "15": {
            "Job_num": 0,
            "Mach_num": 2,
            "Job_time": 8,
            "Start_time": 23
        },
        "16": {
            "Job_num": 3,
            "Mach_num": 2,
            "Job_time": 2,
            "Start_time": 31
        },
        "17": {
            "Job_num": 4,
            "Mach_num": 2,
            "Job_time": 9,
            "Start_time": 47
        },
        "18": {
            "Job_num": 3,
            "Mach_num": 3,
            "Job_time": 3,
            "Start_time": 0
        },
        "19": {
            "Job_num": 2,
            "Mach_num": 3,
            "Job_time": 2,
            "Start_time": 27
        },
        "20": {
            "Job_num": 5,
            "Mach_num": 3,
            "Job_time": 2,
            "Start_time": 30
        },
        "21": {
            "Job_num": 1,
            "Mach_num": 3,
            "Job_time": 7,
            "Start_time": 35
        },
        "22": {
            "Job_num": 4,
            "Mach_num": 3,
            "Job_time": 5,
            "Start_time": 42
        },
        "23": {
            "Job_num": 0,
            "Mach_num": 3,
            "Job_time": 1,
            "Start_time": 47
        },
        "24": {
            "Job_num": 0,
            "Mach_num": 4,
            "Job_time": 10,
            "Start_time": 0
        },
        "25": {
            "Job_num": 1,
            "Mach_num": 4,
            "Job_time": 7,
            "Start_time": 10
        },
        "26": {
            "Job_num": 3,
            "Mach_num": 4,
            "Job_time": 8,
            "Start_time": 17
        },
        "27": {
            "Job_num": 4,
            "Mach_num": 4,
            "Job_time": 10,
            "Start_time": 25
        },
        "28": {
            "Job_num": 2,
            "Mach_num": 4,
            "Job_time": 7,
            "Start_time": 36
        },
        "29": {
            "Job_num": 5,
            "Mach_num": 4,
            "Job_time": 9,
            "Start_time": 43
        },
        "30": {
            "Job_num": 5,
            "Mach_num": 5,
            "Job_time": 10,
            "Start_time": 3
        },
        "31": {
            "Job_num": 4,
            "Mach_num": 5,
            "Job_time": 7,
            "Start_time": 13
        },
        "32": {
            "Job_num": 2,
            "Mach_num": 5,
            "Job_time": 7,
            "Start_time": 20
        },
        "33": {
            "Job_num": 0,
            "Mach_num": 5,
            "Job_time": 7,
            "Start_time": 40
        },
        "34": {
            "Job_num": 3,
            "Mach_num": 5,
            "Job_time": 1,
            "Start_time": 47
        },
        "35": {
            "Job_num": 1,
            "Mach_num": 5,
            "Job_time": 7,
            "Start_time": 48
        }
    }
}