{
    "optimal_time": 56.0,
    "opt_compute_time:": 0.01418854296207428,
    "spt_time": 66,
    "spt_compute_time": 1.0499836429953575,
    "lpt_time": 71,
    "lpt_compute_time": 1.5068709757179022,
    "n_jobs": 6,
    "n_resources": 6,
    "n_ops_per_job": 6,
    "max_op_time": 11,
    "jssp_identification": "6x6_3285_inst.json",
    "solution_optimality": "OPTIMAL",
    "jssp_instance": {
        "durations": [
            [
                11,
                3,
                1,
                6,
                8,
                8
            ],
            [
                6,
                9,
                9,
                10,
                1,
                2
            ],
            [
                5,
                4,
                10,
                11,
                6,
                10
            ],
            [
                11,
                8,
                9,
                6,
                3,
                6
            ],
            [
                3,
                5,
                3,
                7,
                7,
                4
            ],
            [
                2,
                8,
                3,
                4,
                2,
                1
            ]
        ],
        "machines": [
            [
                1,
                2,
                3,
                0,
                5,
                4
            ],
            [
                5,
                1,
                3,
                0,
                4,
                2
            ],
            [
                1,
                3,
                5,
                2,
                4,
                0
            ],
            [
                0,
                4,
                2,
                5,
                1,
                3
            ],
            [
                2,
                1,
                0,
                5,
                3,
                4
            ],
            [
                5,
                2,
                1,
                4,
                3,
                0
            ]
        ]
    }
}