{
    "optimal_time": 69.0,
    "spt_time": 76,
    "lpt_time": 75,
    "n_jobs": 6,
    "n_resources": 6,
    "n_ops_per_job": 6,
    "max_op_time": 11,
    "jssp_identification": "6x6_820_inst.json",
    "cp-sat_solver_time": 0.014873674954287708,
    "spt_compute_time": 1.9473585039377213,
    "lpt_compute_time": 2.024408961064182,
    "jssp_instance": {
        "durations": [
            [
                5,
                1,
                11,
                2,
                5,
                3
            ],
            [
                11,
                8,
                7,
                9,
                8,
                11
            ],
            [
                11,
                11,
                7,
                1,
                5,
                3
            ],
            [
                4,
                11,
                4,
                11,
                11,
                6
            ],
            [
                2,
                9,
                9,
                1,
                8,
                2
            ],
            [
                7,
                6,
                8,
                6,
                5,
                9
            ]
        ],
        "machines": [
            [
                1,
                2,
                4,
                3,
                0,
                5
            ],
            [
                4,
                2,
                5,
                3,
                0,
                1
            ],
            [
                0,
                4,
                1,
                2,
                3,
                5
            ],
            [
                1,
                0,
                5,
                4,
                2,
                3
            ],
            [
                1,
                4,
                2,
                0,
                3,
                5
            ],
            [
                3,
                0,
                5,
                4,
                1,
                2
            ]
        ]
    },
    "optimal_gantt_data": {
        "0": {
            "Job_num": 2,
            "Mach_num": 0,
            "Job_time": 11,
            "Start_time": 0
        },
        "1": {
            "Job_num": 5,
            "Mach_num": 0,
            "Job_time": 6,
            "Start_time": 11
        },
        "2": {
            "Job_num": 3,
            "Mach_num": 0,
            "Job_time": 11,
            "Start_time": 17
        },
        "3": {
            "Job_num": 4,
            "Mach_num": 0,
            "Job_time": 1,
            "Start_time": 40
        },
        "4": {
            "Job_num": 1,
            "Mach_num": 0,
            "Job_time": 8,
            "Start_time": 44
        },
        "5": {
            "Job_num": 0,
            "Mach_num": 0,
            "Job_time": 5,
            "Start_time": 61
        },
        "6": {
            "Job_num": 0,
            "Mach_num": 1,
            "Job_time": 5,
            "Start_time": 0
        },
        "7": {
            "Job_num": 3,
            "Mach_num": 1,
            "Job_time": 4,
            "Start_time": 5
        },
        "8": {
            "Job_num": 4,
            "Mach_num": 1,
            "Job_time": 2,
            "Start_time": 9
        },
        "9": {
            "Job_num": 2,
            "Mach_num": 1,
            "Job_time": 7,
            "Start_time": 22
        },
        "10": {
            "Job_num": 5,
            "Mach_num": 1,
            "Job_time": 5,
            "Start_time": 51
        },
        "11": {
            "Job_num": 1,
            "Mach_num": 1,
            "Job_time": 11,
            "Start_time": 56
        },
        "12": {
            "Job_num": 0,
            "Mach_num": 2,
            "Job_time": 1,
            "Start_time": 5
        },
        "13": {
            "Job_num": 1,
            "Mach_num": 2,
            "Job_time": 8,
            "Start_time": 11
        },
        "14": {
            "Job_num": 2,
            "Mach_num": 2,
            "Job_time": 1,
            "Start_time": 29
        },
        "15": {
            "Job_num": 4,
            "Mach_num": 2,
            "Job_time": 9,
            "Start_time": 31
        },
        "16": {
            "Job_num": 3,
            "Mach_num": 2,
            "Job_time": 11,
            "Start_time": 48
        },
        "17": {
            "Job_num": 5,
            "Mach_num": 2,
            "Job_time": 9,
            "Start_time": 59
        },
        "18": {
            "Job_num": 5,
            "Mach_num": 3,
            "Job_time": 7,
            "Start_time": 0
        },
        "19": {
            "Job_num": 2,
            "Mach_num": 3,
            "Job_time": 5,
            "Start_time": 30
        },
        "20": {
            "Job_num": 1,
            "Mach_num": 3,
            "Job_time": 9,
            "Start_time": 35
        },
        "21": {
            "Job_num": 4,
            "Mach_num": 3,
            "Job_time": 8,
            "Start_time": 44
        },
        "22": {
            "Job_num": 0,
            "Mach_num": 3,
            "Job_time": 2,
            "Start_time": 59
        },
        "23": {
            "Job_num": 3,
            "Mach_num": 3,
            "Job_time": 6,
            "Start_time": 62
        },
        "24": {
            "Job_num": 1,
            "Mach_num": 4,
            "Job_time": 11,
            "Start_time": 0
        },
        "25": {
            "Job_num": 2,
            "Mach_num": 4,
            "Job_time": 11,
            "Start_time": 11
        },
        "26": {
            "Job_num": 4,
            "Mach_num": 4,
            "Job_time": 9,
            "Start_time": 22
        },
        "27": {
            "Job_num": 5,
            "Mach_num": 4,
            "Job_time": 6,
            "Start_time": 31
        },
        "28": {
            "Job_num": 3,
            "Mach_num": 4,
            "Job_time": 11,
            "Start_time": 37
        },
        "29": {
            "Job_num": 0,
            "Mach_num": 4,
            "Job_time": 11,
            "Start_time": 48
        },
        "30": {
            "Job_num": 5,
            "Mach_num": 5,
            "Job_time": 8,
            "Start_time": 18
        },
        "31": {
            "Job_num": 1,
            "Mach_num": 5,
            "Job_time": 7,
            "Start_time": 26
        },
        "32": {
            "Job_num": 3,
            "Mach_num": 5,
            "Job_time": 4,
            "Start_time": 33
        },
        "33": {
            "Job_num": 2,
            "Mach_num": 5,
            "Job_time": 3,
            "Start_time": 37
        },
        "34": {
            "Job_num": 4,
            "Mach_num": 5,
            "Job_time": 2,
            "Start_time": 52
        },
        "35": {
            "Job_num": 0,
            "Mach_num": 5,
            "Job_time": 3,
            "Start_time": 66
        }
    }
}