{
    "optimal_time": 53.0,
    "opt_compute_time:": 0.014193287119269371,
    "spt_time": 58,
    "spt_compute_time": 0.9807259291410446,
    "lpt_time": 68,
    "lpt_compute_time": 1.2275370731949806,
    "n_jobs": 6,
    "n_resources": 6,
    "n_ops_per_job": 6,
    "max_op_time": 11,
    "jssp_identification": "6x6_3692_inst.json",
    "solution_optimality": "OPTIMAL",
    "jssp_instance": {
        "durations": [
            [
                4,
                4,
                1,
                4,
                2,
                9
            ],
            [
                9,
                2,
                4,
                1,
                11,
                3
            ],
            [
                8,
                5,
                9,
                1,
                2,
                2
            ],
            [
                8,
                4,
                9,
                7,
                6,
                6
            ],
            [
                6,
                4,
                7,
                11,
                4,
                3
            ],
            [
                1,
                9,
                9,
                7,
                4,
                5
            ]
        ],
        "machines": [
            [
                3,
                2,
                5,
                1,
                4,
                0
            ],
            [
                3,
                1,
                0,
                2,
                5,
                4
            ],
            [
                1,
                0,
                3,
                4,
                2,
                5
            ],
            [
                1,
                2,
                4,
                3,
                0,
                5
            ],
            [
                5,
                4,
                2,
                0,
                3,
                1
            ],
            [
                5,
                2,
                0,
                3,
                1,
                4
            ]
        ]
    }
}