{
    "optimal_time": 67.0,
    "opt_compute_time:": 0.011040177196264267,
    "spt_time": 79,
    "spt_compute_time": 1.399601936340332,
    "lpt_time": 77,
    "lpt_compute_time": 1.5258479993790388,
    "n_jobs": 6,
    "n_resources": 6,
    "n_ops_per_job": 6,
    "max_op_time": 11,
    "jssp_identification": "6x6_1316_inst.json",
    "solution_optimality": "OPTIMAL",
    "jssp_instance": {
        "durations": [
            [
                8,
                10,
                3,
                3,
                4,
                8
            ],
            [
                3,
                6,
                6,
                9,
                2,
                9
            ],
            [
                4,
                6,
                10,
                2,
                11,
                8
            ],
            [
                4,
                4,
                3,
                7,
                9,
                2
            ],
            [
                11,
                11,
                5,
                5,
                11,
                9
            ],
            [
                8,
                9,
                1,
                1,
                10,
                8
            ]
        ],
        "machines": [
            [
                5,
                0,
                3,
                2,
                4,
                1
            ],
            [
                3,
                4,
                0,
                5,
                1,
                2
            ],
            [
                4,
                5,
                3,
                2,
                1,
                0
            ],
            [
                2,
                5,
                0,
                4,
                3,
                1
            ],
            [
                4,
                5,
                0,
                1,
                3,
                2
            ],
            [
                0,
                5,
                2,
                3,
                1,
                4
            ]
        ]
    }
}