{
    "optimal_time": 64.0,
    "opt_compute_time:": 0.017579540610313416,
    "spt_time": 70,
    "spt_compute_time": 1.2667105048894882,
    "lpt_time": 78,
    "lpt_compute_time": 1.5877988655120134,
    "n_jobs": 6,
    "n_resources": 6,
    "n_ops_per_job": 6,
    "max_op_time": 11,
    "jssp_identification": "6x6_3393_inst.json",
    "solution_optimality": "OPTIMAL",
    "jssp_instance": {
        "durations": [
            [
                9,
                6,
                6,
                11,
                11,
                3
            ],
            [
                3,
                3,
                10,
                11,
                11,
                8
            ],
            [
                11,
                2,
                5,
                2,
                10,
                1
            ],
            [
                9,
                5,
                2,
                5,
                5,
                11
            ],
            [
                7,
                6,
                11,
                10,
                8,
                6
            ],
            [
                9,
                10,
                6,
                7,
                7,
                5
            ]
        ],
        "machines": [
            [
                0,
                4,
                5,
                2,
                3,
                1
            ],
            [
                4,
                3,
                2,
                5,
                0,
                1
            ],
            [
                2,
                5,
                3,
                1,
                0,
                4
            ],
            [
                4,
                2,
                3,
                0,
                1,
                5
            ],
            [
                1,
                0,
                4,
                3,
                5,
                2
            ],
            [
                0,
                3,
                5,
                2,
                4,
                1
            ]
        ]
    }
}