{
    "optimal_time": 57.0,
    "spt_time": 59,
    "lpt_time": 71,
    "n_jobs": 6,
    "n_resources": 6,
    "n_ops_per_job": 6,
    "max_op_time": 11,
    "jssp_identification": "6x6_551_inst.json",
    "cp-sat_solver_time": 0.018641871982254088,
    "spt_compute_time": 2.027632056036964,
    "lpt_compute_time": 2.872441455954686,
    "jssp_instance": {
        "durations": [
            [
                10,
                4,
                8,
                8,
                3,
                3
            ],
            [
                11,
                4,
                1,
                8,
                7,
                5
            ],
            [
                3,
                3,
                5,
                5,
                7,
                7
            ],
            [
                4,
                6,
                9,
                11,
                5,
                6
            ],
            [
                5,
                6,
                10,
                1,
                7,
                4
            ],
            [
                9,
                6,
                4,
                8,
                1,
                5
            ]
        ],
        "machines": [
            [
                5,
                3,
                1,
                0,
                2,
                4
            ],
            [
                1,
                2,
                5,
                4,
                0,
                3
            ],
            [
                3,
                1,
                2,
                4,
                0,
                5
            ],
            [
                2,
                4,
                3,
                1,
                5,
                0
            ],
            [
                5,
                4,
                3,
                1,
                0,
                2
            ],
            [
                1,
                0,
                2,
                3,
                5,
                4
            ]
        ]
    },
    "optimal_gantt_data": {
        "0": {
            "Job_num": 5,
            "Mach_num": 0,
            "Job_time": 6,
            "Start_time": 10
        },
        "1": {
            "Job_num": 2,
            "Mach_num": 0,
            "Job_time": 7,
            "Start_time": 22
        },
        "2": {
            "Job_num": 4,
            "Mach_num": 0,
            "Job_time": 7,
            "Start_time": 29
        },
        "3": {
            "Job_num": 1,
            "Mach_num": 0,
            "Job_time": 7,
            "Start_time": 36
        },
        "4": {
            "Job_num": 0,
            "Mach_num": 0,
            "Job_time": 8,
            "Start_time": 43
        },
        "5": {
            "Job_num": 3,
            "Mach_num": 0,
            "Job_time": 6,
            "Start_time": 51
        },
        "6": {
            "Job_num": 5,
            "Mach_num": 1,
            "Job_time": 9,
            "Start_time": 0
        },
        "7": {
            "Job_num": 2,
            "Mach_num": 1,
            "Job_time": 3,
            "Start_time": 9
        },
        "8": {
            "Job_num": 1,
            "Mach_num": 1,
            "Job_time": 11,
            "Start_time": 12
        },
        "9": {
            "Job_num": 4,
            "Mach_num": 1,
            "Job_time": 1,
            "Start_time": 23
        },
        "10": {
            "Job_num": 0,
            "Mach_num": 1,
            "Job_time": 8,
            "Start_time": 25
        },
        "11": {
            "Job_num": 3,
            "Mach_num": 1,
            "Job_time": 11,
            "Start_time": 34
        },
        "12": {
            "Job_num": 3,
            "Mach_num": 2,
            "Job_time": 4,
            "Start_time": 0
        },
        "13": {
            "Job_num": 2,
            "Mach_num": 2,
            "Job_time": 5,
            "Start_time": 12
        },
        "14": {
            "Job_num": 5,
            "Mach_num": 2,
            "Job_time": 4,
            "Start_time": 17
        },
        "15": {
            "Job_num": 1,
            "Mach_num": 2,
            "Job_time": 4,
            "Start_time": 23
        },
        "16": {
            "Job_num": 4,
            "Mach_num": 2,
            "Job_time": 4,
            "Start_time": 36
        },
        "17": {
            "Job_num": 0,
            "Mach_num": 2,
            "Job_time": 3,
            "Start_time": 51
        },
        "18": {
            "Job_num": 2,
            "Mach_num": 3,
            "Job_time": 3,
            "Start_time": 0
        },
        "19": {
            "Job_num": 4,
            "Mach_num": 3,
            "Job_time": 10,
            "Start_time": 11
        },
        "20": {
            "Job_num": 0,
            "Mach_num": 3,
            "Job_time": 4,
            "Start_time": 21
        },
        "21": {
            "Job_num": 3,
            "Mach_num": 3,
            "Job_time": 9,
            "Start_time": 25
        },
        "22": {
            "Job_num": 5,
            "Mach_num": 3,
            "Job_time": 8,
            "Start_time": 34
        },
        "23": {
            "Job_num": 1,
            "Mach_num": 3,
            "Job_time": 5,
            "Start_time": 43
        },
        "24": {
            "Job_num": 4,
            "Mach_num": 4,
            "Job_time": 6,
            "Start_time": 5
        },
        "25": {
            "Job_num": 3,
            "Mach_num": 4,
            "Job_time": 6,
            "Start_time": 11
        },
        "26": {
            "Job_num": 2,
            "Mach_num": 4,
            "Job_time": 5,
            "Start_time": 17
        },
        "27": {
            "Job_num": 1,
            "Mach_num": 4,
            "Job_time": 8,
            "Start_time": 28
        },
        "28": {
            "Job_num": 5,
            "Mach_num": 4,
            "Job_time": 5,
            "Start_time": 43
        },
        "29": {
            "Job_num": 0,
            "Mach_num": 4,
            "Job_time": 3,
            "Start_time": 54
        },
        "30": {
            "Job_num": 4,
            "Mach_num": 5,
            "Job_time": 5,
            "Start_time": 0
        },
        "31": {
            "Job_num": 0,
            "Mach_num": 5,
            "Job_time": 10,
            "Start_time": 5
        },
        "32": {
            "Job_num": 1,
            "Mach_num": 5,
            "Job_time": 1,
            "Start_time": 27
        },
        "33": {
            "Job_num": 5,
            "Mach_num": 5,
            "Job_time": 1,
            "Start_time": 42
        },
        "34": {
            "Job_num": 3,
            "Mach_num": 5,
            "Job_time": 5,
            "Start_time": 45
        },
        "35": {
            "Job_num": 2,
            "Mach_num": 5,
            "Job_time": 7,
            "Start_time": 50
        }
    }
}