{
    "optimal_time": 64.0,
    "opt_compute_time:": 0.016142407432198524,
    "spt_time": 72,
    "spt_compute_time": 1.4032883383333683,
    "lpt_time": 76,
    "lpt_compute_time": 1.4278942178934813,
    "n_jobs": 6,
    "n_resources": 6,
    "n_ops_per_job": 6,
    "max_op_time": 11,
    "jssp_identification": "6x6_3723_inst.json",
    "solution_optimality": "OPTIMAL",
    "jssp_instance": {
        "durations": [
            [
                10,
                10,
                5,
                7,
                4,
                4
            ],
            [
                10,
                5,
                8,
                4,
                9,
                2
            ],
            [
                10,
                8,
                6,
                6,
                5,
                7
            ],
            [
                7,
                6,
                7,
                3,
                10,
                6
            ],
            [
                3,
                11,
                4,
                8,
                2,
                5
            ],
            [
                1,
                11,
                8,
                3,
                2,
                1
            ]
        ],
        "machines": [
            [
                1,
                4,
                0,
                2,
                3,
                5
            ],
            [
                3,
                4,
                0,
                5,
                2,
                1
            ],
            [
                1,
                3,
                4,
                0,
                2,
                5
            ],
            [
                1,
                3,
                5,
                0,
                4,
                2
            ],
            [
                3,
                4,
                1,
                2,
                0,
                5
            ],
            [
                5,
                4,
                0,
                2,
                3,
                1
            ]
        ]
    }
}