{
    "optimal_time": 57.0,
    "opt_compute_time:": 0.01260124146938324,
    "spt_time": 67,
    "spt_compute_time": 1.3679392132908106,
    "lpt_time": 65,
    "lpt_compute_time": 1.370219575241208,
    "n_jobs": 6,
    "n_resources": 6,
    "n_ops_per_job": 6,
    "max_op_time": 11,
    "jssp_identification": "6x6_1323_inst.json",
    "solution_optimality": "OPTIMAL",
    "jssp_instance": {
        "durations": [
            [
                11,
                7,
                11,
                4,
                7,
                10
            ],
            [
                2,
                4,
                5,
                1,
                3,
                3
            ],
            [
                3,
                6,
                6,
                10,
                2,
                5
            ],
            [
                4,
                6,
                11,
                11,
                8,
                3
            ],
            [
                9,
                4,
                6,
                9,
                6,
                8
            ],
            [
                2,
                5,
                5,
                10,
                1,
                4
            ]
        ],
        "machines": [
            [
                0,
                3,
                4,
                2,
                1,
                5
            ],
            [
                3,
                1,
                2,
                5,
                0,
                4
            ],
            [
                3,
                2,
                1,
                0,
                4,
                5
            ],
            [
                3,
                0,
                2,
                4,
                1,
                5
            ],
            [
                4,
                1,
                0,
                5,
                2,
                3
            ],
            [
                5,
                2,
                1,
                4,
                0,
                3
            ]
        ]
    }
}