{
    "optimal_time": 56.0,
    "spt_time": 57,
    "lpt_time": 62,
    "n_jobs": 6,
    "n_resources": 6,
    "n_ops_per_job": 6,
    "max_op_time": 11,
    "jssp_identification": "6x6_443_inst.json",
    "cp-sat_solver_time": 0.013848604052327573,
    "spt_compute_time": 1.9870255109854043,
    "lpt_compute_time": 1.9558961179573089,
    "jssp_instance": {
        "durations": [
            [
                1,
                2,
                8,
                8,
                3,
                2
            ],
            [
                2,
                6,
                10,
                8,
                2,
                4
            ],
            [
                1,
                9,
                6,
                3,
                7,
                7
            ],
            [
                3,
                7,
                10,
                11,
                8,
                2
            ],
            [
                2,
                5,
                10,
                4,
                10,
                10
            ],
            [
                10,
                2,
                5,
                2,
                3,
                3
            ]
        ],
        "machines": [
            [
                4,
                1,
                0,
                2,
                5,
                3
            ],
            [
                3,
                0,
                1,
                4,
                5,
                2
            ],
            [
                0,
                1,
                2,
                4,
                5,
                3
            ],
            [
                4,
                1,
                3,
                2,
                5,
                0
            ],
            [
                2,
                1,
                0,
                5,
                4,
                3
            ],
            [
                3,
                2,
                4,
                5,
                0,
                1
            ]
        ]
    },
    "optimal_gantt_data": {
        "0": {
            "Job_num": 2,
            "Mach_num": 0,
            "Job_time": 1,
            "Start_time": 0
        },
        "1": {
            "Job_num": 1,
            "Mach_num": 0,
            "Job_time": 6,
            "Start_time": 2
        },
        "2": {
            "Job_num": 4,
            "Mach_num": 0,
            "Job_time": 10,
            "Start_time": 8
        },
        "3": {
            "Job_num": 0,
            "Mach_num": 0,
            "Job_time": 8,
            "Start_time": 18
        },
        "4": {
            "Job_num": 5,
            "Mach_num": 0,
            "Job_time": 3,
            "Start_time": 26
        },
        "5": {
            "Job_num": 3,
            "Mach_num": 0,
            "Job_time": 2,
            "Start_time": 54
        },
        "6": {
            "Job_num": 4,
            "Mach_num": 1,
            "Job_time": 5,
            "Start_time": 2
        },
        "7": {
            "Job_num": 2,
            "Mach_num": 1,
            "Job_time": 9,
            "Start_time": 7
        },
        "8": {
            "Job_num": 0,
            "Mach_num": 1,
            "Job_time": 2,
            "Start_time": 16
        },
        "9": {
            "Job_num": 3,
            "Mach_num": 1,
            "Job_time": 7,
            "Start_time": 18
        },
        "10": {
            "Job_num": 1,
            "Mach_num": 1,
            "Job_time": 10,
            "Start_time": 25
        },
        "11": {
            "Job_num": 5,
            "Mach_num": 1,
            "Job_time": 3,
            "Start_time": 35
        },
        "12": {
            "Job_num": 4,
            "Mach_num": 2,
            "Job_time": 2,
            "Start_time": 0
        },
        "13": {
            "Job_num": 5,
            "Mach_num": 2,
            "Job_time": 2,
            "Start_time": 12
        },
        "14": {
            "Job_num": 2,
            "Mach_num": 2,
            "Job_time": 6,
            "Start_time": 16
        },
        "15": {
            "Job_num": 0,
            "Mach_num": 2,
            "Job_time": 8,
            "Start_time": 26
        },
        "16": {
            "Job_num": 3,
            "Mach_num": 2,
            "Job_time": 11,
            "Start_time": 35
        },
        "17": {
            "Job_num": 1,
            "Mach_num": 2,
            "Job_time": 4,
            "Start_time": 52
        },
        "18": {
            "Job_num": 1,
            "Mach_num": 3,
            "Job_time": 2,
            "Start_time": 0
        },
        "19": {
            "Job_num": 5,
            "Mach_num": 3,
            "Job_time": 10,
            "Start_time": 2
        },
        "20": {
            "Job_num": 3,
            "Mach_num": 3,
            "Job_time": 10,
            "Start_time": 25
        },
        "21": {
            "Job_num": 2,
            "Mach_num": 3,
            "Job_time": 7,
            "Start_time": 35
        },
        "22": {
            "Job_num": 4,
            "Mach_num": 3,
            "Job_time": 10,
            "Start_time": 42
        },
        "23": {
            "Job_num": 0,
            "Mach_num": 3,
            "Job_time": 2,
            "Start_time": 52
        },
        "24": {
            "Job_num": 0,
            "Mach_num": 4,
            "Job_time": 1,
            "Start_time": 0
        },
        "25": {
            "Job_num": 3,
            "Mach_num": 4,
            "Job_time": 3,
            "Start_time": 1
        },
        "26": {
            "Job_num": 5,
            "Mach_num": 4,
            "Job_time": 5,
            "Start_time": 14
        },
        "27": {
            "Job_num": 2,
            "Mach_num": 4,
            "Job_time": 3,
            "Start_time": 22
        },
        "28": {
            "Job_num": 4,
            "Mach_num": 4,
            "Job_time": 10,
            "Start_time": 25
        },
        "29": {
            "Job_num": 1,
            "Mach_num": 4,
            "Job_time": 8,
            "Start_time": 35
        },
        "30": {
            "Job_num": 4,
            "Mach_num": 5,
            "Job_time": 4,
            "Start_time": 18
        },
        "31": {
            "Job_num": 5,
            "Mach_num": 5,
            "Job_time": 2,
            "Start_time": 22
        },
        "32": {
            "Job_num": 2,
            "Mach_num": 5,
            "Job_time": 7,
            "Start_time": 25
        },
        "33": {
            "Job_num": 0,
            "Mach_num": 5,
            "Job_time": 3,
            "Start_time": 39
        },
        "34": {
            "Job_num": 1,
            "Mach_num": 5,
            "Job_time": 2,
            "Start_time": 43
        },
        "35": {
            "Job_num": 3,
            "Mach_num": 5,
            "Job_time": 8,
            "Start_time": 46
        }
    }
}