{
    "optimal_time": 64.0,
    "opt_compute_time:": 0.016368316486477852,
    "spt_time": 68,
    "spt_compute_time": 1.429272847250104,
    "lpt_time": 82,
    "lpt_compute_time": 1.560527989640832,
    "n_jobs": 6,
    "n_resources": 6,
    "n_ops_per_job": 6,
    "max_op_time": 11,
    "jssp_identification": "6x6_2289_inst.json",
    "solution_optimality": "OPTIMAL",
    "jssp_instance": {
        "durations": [
            [
                3,
                5,
                7,
                6,
                7,
                8
            ],
            [
                3,
                4,
                8,
                9,
                2,
                3
            ],
            [
                11,
                7,
                10,
                2,
                9,
                4
            ],
            [
                11,
                9,
                3,
                2,
                2,
                4
            ],
            [
                8,
                2,
                10,
                1,
                5,
                5
            ],
            [
                3,
                11,
                11,
                3,
                11,
                2
            ]
        ],
        "machines": [
            [
                3,
                4,
                2,
                0,
                5,
                1
            ],
            [
                5,
                0,
                4,
                1,
                2,
                3
            ],
            [
                3,
                5,
                4,
                0,
                1,
                2
            ],
            [
                2,
                3,
                4,
                1,
                5,
                0
            ],
            [
                2,
                4,
                3,
                5,
                1,
                0
            ],
            [
                2,
                3,
                4,
                0,
                1,
                5
            ]
        ]
    }
}