{
    "optimal_time": 52.0,
    "opt_compute_time:": 0.021753352135419846,
    "spt_time": 57,
    "spt_compute_time": 1.018646251410246,
    "lpt_time": 63,
    "lpt_compute_time": 1.1947471052408218,
    "n_jobs": 6,
    "n_resources": 6,
    "n_ops_per_job": 6,
    "max_op_time": 11,
    "jssp_identification": "6x6_2489_inst.json",
    "solution_optimality": "OPTIMAL",
    "jssp_instance": {
        "durations": [
            [
                4,
                7,
                1,
                4,
                7,
                11
            ],
            [
                5,
                5,
                1,
                5,
                8,
                5
            ],
            [
                3,
                3,
                7,
                4,
                10,
                2
            ],
            [
                1,
                5,
                7,
                7,
                4,
                4
            ],
            [
                2,
                3,
                10,
                8,
                4,
                6
            ],
            [
                11,
                6,
                10,
                4,
                2,
                2
            ]
        ],
        "machines": [
            [
                2,
                3,
                1,
                4,
                5,
                0
            ],
            [
                2,
                4,
                0,
                3,
                5,
                1
            ],
            [
                2,
                0,
                3,
                5,
                4,
                1
            ],
            [
                4,
                1,
                2,
                5,
                0,
                3
            ],
            [
                0,
                1,
                3,
                4,
                5,
                2
            ],
            [
                4,
                1,
                3,
                5,
                2,
                0
            ]
        ]
    }
}