{
    "optimal_time": 62.0,
    "spt_time": 76,
    "lpt_time": 84,
    "n_jobs": 6,
    "n_resources": 6,
    "n_ops_per_job": 6,
    "max_op_time": 11,
    "jssp_identification": "6x6_95_inst.json",
    "cp-sat_solver_time": 0.02221106318756938,
    "spt_compute_time": 1.9831690969876945,
    "lpt_compute_time": 2.2413166440092027,
    "jssp_instance": {
        "durations": [
            [
                8,
                2,
                1,
                4,
                2,
                8
            ],
            [
                10,
                10,
                2,
                5,
                11,
                6
            ],
            [
                1,
                7,
                8,
                5,
                2,
                8
            ],
            [
                3,
                10,
                11,
                4,
                2,
                3
            ],
            [
                9,
                7,
                2,
                3,
                5,
                8
            ],
            [
                6,
                9,
                9,
                7,
                9,
                9
            ]
        ],
        "machines": [
            [
                4,
                2,
                5,
                0,
                3,
                1
            ],
            [
                4,
                3,
                2,
                1,
                0,
                5
            ],
            [
                5,
                2,
                0,
                3,
                1,
                4
            ],
            [
                1,
                0,
                3,
                4,
                5,
                2
            ],
            [
                2,
                0,
                4,
                3,
                5,
                1
            ],
            [
                4,
                3,
                0,
                2,
                1,
                5
            ]
        ]
    },
    "optimal_gantt_data": {
        "0": {
            "Job_num": 3,
            "Mach_num": 0,
            "Job_time": 10,
            "Start_time": 3
        },
        "1": {
            "Job_num": 5,
            "Mach_num": 0,
            "Job_time": 9,
            "Start_time": 15
        },
        "2": {
            "Job_num": 4,
            "Mach_num": 0,
            "Job_time": 7,
            "Start_time": 24
        },
        "3": {
            "Job_num": 0,
            "Mach_num": 0,
            "Job_time": 4,
            "Start_time": 31
        },
        "4": {
            "Job_num": 2,
            "Mach_num": 0,
            "Job_time": 8,
            "Start_time": 35
        },
        "5": {
            "Job_num": 1,
            "Mach_num": 0,
            "Job_time": 11,
            "Start_time": 43
        },
        "6": {
            "Job_num": 3,
            "Mach_num": 1,
            "Job_time": 3,
            "Start_time": 0
        },
        "7": {
            "Job_num": 1,
            "Mach_num": 1,
            "Job_time": 5,
            "Start_time": 28
        },
        "8": {
            "Job_num": 5,
            "Mach_num": 1,
            "Job_time": 9,
            "Start_time": 35
        },
        "9": {
            "Job_num": 4,
            "Mach_num": 1,
            "Job_time": 8,
            "Start_time": 44
        },
        "10": {
            "Job_num": 2,
            "Mach_num": 1,
            "Job_time": 2,
            "Start_time": 52
        },
        "11": {
            "Job_num": 0,
            "Mach_num": 1,
            "Job_time": 8,
            "Start_time": 54
        },
        "12": {
            "Job_num": 4,
            "Mach_num": 2,
            "Job_time": 9,
            "Start_time": 0
        },
        "13": {
            "Job_num": 2,
            "Mach_num": 2,
            "Job_time": 7,
            "Start_time": 9
        },
        "14": {
            "Job_num": 0,
            "Mach_num": 2,
            "Job_time": 2,
            "Start_time": 24
        },
        "15": {
            "Job_num": 1,
            "Mach_num": 2,
            "Job_time": 2,
            "Start_time": 26
        },
        "16": {
            "Job_num": 5,
            "Mach_num": 2,
            "Job_time": 7,
            "Start_time": 28
        },
        "17": {
            "Job_num": 3,
            "Mach_num": 2,
            "Job_time": 3,
            "Start_time": 55
        },
        "18": {
            "Job_num": 5,
            "Mach_num": 3,
            "Job_time": 9,
            "Start_time": 6
        },
        "19": {
            "Job_num": 1,
            "Mach_num": 3,
            "Job_time": 10,
            "Start_time": 16
        },
        "20": {
            "Job_num": 4,
            "Mach_num": 3,
            "Job_time": 3,
            "Start_time": 33
        },
        "21": {
            "Job_num": 3,
            "Mach_num": 3,
            "Job_time": 11,
            "Start_time": 36
        },
        "22": {
            "Job_num": 2,
            "Mach_num": 3,
            "Job_time": 5,
            "Start_time": 47
        },
        "23": {
            "Job_num": 0,
            "Mach_num": 3,
            "Job_time": 2,
            "Start_time": 52
        },
        "24": {
            "Job_num": 5,
            "Mach_num": 4,
            "Job_time": 6,
            "Start_time": 0
        },
        "25": {
            "Job_num": 1,
            "Mach_num": 4,
            "Job_time": 10,
            "Start_time": 6
        },
        "26": {
            "Job_num": 0,
            "Mach_num": 4,
            "Job_time": 8,
            "Start_time": 16
        },
        "27": {
            "Job_num": 4,
            "Mach_num": 4,
            "Job_time": 2,
            "Start_time": 31
        },
        "28": {
            "Job_num": 3,
            "Mach_num": 4,
            "Job_time": 4,
            "Start_time": 47
        },
        "29": {
            "Job_num": 2,
            "Mach_num": 4,
            "Job_time": 8,
            "Start_time": 54
        },
        "30": {
            "Job_num": 2,
            "Mach_num": 5,
            "Job_time": 1,
            "Start_time": 0
        },
        "31": {
            "Job_num": 0,
            "Mach_num": 5,
            "Job_time": 1,
            "Start_time": 26
        },
        "32": {
            "Job_num": 4,
            "Mach_num": 5,
            "Job_time": 5,
            "Start_time": 36
        },
        "33": {
            "Job_num": 5,
            "Mach_num": 5,
            "Job_time": 9,
            "Start_time": 44
        },
        "34": {
            "Job_num": 3,
            "Mach_num": 5,
            "Job_time": 2,
            "Start_time": 53
        },
        "35": {
            "Job_num": 1,
            "Mach_num": 5,
            "Job_time": 6,
            "Start_time": 55
        }
    }
}