{
    "optimal_time": 61.0,
    "spt_time": 65,
    "lpt_time": 69,
    "n_jobs": 6,
    "n_resources": 6,
    "n_ops_per_job": 6,
    "max_op_time": 11,
    "jssp_identification": "6x6_993_inst.json",
    "cp-sat_solver_time": 0.012915074010379612,
    "spt_compute_time": 1.7244986740406603,
    "lpt_compute_time": 1.989126994041726,
    "jssp_instance": {
        "durations": [
            [
                10,
                8,
                5,
                10,
                2,
                2
            ],
            [
                7,
                9,
                3,
                7,
                3,
                5
            ],
            [
                9,
                11,
                4,
                2,
                1,
                4
            ],
            [
                7,
                7,
                7,
                3,
                8,
                11
            ],
            [
                10,
                6,
                6,
                4,
                1,
                5
            ],
            [
                10,
                8,
                5,
                3,
                8,
                7
            ]
        ],
        "machines": [
            [
                0,
                1,
                4,
                3,
                2,
                5
            ],
            [
                5,
                4,
                0,
                3,
                2,
                1
            ],
            [
                1,
                2,
                5,
                3,
                0,
                4
            ],
            [
                4,
                5,
                2,
                1,
                0,
                3
            ],
            [
                2,
                1,
                5,
                3,
                0,
                4
            ],
            [
                4,
                1,
                0,
                5,
                2,
                3
            ]
        ]
    },
    "optimal_gantt_data": {
        "0": {
            "Job_num": 0,
            "Mach_num": 0,
            "Job_time": 10,
            "Start_time": 0
        },
        "1": {
            "Job_num": 1,
            "Mach_num": 0,
            "Job_time": 3,
            "Start_time": 16
        },
        "2": {
            "Job_num": 3,
            "Mach_num": 0,
            "Job_time": 8,
            "Start_time": 27
        },
        "3": {
            "Job_num": 4,
            "Mach_num": 0,
            "Job_time": 1,
            "Start_time": 35
        },
        "4": {
            "Job_num": 5,
            "Mach_num": 0,
            "Job_time": 5,
            "Start_time": 36
        },
        "5": {
            "Job_num": 2,
            "Mach_num": 0,
            "Job_time": 1,
            "Start_time": 54
        },
        "6": {
            "Job_num": 2,
            "Mach_num": 1,
            "Job_time": 9,
            "Start_time": 0
        },
        "7": {
            "Job_num": 4,
            "Mach_num": 1,
            "Job_time": 6,
            "Start_time": 10
        },
        "8": {
            "Job_num": 0,
            "Mach_num": 1,
            "Job_time": 8,
            "Start_time": 16
        },
        "9": {
            "Job_num": 3,
            "Mach_num": 1,
            "Job_time": 3,
            "Start_time": 24
        },
        "10": {
            "Job_num": 5,
            "Mach_num": 1,
            "Job_time": 8,
            "Start_time": 27
        },
        "11": {
            "Job_num": 1,
            "Mach_num": 1,
            "Job_time": 5,
            "Start_time": 44
        },
        "12": {
            "Job_num": 4,
            "Mach_num": 2,
            "Job_time": 10,
            "Start_time": 0
        },
        "13": {
            "Job_num": 3,
            "Mach_num": 2,
            "Job_time": 7,
            "Start_time": 14
        },
        "14": {
            "Job_num": 2,
            "Mach_num": 2,
            "Job_time": 11,
            "Start_time": 21
        },
        "15": {
            "Job_num": 1,
            "Mach_num": 2,
            "Job_time": 3,
            "Start_time": 32
        },
        "16": {
            "Job_num": 0,
            "Mach_num": 2,
            "Job_time": 2,
            "Start_time": 41
        },
        "17": {
            "Job_num": 5,
            "Mach_num": 2,
            "Job_time": 8,
            "Start_time": 44
        },
        "18": {
            "Job_num": 1,
            "Mach_num": 3,
            "Job_time": 7,
            "Start_time": 19
        },
        "19": {
            "Job_num": 4,
            "Mach_num": 3,
            "Job_time": 4,
            "Start_time": 26
        },
        "20": {
            "Job_num": 0,
            "Mach_num": 3,
            "Job_time": 10,
            "Start_time": 31
        },
        "21": {
            "Job_num": 3,
            "Mach_num": 3,
            "Job_time": 11,
            "Start_time": 41
        },
        "22": {
            "Job_num": 2,
            "Mach_num": 3,
            "Job_time": 2,
            "Start_time": 52
        },
        "23": {
            "Job_num": 5,
            "Mach_num": 3,
            "Job_time": 7,
            "Start_time": 54
        },
        "24": {
            "Job_num": 3,
            "Mach_num": 4,
            "Job_time": 7,
            "Start_time": 0
        },
        "25": {
            "Job_num": 1,
            "Mach_num": 4,
            "Job_time": 9,
            "Start_time": 7
        },
        "26": {
            "Job_num": 5,
            "Mach_num": 4,
            "Job_time": 10,
            "Start_time": 16
        },
        "27": {
            "Job_num": 0,
            "Mach_num": 4,
            "Job_time": 5,
            "Start_time": 26
        },
        "28": {
            "Job_num": 4,
            "Mach_num": 4,
            "Job_time": 5,
            "Start_time": 36
        },
        "29": {
            "Job_num": 2,
            "Mach_num": 4,
            "Job_time": 4,
            "Start_time": 55
        },
        "30": {
            "Job_num": 1,
            "Mach_num": 5,
            "Job_time": 7,
            "Start_time": 0
        },
        "31": {
            "Job_num": 3,
            "Mach_num": 5,
            "Job_time": 7,
            "Start_time": 7
        },
        "32": {
            "Job_num": 4,
            "Mach_num": 5,
            "Job_time": 6,
            "Start_time": 16
        },
        "33": {
            "Job_num": 2,
            "Mach_num": 5,
            "Job_time": 4,
            "Start_time": 32
        },
        "34": {
            "Job_num": 5,
            "Mach_num": 5,
            "Job_time": 3,
            "Start_time": 41
        },
        "35": {
            "Job_num": 0,
            "Mach_num": 5,
            "Job_time": 2,
            "Start_time": 44
        }
    }
}