{
    "optimal_time": 59.0,
    "opt_compute_time:": 0.009773723781108856,
    "spt_time": 62,
    "spt_compute_time": 1.0904684402048588,
    "lpt_time": 63,
    "lpt_compute_time": 1.1298971399664879,
    "n_jobs": 6,
    "n_resources": 6,
    "n_ops_per_job": 6,
    "max_op_time": 11,
    "jssp_identification": "6x6_2446_inst.json",
    "solution_optimality": "OPTIMAL",
    "jssp_instance": {
        "durations": [
            [
                1,
                9,
                11,
                9,
                4,
                9
            ],
            [
                3,
                10,
                6,
                1,
                1,
                6
            ],
            [
                9,
                11,
                7,
                11,
                7,
                7
            ],
            [
                2,
                4,
                9,
                6,
                7,
                7
            ],
            [
                11,
                4,
                11,
                6,
                3,
                10
            ],
            [
                7,
                4,
                7,
                1,
                2,
                3
            ]
        ],
        "machines": [
            [
                4,
                1,
                5,
                0,
                3,
                2
            ],
            [
                0,
                1,
                4,
                2,
                3,
                5
            ],
            [
                5,
                0,
                2,
                3,
                4,
                1
            ],
            [
                3,
                2,
                4,
                0,
                5,
                1
            ],
            [
                3,
                5,
                1,
                0,
                4,
                2
            ],
            [
                3,
                4,
                5,
                1,
                2,
                0
            ]
        ]
    }
}