{
    "optimal_time": 54.0,
    "opt_compute_time:": 0.017482411116361618,
    "spt_time": 63,
    "spt_compute_time": 1.0876883752644062,
    "lpt_time": 63,
    "lpt_compute_time": 1.1534180603921413,
    "n_jobs": 6,
    "n_resources": 6,
    "n_ops_per_job": 6,
    "max_op_time": 11,
    "jssp_identification": "6x6_2311_inst.json",
    "solution_optimality": "OPTIMAL",
    "jssp_instance": {
        "durations": [
            [
                5,
                9,
                5,
                5,
                11,
                10
            ],
            [
                3,
                5,
                1,
                5,
                4,
                1
            ],
            [
                2,
                8,
                11,
                5,
                3,
                7
            ],
            [
                11,
                6,
                4,
                8,
                4,
                1
            ],
            [
                3,
                10,
                7,
                9,
                7,
                3
            ],
            [
                5,
                10,
                1,
                5,
                8,
                9
            ]
        ],
        "machines": [
            [
                1,
                3,
                0,
                4,
                5,
                2
            ],
            [
                0,
                2,
                4,
                3,
                5,
                1
            ],
            [
                3,
                4,
                0,
                1,
                5,
                2
            ],
            [
                2,
                1,
                5,
                4,
                0,
                3
            ],
            [
                0,
                3,
                2,
                5,
                1,
                4
            ],
            [
                1,
                5,
                0,
                3,
                2,
                4
            ]
        ]
    }
}