{
    "optimal_time": 65.0,
    "spt_time": 78,
    "lpt_time": 82,
    "n_jobs": 6,
    "n_resources": 6,
    "n_ops_per_job": 6,
    "max_op_time": 11,
    "jssp_identification": "6x6_175_inst.json",
    "cp-sat_solver_time": 0.019692436093464494,
    "spt_compute_time": 1.8781006669159979,
    "lpt_compute_time": 2.15405558294151,
    "jssp_instance": {
        "durations": [
            [
                10,
                9,
                4,
                7,
                5,
                1
            ],
            [
                3,
                6,
                11,
                4,
                7,
                11
            ],
            [
                1,
                11,
                3,
                4,
                7,
                6
            ],
            [
                2,
                7,
                8,
                10,
                9,
                9
            ],
            [
                11,
                7,
                3,
                5,
                9,
                10
            ],
            [
                6,
                7,
                11,
                10,
                11,
                10
            ]
        ],
        "machines": [
            [
                1,
                2,
                3,
                5,
                4,
                0
            ],
            [
                3,
                0,
                2,
                4,
                5,
                1
            ],
            [
                2,
                1,
                4,
                3,
                5,
                0
            ],
            [
                1,
                3,
                4,
                0,
                2,
                5
            ],
            [
                2,
                0,
                4,
                5,
                1,
                3
            ],
            [
                4,
                3,
                1,
                2,
                5,
                0
            ]
        ]
    },
    "optimal_gantt_data": {
        "0": {
            "Job_num": 1,
            "Mach_num": 0,
            "Job_time": 6,
            "Start_time": 3
        },
        "1": {
            "Job_num": 4,
            "Mach_num": 0,
            "Job_time": 7,
            "Start_time": 12
        },
        "2": {
            "Job_num": 3,
            "Mach_num": 0,
            "Job_time": 10,
            "Start_time": 35
        },
        "3": {
            "Job_num": 2,
            "Mach_num": 0,
            "Job_time": 6,
            "Start_time": 46
        },
        "4": {
            "Job_num": 5,
            "Mach_num": 0,
            "Job_time": 10,
            "Start_time": 52
        },
        "5": {
            "Job_num": 0,
            "Mach_num": 0,
            "Job_time": 1,
            "Start_time": 62
        },
        "6": {
            "Job_num": 2,
            "Mach_num": 1,
            "Job_time": 11,
            "Start_time": 1
        },
        "7": {
            "Job_num": 3,
            "Mach_num": 1,
            "Job_time": 2,
            "Start_time": 12
        },
        "8": {
            "Job_num": 5,
            "Mach_num": 1,
            "Job_time": 11,
            "Start_time": 14
        },
        "9": {
            "Job_num": 0,
            "Mach_num": 1,
            "Job_time": 10,
            "Start_time": 25
        },
        "10": {
            "Job_num": 4,
            "Mach_num": 1,
            "Job_time": 9,
            "Start_time": 35
        },
        "11": {
            "Job_num": 1,
            "Mach_num": 1,
            "Job_time": 11,
            "Start_time": 53
        },
        "12": {
            "Job_num": 2,
            "Mach_num": 2,
            "Job_time": 1,
            "Start_time": 0
        },
        "13": {
            "Job_num": 4,
            "Mach_num": 2,
            "Job_time": 11,
            "Start_time": 1
        },
        "14": {
            "Job_num": 1,
            "Mach_num": 2,
            "Job_time": 11,
            "Start_time": 12
        },
        "15": {
            "Job_num": 5,
            "Mach_num": 2,
            "Job_time": 10,
            "Start_time": 25
        },
        "16": {
            "Job_num": 0,
            "Mach_num": 2,
            "Job_time": 9,
            "Start_time": 35
        },
        "17": {
            "Job_num": 3,
            "Mach_num": 2,
            "Job_time": 9,
            "Start_time": 45
        },
        "18": {
            "Job_num": 1,
            "Mach_num": 3,
            "Job_time": 3,
            "Start_time": 0
        },
        "19": {
            "Job_num": 5,
            "Mach_num": 3,
            "Job_time": 7,
            "Start_time": 7
        },
        "20": {
            "Job_num": 2,
            "Mach_num": 3,
            "Job_time": 4,
            "Start_time": 15
        },
        "21": {
            "Job_num": 3,
            "Mach_num": 3,
            "Job_time": 7,
            "Start_time": 19
        },
        "22": {
            "Job_num": 0,
            "Mach_num": 3,
            "Job_time": 4,
            "Start_time": 44
        },
        "23": {
            "Job_num": 4,
            "Mach_num": 3,
            "Job_time": 10,
            "Start_time": 48
        },
        "24": {
            "Job_num": 5,
            "Mach_num": 4,
            "Job_time": 6,
            "Start_time": 0
        },
        "25": {
            "Job_num": 2,
            "Mach_num": 4,
            "Job_time": 3,
            "Start_time": 12
        },
        "26": {
            "Job_num": 4,
            "Mach_num": 4,
            "Job_time": 3,
            "Start_time": 19
        },
        "27": {
            "Job_num": 1,
            "Mach_num": 4,
            "Job_time": 4,
            "Start_time": 23
        },
        "28": {
            "Job_num": 3,
            "Mach_num": 4,
            "Job_time": 8,
            "Start_time": 27
        },
        "29": {
            "Job_num": 0,
            "Mach_num": 4,
            "Job_time": 5,
            "Start_time": 56
        },
        "30": {
            "Job_num": 2,
            "Mach_num": 5,
            "Job_time": 7,
            "Start_time": 19
        },
        "31": {
            "Job_num": 4,
            "Mach_num": 5,
            "Job_time": 5,
            "Start_time": 26
        },
        "32": {
            "Job_num": 1,
            "Mach_num": 5,
            "Job_time": 7,
            "Start_time": 31
        },
        "33": {
            "Job_num": 5,
            "Mach_num": 5,
            "Job_time": 11,
            "Start_time": 38
        },
        "34": {
            "Job_num": 0,
            "Mach_num": 5,
            "Job_time": 7,
            "Start_time": 49
        },
        "35": {
            "Job_num": 3,
            "Mach_num": 5,
            "Job_time": 9,
            "Start_time": 56
        }
    }
}