{
    "optimal_time": 58.0,
    "opt_compute_time:": 0.011556165292859077,
    "spt_time": 72,
    "spt_compute_time": 1.279752004891634,
    "lpt_time": 73,
    "lpt_compute_time": 1.425565468147397,
    "n_jobs": 6,
    "n_resources": 6,
    "n_ops_per_job": 6,
    "max_op_time": 11,
    "jssp_identification": "6x6_1916_inst.json",
    "solution_optimality": "OPTIMAL",
    "jssp_instance": {
        "durations": [
            [
                3,
                5,
                3,
                10,
                1,
                10
            ],
            [
                9,
                7,
                3,
                6,
                3,
                3
            ],
            [
                8,
                11,
                11,
                2,
                2,
                5
            ],
            [
                9,
                7,
                11,
                9,
                5,
                1
            ],
            [
                2,
                6,
                8,
                1,
                3,
                6
            ],
            [
                5,
                4,
                6,
                4,
                1,
                4
            ]
        ],
        "machines": [
            [
                4,
                5,
                2,
                0,
                1,
                3
            ],
            [
                4,
                2,
                3,
                5,
                0,
                1
            ],
            [
                5,
                1,
                0,
                4,
                2,
                3
            ],
            [
                5,
                4,
                0,
                3,
                1,
                2
            ],
            [
                1,
                5,
                4,
                0,
                3,
                2
            ],
            [
                2,
                0,
                3,
                1,
                5,
                4
            ]
        ]
    }
}