{
    "optimal_time": 67.0,
    "spt_time": 78,
    "lpt_time": 79,
    "n_jobs": 6,
    "n_resources": 6,
    "n_ops_per_job": 6,
    "max_op_time": 11,
    "jssp_identification": "6x6_258_inst.json",
    "cp-sat_solver_time": 0.019120848970487714,
    "spt_compute_time": 1.8579455430153757,
    "lpt_compute_time": 2.258758053998463,
    "jssp_instance": {
        "durations": [
            [
                4,
                7,
                3,
                10,
                2,
                3
            ],
            [
                1,
                8,
                7,
                11,
                4,
                9
            ],
            [
                3,
                4,
                10,
                5,
                6,
                1
            ],
            [
                10,
                5,
                11,
                4,
                10,
                10
            ],
            [
                8,
                10,
                5,
                9,
                3,
                7
            ],
            [
                5,
                7,
                6,
                4,
                8,
                8
            ]
        ],
        "machines": [
            [
                2,
                3,
                5,
                4,
                0,
                1
            ],
            [
                2,
                3,
                0,
                1,
                5,
                4
            ],
            [
                0,
                4,
                2,
                3,
                5,
                1
            ],
            [
                0,
                3,
                1,
                2,
                5,
                4
            ],
            [
                4,
                3,
                0,
                5,
                1,
                2
            ],
            [
                0,
                5,
                1,
                3,
                2,
                4
            ]
        ]
    },
    "optimal_gantt_data": {
        "0": {
            "Job_num": 3,
            "Mach_num": 0,
            "Job_time": 10,
            "Start_time": 0
        },
        "1": {
            "Job_num": 2,
            "Mach_num": 0,
            "Job_time": 3,
            "Start_time": 10
        },
        "2": {
            "Job_num": 5,
            "Mach_num": 0,
            "Job_time": 5,
            "Start_time": 13
        },
        "3": {
            "Job_num": 1,
            "Mach_num": 0,
            "Job_time": 7,
            "Start_time": 19
        },
        "4": {
            "Job_num": 4,
            "Mach_num": 0,
            "Job_time": 5,
            "Start_time": 32
        },
        "5": {
            "Job_num": 0,
            "Mach_num": 0,
            "Job_time": 2,
            "Start_time": 38
        },
        "6": {
            "Job_num": 3,
            "Mach_num": 1,
            "Job_time": 11,
            "Start_time": 15
        },
        "7": {
            "Job_num": 1,
            "Mach_num": 1,
            "Job_time": 11,
            "Start_time": 30
        },
        "8": {
            "Job_num": 5,
            "Mach_num": 1,
            "Job_time": 6,
            "Start_time": 41
        },
        "9": {
            "Job_num": 0,
            "Mach_num": 1,
            "Job_time": 3,
            "Start_time": 54
        },
        "10": {
            "Job_num": 4,
            "Mach_num": 1,
            "Job_time": 3,
            "Start_time": 57
        },
        "11": {
            "Job_num": 2,
            "Mach_num": 1,
            "Job_time": 1,
            "Start_time": 63
        },
        "12": {
            "Job_num": 1,
            "Mach_num": 2,
            "Job_time": 1,
            "Start_time": 0
        },
        "13": {
            "Job_num": 0,
            "Mach_num": 2,
            "Job_time": 4,
            "Start_time": 1
        },
        "14": {
            "Job_num": 3,
            "Mach_num": 2,
            "Job_time": 4,
            "Start_time": 26
        },
        "15": {
            "Job_num": 2,
            "Mach_num": 2,
            "Job_time": 10,
            "Start_time": 30
        },
        "16": {
            "Job_num": 5,
            "Mach_num": 2,
            "Job_time": 8,
            "Start_time": 51
        },
        "17": {
            "Job_num": 4,
            "Mach_num": 2,
            "Job_time": 7,
            "Start_time": 60
        },
        "18": {
            "Job_num": 1,
            "Mach_num": 3,
            "Job_time": 8,
            "Start_time": 1
        },
        "19": {
            "Job_num": 3,
            "Mach_num": 3,
            "Job_time": 5,
            "Start_time": 10
        },
        "20": {
            "Job_num": 0,
            "Mach_num": 3,
            "Job_time": 7,
            "Start_time": 15
        },
        "21": {
            "Job_num": 4,
            "Mach_num": 3,
            "Job_time": 10,
            "Start_time": 22
        },
        "22": {
            "Job_num": 2,
            "Mach_num": 3,
            "Job_time": 5,
            "Start_time": 40
        },
        "23": {
            "Job_num": 5,
            "Mach_num": 3,
            "Job_time": 4,
            "Start_time": 47
        },
        "24": {
            "Job_num": 4,
            "Mach_num": 4,
            "Job_time": 8,
            "Start_time": 0
        },
        "25": {
            "Job_num": 2,
            "Mach_num": 4,
            "Job_time": 4,
            "Start_time": 13
        },
        "26": {
            "Job_num": 0,
            "Mach_num": 4,
            "Job_time": 10,
            "Start_time": 28
        },
        "27": {
            "Job_num": 3,
            "Mach_num": 4,
            "Job_time": 10,
            "Start_time": 40
        },
        "28": {
            "Job_num": 1,
            "Mach_num": 4,
            "Job_time": 9,
            "Start_time": 50
        },
        "29": {
            "Job_num": 5,
            "Mach_num": 4,
            "Job_time": 8,
            "Start_time": 59
        },
        "30": {
            "Job_num": 5,
            "Mach_num": 5,
            "Job_time": 7,
            "Start_time": 18
        },
        "31": {
            "Job_num": 0,
            "Mach_num": 5,
            "Job_time": 3,
            "Start_time": 25
        },
        "32": {
            "Job_num": 3,
            "Mach_num": 5,
            "Job_time": 10,
            "Start_time": 30
        },
        "33": {
            "Job_num": 1,
            "Mach_num": 5,
            "Job_time": 4,
            "Start_time": 44
        },
        "34": {
            "Job_num": 4,
            "Mach_num": 5,
            "Job_time": 9,
            "Start_time": 48
        },
        "35": {
            "Job_num": 2,
            "Mach_num": 5,
            "Job_time": 6,
            "Start_time": 57
        }
    }
}