{
    "optimal_time": 60.0,
    "opt_compute_time:": 0.016257956624031067,
    "spt_time": 61,
    "spt_compute_time": 1.0271399021148682,
    "lpt_time": 69,
    "lpt_compute_time": 1.499600987881422,
    "n_jobs": 6,
    "n_resources": 6,
    "n_ops_per_job": 6,
    "max_op_time": 11,
    "jssp_identification": "6x6_1869_inst.json",
    "solution_optimality": "OPTIMAL",
    "jssp_instance": {
        "durations": [
            [
                1,
                1,
                6,
                3,
                2,
                7
            ],
            [
                1,
                11,
                4,
                3,
                3,
                10
            ],
            [
                10,
                7,
                1,
                10,
                11,
                2
            ],
            [
                9,
                2,
                7,
                7,
                10,
                11
            ],
            [
                10,
                6,
                1,
                4,
                6,
                4
            ],
            [
                10,
                11,
                2,
                11,
                7,
                6
            ]
        ],
        "machines": [
            [
                3,
                0,
                2,
                4,
                1,
                5
            ],
            [
                5,
                0,
                4,
                1,
                2,
                3
            ],
            [
                0,
                1,
                3,
                5,
                4,
                2
            ],
            [
                3,
                4,
                2,
                1,
                0,
                5
            ],
            [
                2,
                3,
                0,
                1,
                4,
                5
            ],
            [
                4,
                3,
                1,
                0,
                5,
                2
            ]
        ]
    }
}