{
    "optimal_time": 59.0,
    "opt_compute_time:": 0.01203332282602787,
    "spt_time": 68,
    "spt_compute_time": 1.3795872312039137,
    "lpt_time": 69,
    "lpt_compute_time": 1.5012806169688702,
    "n_jobs": 6,
    "n_resources": 6,
    "n_ops_per_job": 6,
    "max_op_time": 11,
    "jssp_identification": "6x6_3626_inst.json",
    "solution_optimality": "OPTIMAL",
    "jssp_instance": {
        "durations": [
            [
                5,
                10,
                5,
                5,
                5,
                1
            ],
            [
                4,
                10,
                2,
                11,
                2,
                11
            ],
            [
                10,
                10,
                5,
                8,
                6,
                2
            ],
            [
                5,
                10,
                10,
                4,
                10,
                2
            ],
            [
                5,
                9,
                2,
                5,
                6,
                1
            ],
            [
                5,
                9,
                4,
                1,
                10,
                7
            ]
        ],
        "machines": [
            [
                4,
                5,
                0,
                2,
                3,
                1
            ],
            [
                3,
                2,
                1,
                5,
                4,
                0
            ],
            [
                1,
                2,
                5,
                3,
                4,
                0
            ],
            [
                1,
                3,
                5,
                2,
                0,
                4
            ],
            [
                1,
                0,
                5,
                2,
                4,
                3
            ],
            [
                5,
                3,
                0,
                1,
                2,
                4
            ]
        ]
    }
}