{
    "optimal_time": 58.0,
    "spt_time": 67,
    "lpt_time": 78,
    "n_jobs": 6,
    "n_resources": 6,
    "n_ops_per_job": 6,
    "max_op_time": 11,
    "jssp_identification": "6x6_842_inst.json",
    "cp-sat_solver_time": 0.029607906006276608,
    "spt_compute_time": 2.138732539024204,
    "lpt_compute_time": 2.4330742510501295,
    "jssp_instance": {
        "durations": [
            [
                9,
                3,
                10,
                2,
                7,
                10
            ],
            [
                7,
                11,
                3,
                1,
                1,
                8
            ],
            [
                4,
                7,
                3,
                9,
                6,
                7
            ],
            [
                5,
                9,
                9,
                10,
                2,
                1
            ],
            [
                7,
                3,
                8,
                3,
                1,
                2
            ],
            [
                6,
                1,
                2,
                6,
                10,
                7
            ]
        ],
        "machines": [
            [
                3,
                2,
                5,
                0,
                4,
                1
            ],
            [
                3,
                2,
                0,
                5,
                1,
                4
            ],
            [
                0,
                3,
                4,
                2,
                1,
                5
            ],
            [
                2,
                0,
                5,
                1,
                3,
                4
            ],
            [
                1,
                4,
                0,
                2,
                5,
                3
            ],
            [
                2,
                0,
                3,
                5,
                4,
                1
            ]
        ]
    },
    "optimal_gantt_data": {
        "0": {
            "Job_num": 2,
            "Mach_num": 0,
            "Job_time": 4,
            "Start_time": 0
        },
        "1": {
            "Job_num": 3,
            "Mach_num": 0,
            "Job_time": 9,
            "Start_time": 5
        },
        "2": {
            "Job_num": 5,
            "Mach_num": 0,
            "Job_time": 1,
            "Start_time": 18
        },
        "3": {
            "Job_num": 4,
            "Mach_num": 0,
            "Job_time": 8,
            "Start_time": 19
        },
        "4": {
            "Job_num": 0,
            "Mach_num": 0,
            "Job_time": 2,
            "Start_time": 39
        },
        "5": {
            "Job_num": 1,
            "Mach_num": 0,
            "Job_time": 3,
            "Start_time": 42
        },
        "6": {
            "Job_num": 4,
            "Mach_num": 1,
            "Job_time": 7,
            "Start_time": 0
        },
        "7": {
            "Job_num": 3,
            "Mach_num": 1,
            "Job_time": 10,
            "Start_time": 23
        },
        "8": {
            "Job_num": 2,
            "Mach_num": 1,
            "Job_time": 6,
            "Start_time": 33
        },
        "9": {
            "Job_num": 5,
            "Mach_num": 1,
            "Job_time": 7,
            "Start_time": 39
        },
        "10": {
            "Job_num": 1,
            "Mach_num": 1,
            "Job_time": 1,
            "Start_time": 46
        },
        "11": {
            "Job_num": 0,
            "Mach_num": 1,
            "Job_time": 10,
            "Start_time": 48
        },
        "12": {
            "Job_num": 3,
            "Mach_num": 2,
            "Job_time": 5,
            "Start_time": 0
        },
        "13": {
            "Job_num": 0,
            "Mach_num": 2,
            "Job_time": 3,
            "Start_time": 9
        },
        "14": {
            "Job_num": 5,
            "Mach_num": 2,
            "Job_time": 6,
            "Start_time": 12
        },
        "15": {
            "Job_num": 2,
            "Mach_num": 2,
            "Job_time": 9,
            "Start_time": 19
        },
        "16": {
            "Job_num": 4,
            "Mach_num": 2,
            "Job_time": 3,
            "Start_time": 28
        },
        "17": {
            "Job_num": 1,
            "Mach_num": 2,
            "Job_time": 11,
            "Start_time": 31
        },
        "18": {
            "Job_num": 0,
            "Mach_num": 3,
            "Job_time": 9,
            "Start_time": 0
        },
        "19": {
            "Job_num": 2,
            "Mach_num": 3,
            "Job_time": 7,
            "Start_time": 9
        },
        "20": {
            "Job_num": 5,
            "Mach_num": 3,
            "Job_time": 2,
            "Start_time": 19
        },
        "21": {
            "Job_num": 1,
            "Mach_num": 3,
            "Job_time": 7,
            "Start_time": 21
        },
        "22": {
            "Job_num": 3,
            "Mach_num": 3,
            "Job_time": 2,
            "Start_time": 33
        },
        "23": {
            "Job_num": 4,
            "Mach_num": 3,
            "Job_time": 2,
            "Start_time": 42
        },
        "24": {
            "Job_num": 4,
            "Mach_num": 4,
            "Job_time": 3,
            "Start_time": 7
        },
        "25": {
            "Job_num": 2,
            "Mach_num": 4,
            "Job_time": 3,
            "Start_time": 16
        },
        "26": {
            "Job_num": 5,
            "Mach_num": 4,
            "Job_time": 10,
            "Start_time": 29
        },
        "27": {
            "Job_num": 3,
            "Mach_num": 4,
            "Job_time": 1,
            "Start_time": 39
        },
        "28": {
            "Job_num": 0,
            "Mach_num": 4,
            "Job_time": 7,
            "Start_time": 41
        },
        "29": {
            "Job_num": 1,
            "Mach_num": 4,
            "Job_time": 8,
            "Start_time": 48
        },
        "30": {
            "Job_num": 3,
            "Mach_num": 5,
            "Job_time": 9,
            "Start_time": 14
        },
        "31": {
            "Job_num": 5,
            "Mach_num": 5,
            "Job_time": 6,
            "Start_time": 23
        },
        "32": {
            "Job_num": 0,
            "Mach_num": 5,
            "Job_time": 10,
            "Start_time": 29
        },
        "33": {
            "Job_num": 4,
            "Mach_num": 5,
            "Job_time": 1,
            "Start_time": 41
        },
        "34": {
            "Job_num": 1,
            "Mach_num": 5,
            "Job_time": 1,
            "Start_time": 45
        },
        "35": {
            "Job_num": 2,
            "Mach_num": 5,
            "Job_time": 7,
            "Start_time": 46
        }
    }
}