{
    "optimal_time": 55.0,
    "opt_compute_time:": 0.013200141489505768,
    "spt_time": 60,
    "spt_compute_time": 0.9936609398573637,
    "lpt_time": 68,
    "lpt_compute_time": 1.2831755429506302,
    "n_jobs": 6,
    "n_resources": 6,
    "n_ops_per_job": 6,
    "max_op_time": 11,
    "jssp_identification": "6x6_1239_inst.json",
    "solution_optimality": "OPTIMAL",
    "jssp_instance": {
        "durations": [
            [
                2,
                4,
                8,
                9,
                11,
                1
            ],
            [
                10,
                9,
                9,
                9,
                1,
                3
            ],
            [
                3,
                5,
                5,
                4,
                3,
                10
            ],
            [
                9,
                9,
                1,
                3,
                6,
                4
            ],
            [
                4,
                6,
                11,
                6,
                8,
                8
            ],
            [
                8,
                6,
                5,
                5,
                10,
                6
            ]
        ],
        "machines": [
            [
                4,
                1,
                5,
                3,
                2,
                0
            ],
            [
                0,
                2,
                4,
                5,
                3,
                1
            ],
            [
                0,
                3,
                1,
                2,
                4,
                5
            ],
            [
                4,
                2,
                5,
                1,
                0,
                3
            ],
            [
                5,
                3,
                0,
                4,
                1,
                2
            ],
            [
                2,
                3,
                5,
                4,
                0,
                1
            ]
        ]
    }
}