{
    "optimal_time": 57.0,
    "spt_time": 60,
    "lpt_time": 63,
    "n_jobs": 6,
    "n_resources": 6,
    "n_ops_per_job": 6,
    "max_op_time": 11,
    "jssp_identification": "6x6_769_inst.json",
    "cp-sat_solver_time": 0.016054183011874557,
    "spt_compute_time": 1.5666767000220716,
    "lpt_compute_time": 1.6662220989819616,
    "jssp_instance": {
        "durations": [
            [
                1,
                11,
                2,
                10,
                1,
                5
            ],
            [
                1,
                8,
                2,
                5,
                4,
                8
            ],
            [
                1,
                11,
                9,
                3,
                11,
                5
            ],
            [
                8,
                2,
                1,
                6,
                11,
                9
            ],
            [
                5,
                7,
                7,
                9,
                1,
                8
            ],
            [
                7,
                4,
                7,
                3,
                10,
                4
            ]
        ],
        "machines": [
            [
                4,
                3,
                5,
                1,
                0,
                2
            ],
            [
                5,
                3,
                4,
                1,
                0,
                2
            ],
            [
                2,
                1,
                4,
                0,
                3,
                5
            ],
            [
                2,
                5,
                3,
                0,
                1,
                4
            ],
            [
                4,
                1,
                0,
                2,
                3,
                5
            ],
            [
                1,
                4,
                2,
                3,
                5,
                0
            ]
        ]
    },
    "optimal_gantt_data": {
        "0": {
            "Job_num": 3,
            "Mach_num": 0,
            "Job_time": 6,
            "Start_time": 13
        },
        "1": {
            "Job_num": 4,
            "Mach_num": 0,
            "Job_time": 7,
            "Start_time": 19
        },
        "2": {
            "Job_num": 1,
            "Mach_num": 0,
            "Job_time": 4,
            "Start_time": 30
        },
        "3": {
            "Job_num": 2,
            "Mach_num": 0,
            "Job_time": 3,
            "Start_time": 34
        },
        "4": {
            "Job_num": 0,
            "Mach_num": 0,
            "Job_time": 1,
            "Start_time": 51
        },
        "5": {
            "Job_num": 5,
            "Mach_num": 0,
            "Job_time": 4,
            "Start_time": 52
        },
        "6": {
            "Job_num": 5,
            "Mach_num": 1,
            "Job_time": 7,
            "Start_time": 0
        },
        "7": {
            "Job_num": 4,
            "Mach_num": 1,
            "Job_time": 7,
            "Start_time": 7
        },
        "8": {
            "Job_num": 2,
            "Mach_num": 1,
            "Job_time": 11,
            "Start_time": 14
        },
        "9": {
            "Job_num": 1,
            "Mach_num": 1,
            "Job_time": 5,
            "Start_time": 25
        },
        "10": {
            "Job_num": 3,
            "Mach_num": 1,
            "Job_time": 11,
            "Start_time": 30
        },
        "11": {
            "Job_num": 0,
            "Mach_num": 1,
            "Job_time": 10,
            "Start_time": 41
        },
        "12": {
            "Job_num": 2,
            "Mach_num": 2,
            "Job_time": 1,
            "Start_time": 0
        },
        "13": {
            "Job_num": 3,
            "Mach_num": 2,
            "Job_time": 8,
            "Start_time": 1
        },
        "14": {
            "Job_num": 5,
            "Mach_num": 2,
            "Job_time": 7,
            "Start_time": 11
        },
        "15": {
            "Job_num": 4,
            "Mach_num": 2,
            "Job_time": 9,
            "Start_time": 26
        },
        "16": {
            "Job_num": 1,
            "Mach_num": 2,
            "Job_time": 8,
            "Start_time": 35
        },
        "17": {
            "Job_num": 0,
            "Mach_num": 2,
            "Job_time": 5,
            "Start_time": 52
        },
        "18": {
            "Job_num": 0,
            "Mach_num": 3,
            "Job_time": 11,
            "Start_time": 1
        },
        "19": {
            "Job_num": 3,
            "Mach_num": 3,
            "Job_time": 1,
            "Start_time": 12
        },
        "20": {
            "Job_num": 1,
            "Mach_num": 3,
            "Job_time": 8,
            "Start_time": 13
        },
        "21": {
            "Job_num": 5,
            "Mach_num": 3,
            "Job_time": 3,
            "Start_time": 21
        },
        "22": {
            "Job_num": 4,
            "Mach_num": 3,
            "Job_time": 1,
            "Start_time": 35
        },
        "23": {
            "Job_num": 2,
            "Mach_num": 3,
            "Job_time": 11,
            "Start_time": 37
        },
        "24": {
            "Job_num": 0,
            "Mach_num": 4,
            "Job_time": 1,
            "Start_time": 0
        },
        "25": {
            "Job_num": 4,
            "Mach_num": 4,
            "Job_time": 5,
            "Start_time": 1
        },
        "26": {
            "Job_num": 5,
            "Mach_num": 4,
            "Job_time": 4,
            "Start_time": 7
        },
        "27": {
            "Job_num": 1,
            "Mach_num": 4,
            "Job_time": 2,
            "Start_time": 21
        },
        "28": {
            "Job_num": 2,
            "Mach_num": 4,
            "Job_time": 9,
            "Start_time": 25
        },
        "29": {
            "Job_num": 3,
            "Mach_num": 4,
            "Job_time": 9,
            "Start_time": 48
        },
        "30": {
            "Job_num": 1,
            "Mach_num": 5,
            "Job_time": 1,
            "Start_time": 0
        },
        "31": {
            "Job_num": 3,
            "Mach_num": 5,
            "Job_time": 2,
            "Start_time": 9
        },
        "32": {
            "Job_num": 0,
            "Mach_num": 5,
            "Job_time": 2,
            "Start_time": 12
        },
        "33": {
            "Job_num": 5,
            "Mach_num": 5,
            "Job_time": 10,
            "Start_time": 24
        },
        "34": {
            "Job_num": 4,
            "Mach_num": 5,
            "Job_time": 8,
            "Start_time": 36
        },
        "35": {
            "Job_num": 2,
            "Mach_num": 5,
            "Job_time": 5,
            "Start_time": 48
        }
    }
}