{
    "optimal_time": 65.0,
    "opt_compute_time:": 0.01969774253666401,
    "spt_time": 70,
    "spt_compute_time": 1.5618343837559223,
    "lpt_time": 82,
    "lpt_compute_time": 1.664391491562128,
    "n_jobs": 6,
    "n_resources": 6,
    "n_ops_per_job": 6,
    "max_op_time": 11,
    "jssp_identification": "6x6_3017_inst.json",
    "solution_optimality": "OPTIMAL",
    "jssp_instance": {
        "durations": [
            [
                10,
                7,
                7,
                8,
                5,
                2
            ],
            [
                10,
                7,
                2,
                6,
                9,
                10
            ],
            [
                11,
                7,
                3,
                4,
                8,
                7
            ],
            [
                2,
                3,
                6,
                5,
                6,
                5
            ],
            [
                8,
                5,
                7,
                10,
                3,
                4
            ],
            [
                4,
                8,
                10,
                11,
                1,
                1
            ]
        ],
        "machines": [
            [
                3,
                1,
                0,
                4,
                2,
                5
            ],
            [
                3,
                1,
                2,
                4,
                5,
                0
            ],
            [
                3,
                1,
                2,
                4,
                0,
                5
            ],
            [
                3,
                2,
                4,
                1,
                5,
                0
            ],
            [
                2,
                3,
                0,
                5,
                4,
                1
            ],
            [
                1,
                2,
                0,
                4,
                5,
                3
            ]
        ]
    }
}