{
    "optimal_time": 56.0,
    "opt_compute_time:": 0.02142864093184471,
    "spt_time": 77,
    "spt_compute_time": 1.2232737001031637,
    "lpt_time": 79,
    "lpt_compute_time": 1.609598034992814,
    "n_jobs": 6,
    "n_resources": 6,
    "n_ops_per_job": 6,
    "max_op_time": 11,
    "jssp_identification": "6x6_3028_inst.json",
    "solution_optimality": "OPTIMAL",
    "jssp_instance": {
        "durations": [
            [
                2,
                5,
                8,
                1,
                4,
                7
            ],
            [
                4,
                5,
                8,
                2,
                6,
                4
            ],
            [
                9,
                1,
                6,
                10,
                7,
                8
            ],
            [
                3,
                9,
                1,
                4,
                3,
                10
            ],
            [
                6,
                7,
                1,
                5,
                8,
                4
            ],
            [
                8,
                7,
                7,
                8,
                5,
                5
            ]
        ],
        "machines": [
            [
                4,
                2,
                0,
                3,
                5,
                1
            ],
            [
                3,
                0,
                2,
                5,
                4,
                1
            ],
            [
                0,
                5,
                2,
                1,
                3,
                4
            ],
            [
                0,
                4,
                2,
                1,
                5,
                3
            ],
            [
                0,
                3,
                5,
                1,
                4,
                2
            ],
            [
                2,
                5,
                0,
                3,
                4,
                1
            ]
        ]
    }
}