{
    "optimal_time": 61.0,
    "opt_compute_time:": 0.016374222934246063,
    "spt_time": 67,
    "spt_compute_time": 1.2024779971688986,
    "lpt_time": 79,
    "lpt_compute_time": 1.4730791449546814,
    "n_jobs": 6,
    "n_resources": 6,
    "n_ops_per_job": 6,
    "max_op_time": 11,
    "jssp_identification": "6x6_2103_inst.json",
    "solution_optimality": "OPTIMAL",
    "jssp_instance": {
        "durations": [
            [
                9,
                9,
                10,
                9,
                9,
                5
            ],
            [
                9,
                2,
                7,
                7,
                2,
                9
            ],
            [
                8,
                4,
                4,
                4,
                9,
                3
            ],
            [
                8,
                1,
                3,
                3,
                4,
                5
            ],
            [
                2,
                5,
                7,
                6,
                7,
                6
            ],
            [
                4,
                11,
                8,
                7,
                4,
                8
            ]
        ],
        "machines": [
            [
                0,
                5,
                2,
                4,
                3,
                1
            ],
            [
                2,
                0,
                3,
                4,
                5,
                1
            ],
            [
                4,
                0,
                3,
                2,
                1,
                5
            ],
            [
                2,
                4,
                1,
                3,
                5,
                0
            ],
            [
                2,
                4,
                0,
                5,
                1,
                3
            ],
            [
                2,
                3,
                5,
                0,
                1,
                4
            ]
        ]
    }
}