{
    "optimal_time": 56.0,
    "opt_compute_time:": 0.025823654606938362,
    "spt_time": 77,
    "spt_compute_time": 1.3262450322508812,
    "lpt_time": 66,
    "lpt_compute_time": 1.3267360758036375,
    "n_jobs": 6,
    "n_resources": 6,
    "n_ops_per_job": 6,
    "max_op_time": 11,
    "jssp_identification": "6x6_1183_inst.json",
    "solution_optimality": "OPTIMAL",
    "jssp_instance": {
        "durations": [
            [
                10,
                5,
                2,
                9,
                5,
                11
            ],
            [
                9,
                2,
                8,
                3,
                2,
                5
            ],
            [
                7,
                11,
                9,
                7,
                9,
                4
            ],
            [
                2,
                5,
                10,
                2,
                2,
                3
            ],
            [
                10,
                8,
                7,
                8,
                5,
                6
            ],
            [
                11,
                6,
                6,
                11,
                7,
                6
            ]
        ],
        "machines": [
            [
                0,
                1,
                3,
                4,
                5,
                2
            ],
            [
                0,
                2,
                5,
                4,
                1,
                3
            ],
            [
                4,
                3,
                1,
                2,
                5,
                0
            ],
            [
                5,
                0,
                2,
                1,
                3,
                4
            ],
            [
                5,
                3,
                1,
                4,
                0,
                2
            ],
            [
                2,
                0,
                5,
                3,
                1,
                4
            ]
        ]
    }
}