{
    "optimal_time": 53.0,
    "spt_time": 57,
    "lpt_time": 57,
    "n_jobs": 6,
    "n_resources": 6,
    "n_ops_per_job": 6,
    "max_op_time": 11,
    "jssp_identification": "6x6_575_inst.json",
    "cp-sat_solver_time": 0.02263295103330165,
    "spt_compute_time": 2.055915788980201,
    "lpt_compute_time": 2.252461227006279,
    "jssp_instance": {
        "durations": [
            [
                10,
                3,
                8,
                7,
                3,
                11
            ],
            [
                6,
                3,
                4,
                11,
                3,
                9
            ],
            [
                2,
                2,
                7,
                7,
                6,
                3
            ],
            [
                9,
                3,
                11,
                4,
                8,
                1
            ],
            [
                7,
                8,
                7,
                8,
                3,
                7
            ],
            [
                5,
                3,
                7,
                7,
                11,
                6
            ]
        ],
        "machines": [
            [
                0,
                1,
                2,
                5,
                3,
                4
            ],
            [
                4,
                5,
                1,
                3,
                2,
                0
            ],
            [
                3,
                1,
                2,
                0,
                5,
                4
            ],
            [
                0,
                4,
                2,
                3,
                1,
                5
            ],
            [
                5,
                4,
                1,
                3,
                2,
                0
            ],
            [
                4,
                2,
                0,
                1,
                5,
                3
            ]
        ]
    },
    "optimal_gantt_data": {
        "0": {
            "Job_num": 0,
            "Mach_num": 0,
            "Job_time": 10,
            "Start_time": 0
        },
        "1": {
            "Job_num": 3,
            "Mach_num": 0,
            "Job_time": 9,
            "Start_time": 10
        },
        "2": {
            "Job_num": 5,
            "Mach_num": 0,
            "Job_time": 7,
            "Start_time": 19
        },
        "3": {
            "Job_num": 1,
            "Mach_num": 0,
            "Job_time": 9,
            "Start_time": 28
        },
        "4": {
            "Job_num": 2,
            "Mach_num": 0,
            "Job_time": 7,
            "Start_time": 37
        },
        "5": {
            "Job_num": 4,
            "Mach_num": 0,
            "Job_time": 7,
            "Start_time": 44
        },
        "6": {
            "Job_num": 2,
            "Mach_num": 1,
            "Job_time": 2,
            "Start_time": 2
        },
        "7": {
            "Job_num": 1,
            "Mach_num": 1,
            "Job_time": 4,
            "Start_time": 10
        },
        "8": {
            "Job_num": 0,
            "Mach_num": 1,
            "Job_time": 3,
            "Start_time": 14
        },
        "9": {
            "Job_num": 4,
            "Mach_num": 1,
            "Job_time": 7,
            "Start_time": 19
        },
        "10": {
            "Job_num": 5,
            "Mach_num": 1,
            "Job_time": 7,
            "Start_time": 26
        },
        "11": {
            "Job_num": 3,
            "Mach_num": 1,
            "Job_time": 8,
            "Start_time": 43
        },
        "12": {
            "Job_num": 2,
            "Mach_num": 2,
            "Job_time": 7,
            "Start_time": 4
        },
        "13": {
            "Job_num": 5,
            "Mach_num": 2,
            "Job_time": 3,
            "Start_time": 11
        },
        "14": {
            "Job_num": 0,
            "Mach_num": 2,
            "Job_time": 8,
            "Start_time": 17
        },
        "15": {
            "Job_num": 1,
            "Mach_num": 2,
            "Job_time": 3,
            "Start_time": 25
        },
        "16": {
            "Job_num": 3,
            "Mach_num": 2,
            "Job_time": 11,
            "Start_time": 28
        },
        "17": {
            "Job_num": 4,
            "Mach_num": 2,
            "Job_time": 3,
            "Start_time": 39
        },
        "18": {
            "Job_num": 2,
            "Mach_num": 3,
            "Job_time": 2,
            "Start_time": 0
        },
        "19": {
            "Job_num": 1,
            "Mach_num": 3,
            "Job_time": 11,
            "Start_time": 14
        },
        "20": {
            "Job_num": 4,
            "Mach_num": 3,
            "Job_time": 8,
            "Start_time": 26
        },
        "21": {
            "Job_num": 0,
            "Mach_num": 3,
            "Job_time": 3,
            "Start_time": 34
        },
        "22": {
            "Job_num": 3,
            "Mach_num": 3,
            "Job_time": 4,
            "Start_time": 39
        },
        "23": {
            "Job_num": 5,
            "Mach_num": 3,
            "Job_time": 6,
            "Start_time": 44
        },
        "24": {
            "Job_num": 1,
            "Mach_num": 4,
            "Job_time": 6,
            "Start_time": 0
        },
        "25": {
            "Job_num": 5,
            "Mach_num": 4,
            "Job_time": 5,
            "Start_time": 6
        },
        "26": {
            "Job_num": 4,
            "Mach_num": 4,
            "Job_time": 8,
            "Start_time": 11
        },
        "27": {
            "Job_num": 3,
            "Mach_num": 4,
            "Job_time": 3,
            "Start_time": 19
        },
        "28": {
            "Job_num": 0,
            "Mach_num": 4,
            "Job_time": 11,
            "Start_time": 37
        },
        "29": {
            "Job_num": 2,
            "Mach_num": 4,
            "Job_time": 3,
            "Start_time": 50
        },
        "30": {
            "Job_num": 4,
            "Mach_num": 5,
            "Job_time": 7,
            "Start_time": 0
        },
        "31": {
            "Job_num": 1,
            "Mach_num": 5,
            "Job_time": 3,
            "Start_time": 7
        },
        "32": {
            "Job_num": 0,
            "Mach_num": 5,
            "Job_time": 7,
            "Start_time": 25
        },
        "33": {
            "Job_num": 5,
            "Mach_num": 5,
            "Job_time": 11,
            "Start_time": 33
        },
        "34": {
            "Job_num": 2,
            "Mach_num": 5,
            "Job_time": 6,
            "Start_time": 44
        },
        "35": {
            "Job_num": 3,
            "Mach_num": 5,
            "Job_time": 1,
            "Start_time": 51
        }
    }
}