{
    "optimal_time": 68.0,
    "opt_compute_time:": 0.015414146706461906,
    "spt_time": 72,
    "spt_compute_time": 1.3549609798938036,
    "lpt_time": 74,
    "lpt_compute_time": 1.4337296821177006,
    "n_jobs": 6,
    "n_resources": 6,
    "n_ops_per_job": 6,
    "max_op_time": 11,
    "jssp_identification": "6x6_1737_inst.json",
    "solution_optimality": "OPTIMAL",
    "jssp_instance": {
        "durations": [
            [
                5,
                8,
                8,
                7,
                11,
                7
            ],
            [
                8,
                10,
                9,
                2,
                8,
                10
            ],
            [
                9,
                2,
                10,
                7,
                3,
                9
            ],
            [
                5,
                5,
                7,
                9,
                4,
                4
            ],
            [
                8,
                4,
                8,
                4,
                4,
                9
            ],
            [
                7,
                11,
                11,
                9,
                3,
                7
            ]
        ],
        "machines": [
            [
                4,
                5,
                0,
                1,
                2,
                3
            ],
            [
                4,
                1,
                3,
                0,
                2,
                5
            ],
            [
                1,
                0,
                2,
                3,
                5,
                4
            ],
            [
                3,
                2,
                4,
                0,
                5,
                1
            ],
            [
                5,
                0,
                1,
                2,
                4,
                3
            ],
            [
                5,
                1,
                0,
                3,
                2,
                4
            ]
        ]
    }
}