{
    "optimal_time": 59.0,
    "opt_compute_time:": 0.017708856612443924,
    "spt_time": 77,
    "spt_compute_time": 1.2383379992097616,
    "lpt_time": 61,
    "lpt_compute_time": 1.2879125531762838,
    "n_jobs": 6,
    "n_resources": 6,
    "n_ops_per_job": 6,
    "max_op_time": 11,
    "jssp_identification": "6x6_1615_inst.json",
    "solution_optimality": "OPTIMAL",
    "jssp_instance": {
        "durations": [
            [
                10,
                5,
                6,
                11,
                11,
                3
            ],
            [
                8,
                5,
                8,
                8,
                3,
                7
            ],
            [
                3,
                8,
                7,
                4,
                1,
                3
            ],
            [
                5,
                6,
                7,
                7,
                2,
                2
            ],
            [
                7,
                9,
                8,
                10,
                10,
                6
            ],
            [
                2,
                9,
                4,
                7,
                1,
                9
            ]
        ],
        "machines": [
            [
                4,
                1,
                0,
                5,
                2,
                3
            ],
            [
                5,
                0,
                2,
                3,
                1,
                4
            ],
            [
                0,
                4,
                3,
                5,
                2,
                1
            ],
            [
                2,
                1,
                5,
                0,
                4,
                3
            ],
            [
                0,
                5,
                2,
                4,
                1,
                3
            ],
            [
                3,
                5,
                0,
                2,
                1,
                4
            ]
        ]
    }
}