{
    "optimal_time": 57.0,
    "opt_compute_time:": 0.01564732939004898,
    "spt_time": 76,
    "spt_compute_time": 1.1748234704136848,
    "lpt_time": 83,
    "lpt_compute_time": 1.4888017233461142,
    "n_jobs": 6,
    "n_resources": 6,
    "n_ops_per_job": 6,
    "max_op_time": 11,
    "jssp_identification": "6x6_1118_inst.json",
    "solution_optimality": "OPTIMAL",
    "jssp_instance": {
        "durations": [
            [
                9,
                7,
                10,
                6,
                3,
                7
            ],
            [
                9,
                11,
                3,
                8,
                1,
                11
            ],
            [
                4,
                8,
                4,
                8,
                6,
                1
            ],
            [
                11,
                4,
                9,
                4,
                5,
                6
            ],
            [
                5,
                3,
                3,
                1,
                6,
                2
            ],
            [
                8,
                8,
                7,
                11,
                2,
                11
            ]
        ],
        "machines": [
            [
                2,
                1,
                4,
                3,
                0,
                5
            ],
            [
                5,
                0,
                3,
                2,
                4,
                1
            ],
            [
                2,
                3,
                0,
                5,
                4,
                1
            ],
            [
                3,
                2,
                1,
                4,
                0,
                5
            ],
            [
                1,
                0,
                4,
                5,
                2,
                3
            ],
            [
                0,
                2,
                3,
                5,
                4,
                1
            ]
        ]
    }
}