{
    "optimal_time": 57.0,
    "spt_time": 64,
    "lpt_time": 65,
    "n_jobs": 6,
    "n_resources": 6,
    "n_ops_per_job": 6,
    "max_op_time": 11,
    "jssp_identification": "6x6_651_inst.json",
    "cp-sat_solver_time": 0.014851775020360947,
    "spt_compute_time": 1.7683561169542372,
    "lpt_compute_time": 1.7234679820248857,
    "jssp_instance": {
        "durations": [
            [
                3,
                4,
                11,
                7,
                6,
                2
            ],
            [
                3,
                8,
                1,
                2,
                2,
                2
            ],
            [
                8,
                3,
                8,
                4,
                4,
                10
            ],
            [
                5,
                8,
                11,
                2,
                3,
                5
            ],
            [
                11,
                2,
                6,
                1,
                6,
                4
            ],
            [
                7,
                3,
                10,
                7,
                8,
                6
            ]
        ],
        "machines": [
            [
                4,
                0,
                5,
                3,
                2,
                1
            ],
            [
                5,
                0,
                3,
                1,
                4,
                2
            ],
            [
                4,
                5,
                3,
                2,
                0,
                1
            ],
            [
                0,
                2,
                4,
                5,
                1,
                3
            ],
            [
                2,
                5,
                4,
                0,
                1,
                3
            ],
            [
                4,
                0,
                5,
                2,
                3,
                1
            ]
        ]
    },
    "optimal_gantt_data": {
        "0": {
            "Job_num": 3,
            "Mach_num": 0,
            "Job_time": 5,
            "Start_time": 0
        },
        "1": {
            "Job_num": 0,
            "Mach_num": 0,
            "Job_time": 4,
            "Start_time": 11
        },
        "2": {
            "Job_num": 5,
            "Mach_num": 0,
            "Job_time": 3,
            "Start_time": 18
        },
        "3": {
            "Job_num": 4,
            "Mach_num": 0,
            "Job_time": 1,
            "Start_time": 24
        },
        "4": {
            "Job_num": 2,
            "Mach_num": 0,
            "Job_time": 4,
            "Start_time": 25
        },
        "5": {
            "Job_num": 1,
            "Mach_num": 0,
            "Job_time": 8,
            "Start_time": 29
        },
        "6": {
            "Job_num": 4,
            "Mach_num": 1,
            "Job_time": 6,
            "Start_time": 25
        },
        "7": {
            "Job_num": 2,
            "Mach_num": 1,
            "Job_time": 10,
            "Start_time": 31
        },
        "8": {
            "Job_num": 1,
            "Mach_num": 1,
            "Job_time": 2,
            "Start_time": 41
        },
        "9": {
            "Job_num": 3,
            "Mach_num": 1,
            "Job_time": 3,
            "Start_time": 43
        },
        "10": {
            "Job_num": 0,
            "Mach_num": 1,
            "Job_time": 2,
            "Start_time": 49
        },
        "11": {
            "Job_num": 5,
            "Mach_num": 1,
            "Job_time": 6,
            "Start_time": 51
        },
        "12": {
            "Job_num": 4,
            "Mach_num": 2,
            "Job_time": 11,
            "Start_time": 0
        },
        "13": {
            "Job_num": 3,
            "Mach_num": 2,
            "Job_time": 8,
            "Start_time": 11
        },
        "14": {
            "Job_num": 2,
            "Mach_num": 2,
            "Job_time": 4,
            "Start_time": 19
        },
        "15": {
            "Job_num": 5,
            "Mach_num": 2,
            "Job_time": 7,
            "Start_time": 36
        },
        "16": {
            "Job_num": 0,
            "Mach_num": 2,
            "Job_time": 6,
            "Start_time": 43
        },
        "17": {
            "Job_num": 1,
            "Mach_num": 2,
            "Job_time": 2,
            "Start_time": 49
        },
        "18": {
            "Job_num": 2,
            "Mach_num": 3,
            "Job_time": 8,
            "Start_time": 11
        },
        "19": {
            "Job_num": 0,
            "Mach_num": 3,
            "Job_time": 7,
            "Start_time": 26
        },
        "20": {
            "Job_num": 4,
            "Mach_num": 3,
            "Job_time": 4,
            "Start_time": 33
        },
        "21": {
            "Job_num": 1,
            "Mach_num": 3,
            "Job_time": 1,
            "Start_time": 37
        },
        "22": {
            "Job_num": 5,
            "Mach_num": 3,
            "Job_time": 8,
            "Start_time": 43
        },
        "23": {
            "Job_num": 3,
            "Mach_num": 3,
            "Job_time": 5,
            "Start_time": 51
        },
        "24": {
            "Job_num": 2,
            "Mach_num": 4,
            "Job_time": 8,
            "Start_time": 0
        },
        "25": {
            "Job_num": 0,
            "Mach_num": 4,
            "Job_time": 3,
            "Start_time": 8
        },
        "26": {
            "Job_num": 5,
            "Mach_num": 4,
            "Job_time": 7,
            "Start_time": 11
        },
        "27": {
            "Job_num": 4,
            "Mach_num": 4,
            "Job_time": 6,
            "Start_time": 18
        },
        "28": {
            "Job_num": 3,
            "Mach_num": 4,
            "Job_time": 11,
            "Start_time": 24
        },
        "29": {
            "Job_num": 1,
            "Mach_num": 4,
            "Job_time": 2,
            "Start_time": 43
        },
        "30": {
            "Job_num": 1,
            "Mach_num": 5,
            "Job_time": 3,
            "Start_time": 0
        },
        "31": {
            "Job_num": 2,
            "Mach_num": 5,
            "Job_time": 3,
            "Start_time": 8
        },
        "32": {
            "Job_num": 4,
            "Mach_num": 5,
            "Job_time": 2,
            "Start_time": 11
        },
        "33": {
            "Job_num": 0,
            "Mach_num": 5,
            "Job_time": 11,
            "Start_time": 15
        },
        "34": {
            "Job_num": 5,
            "Mach_num": 5,
            "Job_time": 10,
            "Start_time": 26
        },
        "35": {
            "Job_num": 3,
            "Mach_num": 5,
            "Job_time": 2,
            "Start_time": 36
        }
    }
}