{
    "optimal_time": 60.0,
    "opt_compute_time:": 0.020314067602157593,
    "spt_time": 69,
    "spt_compute_time": 1.3328749388456345,
    "lpt_time": 89,
    "lpt_compute_time": 1.7747347801923752,
    "n_jobs": 6,
    "n_resources": 6,
    "n_ops_per_job": 6,
    "max_op_time": 11,
    "jssp_identification": "6x6_2882_inst.json",
    "solution_optimality": "OPTIMAL",
    "jssp_instance": {
        "durations": [
            [
                7,
                2,
                11,
                9,
                6,
                1
            ],
            [
                7,
                6,
                11,
                6,
                4,
                7
            ],
            [
                2,
                6,
                11,
                3,
                1,
                8
            ],
            [
                7,
                1,
                11,
                8,
                7,
                2
            ],
            [
                1,
                7,
                3,
                8,
                11,
                9
            ],
            [
                2,
                3,
                2,
                6,
                10,
                9
            ]
        ],
        "machines": [
            [
                2,
                1,
                5,
                3,
                0,
                4
            ],
            [
                4,
                0,
                1,
                3,
                5,
                2
            ],
            [
                2,
                1,
                3,
                4,
                5,
                0
            ],
            [
                5,
                4,
                2,
                1,
                3,
                0
            ],
            [
                5,
                1,
                2,
                4,
                3,
                0
            ],
            [
                2,
                0,
                5,
                3,
                4,
                1
            ]
        ]
    }
}