{
    "optimal_time": 62.0,
    "opt_compute_time:": 0.026704540476202965,
    "spt_time": 64,
    "spt_compute_time": 1.0980591606348753,
    "lpt_time": 68,
    "lpt_compute_time": 1.2461165133863688,
    "n_jobs": 6,
    "n_resources": 6,
    "n_ops_per_job": 6,
    "max_op_time": 11,
    "jssp_identification": "6x6_3439_inst.json",
    "solution_optimality": "OPTIMAL",
    "jssp_instance": {
        "durations": [
            [
                3,
                3,
                6,
                9,
                4,
                3
            ],
            [
                8,
                8,
                7,
                5,
                2,
                1
            ],
            [
                9,
                3,
                4,
                7,
                1,
                8
            ],
            [
                8,
                11,
                10,
                3,
                8,
                6
            ],
            [
                9,
                10,
                6,
                4,
                8,
                10
            ],
            [
                9,
                8,
                4,
                7,
                5,
                11
            ]
        ],
        "machines": [
            [
                4,
                1,
                3,
                0,
                2,
                5
            ],
            [
                1,
                5,
                4,
                0,
                2,
                3
            ],
            [
                1,
                3,
                4,
                5,
                0,
                2
            ],
            [
                0,
                3,
                5,
                2,
                4,
                1
            ],
            [
                2,
                0,
                5,
                3,
                4,
                1
            ],
            [
                0,
                4,
                3,
                1,
                5,
                2
            ]
        ]
    }
}