{
    "optimal_time": 59.0,
    "opt_compute_time:": 0.012855159118771553,
    "spt_time": 60,
    "spt_compute_time": 1.155492391437292,
    "lpt_time": 69,
    "lpt_compute_time": 1.0056751631200314,
    "n_jobs": 6,
    "n_resources": 6,
    "n_ops_per_job": 6,
    "max_op_time": 11,
    "jssp_identification": "6x6_1676_inst.json",
    "solution_optimality": "OPTIMAL",
    "jssp_instance": {
        "durations": [
            [
                8,
                11,
                7,
                2,
                6,
                3
            ],
            [
                6,
                10,
                3,
                5,
                9,
                2
            ],
            [
                10,
                10,
                1,
                10,
                7,
                2
            ],
            [
                9,
                2,
                11,
                9,
                5,
                3
            ],
            [
                9,
                1,
                8,
                9,
                7,
                3
            ],
            [
                5,
                2,
                1,
                11,
                6,
                8
            ]
        ],
        "machines": [
            [
                4,
                2,
                5,
                1,
                3,
                0
            ],
            [
                2,
                1,
                0,
                3,
                5,
                4
            ],
            [
                5,
                0,
                4,
                3,
                1,
                2
            ],
            [
                2,
                3,
                4,
                1,
                0,
                5
            ],
            [
                1,
                4,
                3,
                0,
                5,
                2
            ],
            [
                0,
                3,
                1,
                2,
                4,
                5
            ]
        ]
    }
}