{
    "optimal_time": 64.0,
    "opt_compute_time:": 0.018008645623922348,
    "spt_time": 75,
    "spt_compute_time": 1.3015029858797789,
    "lpt_time": 77,
    "lpt_compute_time": 1.663409136235714,
    "n_jobs": 6,
    "n_resources": 6,
    "n_ops_per_job": 6,
    "max_op_time": 11,
    "jssp_identification": "6x6_1424_inst.json",
    "solution_optimality": "OPTIMAL",
    "jssp_instance": {
        "durations": [
            [
                2,
                8,
                7,
                1,
                3,
                1
            ],
            [
                8,
                2,
                4,
                10,
                1,
                10
            ],
            [
                4,
                6,
                7,
                10,
                1,
                8
            ],
            [
                1,
                6,
                2,
                3,
                7,
                4
            ],
            [
                10,
                9,
                10,
                11,
                11,
                6
            ],
            [
                6,
                9,
                11,
                6,
                5,
                7
            ]
        ],
        "machines": [
            [
                3,
                5,
                2,
                0,
                4,
                1
            ],
            [
                0,
                2,
                4,
                5,
                3,
                1
            ],
            [
                2,
                3,
                5,
                4,
                0,
                1
            ],
            [
                4,
                5,
                3,
                0,
                1,
                2
            ],
            [
                5,
                4,
                2,
                0,
                1,
                3
            ],
            [
                3,
                2,
                0,
                4,
                1,
                5
            ]
        ]
    }
}