{
    "optimal_time": 59.0,
    "opt_compute_time:": 0.010926172137260437,
    "spt_time": 66,
    "spt_compute_time": 1.100641107186675,
    "lpt_time": 65,
    "lpt_compute_time": 1.1753480192273855,
    "n_jobs": 6,
    "n_resources": 6,
    "n_ops_per_job": 6,
    "max_op_time": 11,
    "jssp_identification": "6x6_3813_inst.json",
    "solution_optimality": "OPTIMAL",
    "jssp_instance": {
        "durations": [
            [
                9,
                10,
                9,
                1,
                11,
                7
            ],
            [
                6,
                3,
                5,
                7,
                2,
                1
            ],
            [
                4,
                4,
                3,
                10,
                8,
                2
            ],
            [
                1,
                10,
                2,
                7,
                1,
                6
            ],
            [
                2,
                6,
                6,
                9,
                11,
                8
            ],
            [
                8,
                6,
                5,
                1,
                6,
                5
            ]
        ],
        "machines": [
            [
                4,
                5,
                1,
                3,
                2,
                0
            ],
            [
                0,
                4,
                3,
                5,
                1,
                2
            ],
            [
                1,
                0,
                5,
                2,
                4,
                3
            ],
            [
                2,
                5,
                3,
                4,
                1,
                0
            ],
            [
                0,
                4,
                3,
                1,
                5,
                2
            ],
            [
                3,
                4,
                1,
                0,
                5,
                2
            ]
        ]
    }
}