{
    "optimal_time": 58.0,
    "opt_compute_time:": 0.012019075453281403,
    "spt_time": 65,
    "spt_compute_time": 1.281688904389739,
    "lpt_time": 60,
    "lpt_compute_time": 1.2921891119331121,
    "n_jobs": 6,
    "n_resources": 6,
    "n_ops_per_job": 6,
    "max_op_time": 11,
    "jssp_identification": "6x6_2884_inst.json",
    "solution_optimality": "OPTIMAL",
    "jssp_instance": {
        "durations": [
            [
                6,
                5,
                11,
                6,
                8,
                2
            ],
            [
                11,
                4,
                5,
                10,
                11,
                7
            ],
            [
                7,
                9,
                9,
                4,
                5,
                5
            ],
            [
                5,
                2,
                4,
                9,
                9,
                9
            ],
            [
                3,
                3,
                3,
                2,
                10,
                4
            ],
            [
                4,
                10,
                10,
                6,
                6,
                5
            ]
        ],
        "machines": [
            [
                2,
                4,
                0,
                5,
                3,
                1
            ],
            [
                4,
                0,
                3,
                2,
                5,
                1
            ],
            [
                0,
                3,
                1,
                5,
                4,
                2
            ],
            [
                2,
                3,
                5,
                0,
                4,
                1
            ],
            [
                2,
                1,
                5,
                0,
                3,
                4
            ],
            [
                1,
                5,
                4,
                3,
                0,
                2
            ]
        ]
    }
}