{
    "optimal_time": 64.0,
    "opt_compute_time:": 0.015867851674556732,
    "spt_time": 68,
    "spt_compute_time": 1.2240934949368238,
    "lpt_time": 83,
    "lpt_compute_time": 1.5127476043999195,
    "n_jobs": 6,
    "n_resources": 6,
    "n_ops_per_job": 6,
    "max_op_time": 11,
    "jssp_identification": "6x6_3772_inst.json",
    "solution_optimality": "OPTIMAL",
    "jssp_instance": {
        "durations": [
            [
                8,
                11,
                3,
                6,
                7,
                3
            ],
            [
                9,
                1,
                11,
                4,
                2,
                8
            ],
            [
                3,
                10,
                7,
                10,
                1,
                10
            ],
            [
                4,
                11,
                9,
                4,
                6,
                10
            ],
            [
                11,
                10,
                7,
                9,
                7,
                7
            ],
            [
                1,
                9,
                4,
                2,
                6,
                2
            ]
        ],
        "machines": [
            [
                1,
                0,
                3,
                5,
                4,
                2
            ],
            [
                1,
                0,
                2,
                4,
                5,
                3
            ],
            [
                3,
                2,
                4,
                1,
                0,
                5
            ],
            [
                5,
                4,
                2,
                3,
                0,
                1
            ],
            [
                1,
                4,
                0,
                2,
                3,
                5
            ],
            [
                0,
                5,
                4,
                3,
                1,
                2
            ]
        ]
    }
}