{"epoch": 63, "fold": 1, "train loss": 32.42959213256836, "test loss": 17.049570083618164, "train r2": 0.295898973941803, "test r2": 0.29028797149658203, "_runtime": 13, "_timestamp": 1622507571, "_step": 63}