{"epoch": 999, "fold": 2, "train loss": 2833.5068212890624, "test loss": 1829.29052734375, "train r2": 0.5996590852737427, "test r2": 0.5168231725692749, "_runtime": 568, "_timestamp": 1620760707, "_step": 999}