{"epoch": 999, "fold": 3, "train loss": 14.349034749544584, "test loss": 11.059530258178711, "train r2": 0.720993161201477, "test r2": 0.7099875211715698, "_runtime": 207, "_timestamp": 1620740643, "_step": 999}