{"epoch": 999, "fold": 2, "train loss": 8.888784408569336, "test loss": 5.71711540222168, "train r2": 0.6979448795318604, "test r2": 0.6872024536132812, "_runtime": 121, "_timestamp": 1620766390, "_step": 999}