{"epoch": 999, "fold": 2, "train loss": 16831.235085227272, "test loss": 2057.353515625, "train r2": 0.26483118534088135, "test r2": 0.23875266313552856, "_runtime": 507, "_timestamp": 1621268280, "_step": 999}