{"epoch": 999, "fold": 0, "train loss": 5613.29923828125, "test loss": 1117.3341064453125, "train r2": 0.7787473201751709, "test r2": 0.658270001411438, "_runtime": 698, "_timestamp": 1620930424, "_step": 999}