{"epoch": 999, "fold": 0, "train loss": 20312.921828497023, "test loss": 20360.296875, "train r2": -578.1447143554688, "test r2": -578.1544189453125, "_runtime": 695, "_timestamp": 1621282785, "_step": 1000, "STD Residual Train": 5.922576427459717, "STD Residual Test": 5.934782028198242}