{
    "optimal_time": 90.0,
    "opt_compute_time:": 0.0658448850736022,
    "spt_time": 117,
    "spt_compute_time": 2.732018021866679,
    "lpt_time": 119,
    "lpt_compute_time": 2.537640548311174,
    "n_jobs": 8,
    "n_resources": 8,
    "n_ops_per_job": 8,
    "max_op_time": 11,
    "jssp_identification": "8x8_1068_inst.json",
    "solution_optimality": "OPTIMAL",
    "jssp_instance": {
        "durations": [
            [
                8,
                9,
                2,
                5,
                10,
                10,
                2,
                11
            ],
            [
                1,
                5,
                3,
                10,
                11,
                5,
                8,
                7
            ],
            [
                10,
                8,
                8,
                6,
                10,
                8,
                11,
                10
            ],
            [
                11,
                8,
                1,
                3,
                2,
                10,
                7,
                3
            ],
            [
                6,
                5,
                11,
                8,
                4,
                3,
                2,
                7
            ],
            [
                6,
                4,
                10,
                3,
                10,
                10,
                6,
                11
            ],
            [
                8,
                10,
                9,
                5,
                7,
                3,
                8,
                3
            ],
            [
                5,
                3,
                2,
                6,
                4,
                9,
                1,
                6
            ]
        ],
        "machines": [
            [
                3,
                4,
                0,
                6,
                2,
                1,
                5,
                7
            ],
            [
                1,
                4,
                2,
                0,
                7,
                5,
                3,
                6
            ],
            [
                3,
                2,
                7,
                5,
                4,
                1,
                6,
                0
            ],
            [
                3,
                7,
                1,
                4,
                2,
                6,
                5,
                0
            ],
            [
                4,
                7,
                0,
                5,
                1,
                6,
                3,
                2
            ],
            [
                4,
                1,
                2,
                3,
                0,
                6,
                5,
                7
            ],
            [
                3,
                1,
                4,
                7,
                5,
                0,
                6,
                2
            ],
            [
                0,
                7,
                4,
                5,
                6,
                2,
                3,
                1
            ]
        ]
    }
}