{
    "optimal_time": 73.0,
    "opt_compute_time:": 0.08154915180057287,
    "spt_time": 89,
    "spt_compute_time": 1.971441606990993,
    "lpt_time": 94,
    "lpt_compute_time": 2.430582699831575,
    "n_jobs": 8,
    "n_resources": 8,
    "n_ops_per_job": 8,
    "max_op_time": 11,
    "jssp_identification": "8x8_1421_inst.json",
    "solution_optimality": "OPTIMAL",
    "jssp_instance": {
        "durations": [
            [
                11,
                7,
                3,
                10,
                3,
                1,
                10,
                1
            ],
            [
                7,
                9,
                1,
                4,
                7,
                1,
                10,
                2
            ],
            [
                9,
                8,
                4,
                9,
                9,
                6,
                8,
                1
            ],
            [
                5,
                1,
                5,
                1,
                1,
                9,
                9,
                3
            ],
            [
                10,
                1,
                7,
                6,
                11,
                6,
                2,
                11
            ],
            [
                6,
                2,
                10,
                4,
                4,
                3,
                6,
                11
            ],
            [
                1,
                8,
                1,
                7,
                10,
                4,
                6,
                4
            ],
            [
                3,
                5,
                5,
                10,
                3,
                6,
                6,
                9
            ]
        ],
        "machines": [
            [
                4,
                3,
                7,
                5,
                2,
                1,
                0,
                6
            ],
            [
                2,
                6,
                3,
                5,
                0,
                7,
                4,
                1
            ],
            [
                1,
                7,
                4,
                0,
                6,
                5,
                3,
                2
            ],
            [
                5,
                3,
                7,
                6,
                2,
                4,
                1,
                0
            ],
            [
                3,
                7,
                5,
                1,
                2,
                6,
                4,
                0
            ],
            [
                0,
                7,
                4,
                5,
                3,
                2,
                6,
                1
            ],
            [
                1,
                6,
                2,
                4,
                3,
                7,
                0,
                5
            ],
            [
                3,
                5,
                0,
                4,
                2,
                1,
                7,
                6
            ]
        ]
    }
}