{
    "optimal_time": 82.0,
    "opt_compute_time:": 0.06327175674960017,
    "spt_time": 90,
    "spt_compute_time": 2.2011415250599384,
    "lpt_time": 97,
    "lpt_compute_time": 2.5908770309761167,
    "n_jobs": 8,
    "n_resources": 8,
    "n_ops_per_job": 8,
    "max_op_time": 11,
    "jssp_identification": "8x8_1309_inst.json",
    "solution_optimality": "OPTIMAL",
    "jssp_instance": {
        "durations": [
            [
                6,
                9,
                5,
                10,
                6,
                6,
                8,
                9
            ],
            [
                5,
                10,
                1,
                8,
                8,
                1,
                3,
                7
            ],
            [
                8,
                2,
                9,
                10,
                3,
                10,
                6,
                8
            ],
            [
                10,
                9,
                2,
                3,
                3,
                6,
                2,
                9
            ],
            [
                1,
                10,
                6,
                9,
                7,
                4,
                2,
                6
            ],
            [
                3,
                10,
                5,
                11,
                7,
                9,
                7,
                1
            ],
            [
                7,
                10,
                4,
                10,
                1,
                11,
                2,
                5
            ],
            [
                9,
                10,
                11,
                1,
                10,
                4,
                10,
                5
            ]
        ],
        "machines": [
            [
                4,
                0,
                7,
                1,
                2,
                3,
                6,
                5
            ],
            [
                0,
                5,
                7,
                3,
                6,
                2,
                4,
                1
            ],
            [
                5,
                6,
                2,
                3,
                4,
                1,
                7,
                0
            ],
            [
                2,
                3,
                7,
                6,
                4,
                0,
                1,
                5
            ],
            [
                0,
                7,
                1,
                6,
                5,
                4,
                2,
                3
            ],
            [
                6,
                1,
                7,
                4,
                5,
                0,
                2,
                3
            ],
            [
                4,
                7,
                3,
                0,
                1,
                6,
                5,
                2
            ],
            [
                3,
                1,
                7,
                4,
                6,
                0,
                5,
                2
            ]
        ]
    }
}