{
    "optimal_time": 83.0,
    "opt_compute_time:": 0.04088149778544903,
    "spt_time": 94,
    "spt_compute_time": 2.091514383908361,
    "lpt_time": 102,
    "lpt_compute_time": 2.1821188391186297,
    "n_jobs": 8,
    "n_resources": 8,
    "n_ops_per_job": 8,
    "max_op_time": 11,
    "jssp_identification": "8x8_360_inst.json",
    "solution_optimality": "OPTIMAL",
    "jssp_instance": {
        "durations": [
            [
                5,
                9,
                1,
                10,
                3,
                1,
                2,
                4
            ],
            [
                9,
                9,
                8,
                1,
                10,
                10,
                5,
                5
            ],
            [
                7,
                10,
                5,
                10,
                8,
                5,
                6,
                4
            ],
            [
                8,
                2,
                10,
                11,
                6,
                7,
                11,
                1
            ],
            [
                5,
                11,
                4,
                3,
                7,
                2,
                5,
                11
            ],
            [
                2,
                4,
                3,
                7,
                7,
                10,
                4,
                11
            ],
            [
                2,
                1,
                1,
                10,
                8,
                1,
                3,
                11
            ],
            [
                9,
                9,
                2,
                8,
                3,
                8,
                11,
                1
            ]
        ],
        "machines": [
            [
                2,
                0,
                3,
                5,
                6,
                4,
                1,
                7
            ],
            [
                0,
                7,
                5,
                2,
                4,
                1,
                6,
                3
            ],
            [
                7,
                0,
                5,
                4,
                1,
                6,
                2,
                3
            ],
            [
                7,
                1,
                4,
                6,
                0,
                3,
                5,
                2
            ],
            [
                6,
                7,
                0,
                2,
                5,
                3,
                4,
                1
            ],
            [
                3,
                1,
                5,
                7,
                6,
                4,
                2,
                0
            ],
            [
                0,
                1,
                4,
                7,
                5,
                6,
                2,
                3
            ],
            [
                3,
                6,
                0,
                4,
                5,
                7,
                2,
                1
            ]
        ]
    }
}