{
    "optimal_time": 82.0,
    "opt_compute_time:": 0.05302537512034178,
    "spt_time": 95,
    "spt_compute_time": 2.150213425979018,
    "lpt_time": 127,
    "lpt_compute_time": 2.967070730868727,
    "n_jobs": 8,
    "n_resources": 8,
    "n_ops_per_job": 8,
    "max_op_time": 11,
    "jssp_identification": "8x8_748_inst.json",
    "solution_optimality": "OPTIMAL",
    "jssp_instance": {
        "durations": [
            [
                2,
                9,
                9,
                9,
                9,
                8,
                7,
                10
            ],
            [
                4,
                8,
                9,
                7,
                7,
                4,
                10,
                11
            ],
            [
                9,
                6,
                6,
                5,
                7,
                2,
                10,
                10
            ],
            [
                2,
                3,
                11,
                6,
                3,
                7,
                2,
                9
            ],
            [
                6,
                1,
                4,
                4,
                3,
                3,
                9,
                6
            ],
            [
                1,
                1,
                4,
                7,
                4,
                8,
                5,
                11
            ],
            [
                4,
                4,
                2,
                6,
                10,
                5,
                8,
                10
            ],
            [
                4,
                4,
                1,
                10,
                3,
                5,
                2,
                8
            ]
        ],
        "machines": [
            [
                7,
                3,
                1,
                2,
                6,
                0,
                5,
                4
            ],
            [
                2,
                5,
                4,
                3,
                1,
                6,
                7,
                0
            ],
            [
                7,
                6,
                0,
                3,
                1,
                2,
                5,
                4
            ],
            [
                1,
                3,
                7,
                0,
                6,
                2,
                5,
                4
            ],
            [
                7,
                6,
                0,
                5,
                3,
                1,
                2,
                4
            ],
            [
                7,
                1,
                0,
                2,
                5,
                6,
                3,
                4
            ],
            [
                4,
                3,
                6,
                7,
                1,
                2,
                5,
                0
            ],
            [
                7,
                2,
                4,
                0,
                6,
                5,
                1,
                3
            ]
        ]
    }
}