{
    "optimal_time": 77.0,
    "opt_compute_time:": 0.02875936171039939,
    "spt_time": 85,
    "spt_compute_time": 2.1508161649107933,
    "lpt_time": 103,
    "lpt_compute_time": 2.266561691183597,
    "n_jobs": 8,
    "n_resources": 8,
    "n_ops_per_job": 8,
    "max_op_time": 11,
    "jssp_identification": "8x8_3152_inst.json",
    "solution_optimality": "OPTIMAL",
    "jssp_instance": {
        "durations": [
            [
                3,
                5,
                7,
                8,
                4,
                5,
                9,
                4
            ],
            [
                1,
                7,
                2,
                5,
                1,
                7,
                4,
                11
            ],
            [
                10,
                9,
                10,
                11,
                5,
                11,
                2,
                3
            ],
            [
                10,
                11,
                11,
                1,
                11,
                7,
                7,
                3
            ],
            [
                11,
                9,
                9,
                3,
                2,
                4,
                8,
                4
            ],
            [
                2,
                2,
                1,
                10,
                10,
                3,
                8,
                9
            ],
            [
                4,
                11,
                10,
                1,
                11,
                3,
                10,
                8
            ],
            [
                1,
                8,
                4,
                11,
                1,
                5,
                1,
                2
            ]
        ],
        "machines": [
            [
                2,
                1,
                4,
                0,
                6,
                7,
                3,
                5
            ],
            [
                1,
                3,
                7,
                6,
                5,
                0,
                4,
                2
            ],
            [
                4,
                3,
                2,
                7,
                6,
                5,
                1,
                0
            ],
            [
                3,
                1,
                7,
                5,
                4,
                0,
                6,
                2
            ],
            [
                3,
                4,
                6,
                5,
                2,
                1,
                7,
                0
            ],
            [
                6,
                0,
                7,
                4,
                5,
                2,
                1,
                3
            ],
            [
                1,
                5,
                0,
                6,
                7,
                3,
                2,
                4
            ],
            [
                5,
                2,
                7,
                6,
                0,
                4,
                1,
                3
            ]
        ]
    }
}