{
    "optimal_time": 78.0,
    "opt_compute_time:": 0.07241202797740698,
    "spt_time": 99,
    "spt_compute_time": 2.1327505549415946,
    "lpt_time": 100,
    "lpt_compute_time": 2.54339966410771,
    "n_jobs": 8,
    "n_resources": 8,
    "n_ops_per_job": 8,
    "max_op_time": 11,
    "jssp_identification": "8x8_941_inst.json",
    "solution_optimality": "OPTIMAL",
    "jssp_instance": {
        "durations": [
            [
                1,
                9,
                7,
                3,
                9,
                6,
                6,
                1
            ],
            [
                4,
                2,
                4,
                2,
                5,
                1,
                2,
                11
            ],
            [
                5,
                1,
                9,
                4,
                5,
                3,
                7,
                3
            ],
            [
                10,
                8,
                3,
                2,
                3,
                8,
                4,
                10
            ],
            [
                7,
                11,
                10,
                5,
                2,
                8,
                6,
                11
            ],
            [
                4,
                2,
                9,
                7,
                1,
                7,
                8,
                11
            ],
            [
                3,
                9,
                3,
                7,
                11,
                3,
                3,
                2
            ],
            [
                9,
                10,
                11,
                9,
                6,
                1,
                1,
                5
            ]
        ],
        "machines": [
            [
                5,
                2,
                0,
                7,
                4,
                1,
                6,
                3
            ],
            [
                4,
                3,
                1,
                2,
                6,
                0,
                5,
                7
            ],
            [
                4,
                2,
                7,
                3,
                1,
                5,
                0,
                6
            ],
            [
                7,
                5,
                6,
                1,
                2,
                0,
                3,
                4
            ],
            [
                7,
                5,
                3,
                6,
                0,
                2,
                4,
                1
            ],
            [
                5,
                6,
                7,
                2,
                3,
                0,
                4,
                1
            ],
            [
                5,
                1,
                6,
                7,
                3,
                0,
                2,
                4
            ],
            [
                5,
                2,
                0,
                3,
                1,
                7,
                4,
                6
            ]
        ]
    }
}