{
    "optimal_time": 82.0,
    "opt_compute_time:": 0.04224600503221154,
    "spt_time": 100,
    "spt_compute_time": 2.226737973280251,
    "lpt_time": 100,
    "lpt_compute_time": 2.2712612012401223,
    "n_jobs": 8,
    "n_resources": 8,
    "n_ops_per_job": 8,
    "max_op_time": 11,
    "jssp_identification": "8x8_2905_inst.json",
    "solution_optimality": "OPTIMAL",
    "jssp_instance": {
        "durations": [
            [
                11,
                1,
                8,
                7,
                11,
                6,
                10,
                11
            ],
            [
                11,
                3,
                7,
                1,
                1,
                4,
                11,
                4
            ],
            [
                10,
                2,
                4,
                5,
                9,
                1,
                4,
                3
            ],
            [
                9,
                5,
                11,
                8,
                4,
                2,
                7,
                1
            ],
            [
                1,
                4,
                9,
                3,
                5,
                6,
                2,
                2
            ],
            [
                1,
                6,
                3,
                1,
                9,
                9,
                1,
                5
            ],
            [
                7,
                9,
                3,
                1,
                2,
                7,
                4,
                11
            ],
            [
                2,
                6,
                9,
                8,
                10,
                8,
                9,
                11
            ]
        ],
        "machines": [
            [
                5,
                3,
                4,
                7,
                6,
                2,
                1,
                0
            ],
            [
                6,
                0,
                4,
                1,
                7,
                5,
                3,
                2
            ],
            [
                6,
                3,
                7,
                1,
                0,
                2,
                4,
                5
            ],
            [
                2,
                7,
                6,
                4,
                5,
                0,
                1,
                3
            ],
            [
                2,
                7,
                0,
                4,
                5,
                1,
                6,
                3
            ],
            [
                5,
                7,
                6,
                4,
                0,
                2,
                3,
                1
            ],
            [
                1,
                4,
                6,
                5,
                0,
                2,
                3,
                7
            ],
            [
                3,
                7,
                1,
                6,
                5,
                2,
                4,
                0
            ]
        ]
    }
}