{
    "optimal_time": 83.0,
    "opt_compute_time:": 0.027541677933186293,
    "spt_time": 91,
    "spt_compute_time": 1.8703483561985195,
    "lpt_time": 102,
    "lpt_compute_time": 2.391452170908451,
    "n_jobs": 8,
    "n_resources": 8,
    "n_ops_per_job": 8,
    "max_op_time": 11,
    "jssp_identification": "8x8_396_inst.json",
    "solution_optimality": "OPTIMAL",
    "jssp_instance": {
        "durations": [
            [
                11,
                9,
                2,
                3,
                8,
                7,
                10,
                5
            ],
            [
                1,
                11,
                6,
                1,
                9,
                2,
                7,
                8
            ],
            [
                8,
                9,
                11,
                9,
                7,
                9,
                4,
                3
            ],
            [
                1,
                9,
                10,
                7,
                1,
                10,
                1,
                5
            ],
            [
                2,
                10,
                8,
                7,
                1,
                7,
                2,
                10
            ],
            [
                1,
                6,
                3,
                4,
                1,
                9,
                4,
                8
            ],
            [
                4,
                2,
                11,
                9,
                10,
                11,
                4,
                10
            ],
            [
                9,
                1,
                1,
                10,
                10,
                2,
                8,
                2
            ]
        ],
        "machines": [
            [
                3,
                7,
                6,
                1,
                5,
                4,
                2,
                0
            ],
            [
                2,
                1,
                5,
                6,
                0,
                3,
                7,
                4
            ],
            [
                7,
                4,
                0,
                1,
                5,
                6,
                2,
                3
            ],
            [
                6,
                4,
                3,
                5,
                2,
                1,
                7,
                0
            ],
            [
                4,
                2,
                0,
                5,
                6,
                3,
                1,
                7
            ],
            [
                4,
                5,
                2,
                6,
                0,
                3,
                1,
                7
            ],
            [
                6,
                1,
                7,
                4,
                0,
                5,
                2,
                3
            ],
            [
                7,
                4,
                0,
                6,
                5,
                2,
                1,
                3
            ]
        ]
    }
}