{
    "optimal_time": 72.0,
    "opt_compute_time:": 0.05827930709347129,
    "spt_time": 87,
    "spt_compute_time": 1.9370186179876328,
    "lpt_time": 94,
    "lpt_compute_time": 2.4551320699974895,
    "n_jobs": 8,
    "n_resources": 8,
    "n_ops_per_job": 8,
    "max_op_time": 11,
    "jssp_identification": "8x8_3034_inst.json",
    "solution_optimality": "OPTIMAL",
    "jssp_instance": {
        "durations": [
            [
                6,
                3,
                3,
                1,
                4,
                7,
                2,
                8
            ],
            [
                11,
                8,
                5,
                6,
                8,
                11,
                2,
                5
            ],
            [
                11,
                5,
                1,
                2,
                6,
                5,
                8,
                7
            ],
            [
                3,
                4,
                7,
                1,
                2,
                10,
                1,
                6
            ],
            [
                10,
                4,
                8,
                1,
                7,
                9,
                7,
                11
            ],
            [
                11,
                3,
                1,
                3,
                4,
                6,
                7,
                1
            ],
            [
                11,
                11,
                11,
                9,
                3,
                1,
                6,
                5
            ],
            [
                3,
                5,
                1,
                5,
                6,
                1,
                1,
                9
            ]
        ],
        "machines": [
            [
                0,
                1,
                3,
                4,
                5,
                2,
                6,
                7
            ],
            [
                5,
                7,
                6,
                3,
                4,
                1,
                0,
                2
            ],
            [
                4,
                0,
                3,
                6,
                1,
                2,
                7,
                5
            ],
            [
                0,
                7,
                6,
                5,
                1,
                4,
                2,
                3
            ],
            [
                5,
                3,
                4,
                6,
                2,
                1,
                0,
                7
            ],
            [
                2,
                3,
                0,
                1,
                7,
                4,
                5,
                6
            ],
            [
                0,
                6,
                4,
                1,
                7,
                5,
                3,
                2
            ],
            [
                2,
                3,
                6,
                4,
                7,
                5,
                1,
                0
            ]
        ]
    }
}