{
    "optimal_time": 77.0,
    "opt_compute_time:": 0.05366132967174053,
    "spt_time": 101,
    "spt_compute_time": 2.389815229922533,
    "lpt_time": 98,
    "lpt_compute_time": 2.699357755947858,
    "n_jobs": 8,
    "n_resources": 8,
    "n_ops_per_job": 8,
    "max_op_time": 11,
    "jssp_identification": "8x8_3760_inst.json",
    "solution_optimality": "OPTIMAL",
    "jssp_instance": {
        "durations": [
            [
                3,
                4,
                8,
                2,
                3,
                2,
                2,
                11
            ],
            [
                9,
                5,
                2,
                8,
                10,
                7,
                2,
                10
            ],
            [
                8,
                2,
                9,
                2,
                5,
                5,
                8,
                11
            ],
            [
                9,
                5,
                8,
                9,
                2,
                3,
                5,
                10
            ],
            [
                7,
                9,
                2,
                6,
                2,
                2,
                9,
                9
            ],
            [
                1,
                4,
                11,
                8,
                4,
                10,
                1,
                6
            ],
            [
                6,
                7,
                5,
                8,
                11,
                4,
                10,
                9
            ],
            [
                5,
                3,
                6,
                7,
                1,
                5,
                3,
                2
            ]
        ],
        "machines": [
            [
                7,
                1,
                4,
                6,
                3,
                0,
                5,
                2
            ],
            [
                5,
                7,
                2,
                6,
                1,
                3,
                4,
                0
            ],
            [
                6,
                4,
                2,
                3,
                5,
                1,
                0,
                7
            ],
            [
                7,
                0,
                2,
                3,
                5,
                4,
                6,
                1
            ],
            [
                0,
                3,
                7,
                1,
                5,
                4,
                2,
                6
            ],
            [
                1,
                6,
                3,
                5,
                2,
                7,
                0,
                4
            ],
            [
                4,
                7,
                5,
                2,
                3,
                1,
                6,
                0
            ],
            [
                0,
                5,
                2,
                3,
                6,
                7,
                4,
                1
            ]
        ]
    }
}