{
    "optimal_time": 83.0,
    "opt_compute_time:": 0.0904324697330594,
    "spt_time": 97,
    "spt_compute_time": 2.313459027092904,
    "lpt_time": 119,
    "lpt_compute_time": 2.7509420518763363,
    "n_jobs": 8,
    "n_resources": 8,
    "n_ops_per_job": 8,
    "max_op_time": 11,
    "jssp_identification": "8x8_3867_inst.json",
    "solution_optimality": "OPTIMAL",
    "jssp_instance": {
        "durations": [
            [
                9,
                5,
                9,
                3,
                2,
                8,
                7,
                9
            ],
            [
                2,
                7,
                5,
                10,
                2,
                3,
                5,
                1
            ],
            [
                10,
                8,
                8,
                10,
                6,
                2,
                2,
                10
            ],
            [
                8,
                4,
                11,
                3,
                3,
                10,
                2,
                7
            ],
            [
                9,
                10,
                6,
                9,
                9,
                5,
                10,
                6
            ],
            [
                8,
                3,
                1,
                3,
                3,
                4,
                3,
                11
            ],
            [
                1,
                11,
                4,
                11,
                9,
                9,
                9,
                3
            ],
            [
                11,
                2,
                8,
                8,
                7,
                6,
                6,
                5
            ]
        ],
        "machines": [
            [
                0,
                1,
                4,
                5,
                2,
                6,
                3,
                7
            ],
            [
                2,
                4,
                1,
                0,
                3,
                6,
                5,
                7
            ],
            [
                5,
                0,
                6,
                4,
                3,
                1,
                7,
                2
            ],
            [
                4,
                1,
                0,
                3,
                6,
                2,
                7,
                5
            ],
            [
                4,
                3,
                6,
                7,
                0,
                1,
                2,
                5
            ],
            [
                4,
                6,
                2,
                0,
                7,
                5,
                1,
                3
            ],
            [
                4,
                2,
                7,
                3,
                1,
                6,
                0,
                5
            ],
            [
                7,
                3,
                0,
                1,
                6,
                2,
                4,
                5
            ]
        ]
    }
}