{
    "optimal_time": 67.0,
    "opt_compute_time:": 0.045475542079657316,
    "spt_time": 82,
    "spt_compute_time": 1.7582855662330985,
    "lpt_time": 88,
    "lpt_compute_time": 1.9121041353791952,
    "n_jobs": 8,
    "n_resources": 8,
    "n_ops_per_job": 8,
    "max_op_time": 11,
    "jssp_identification": "8x8_65_inst.json",
    "solution_optimality": "OPTIMAL",
    "jssp_instance": {
        "durations": [
            [
                8,
                5,
                8,
                2,
                9,
                2,
                6,
                11
            ],
            [
                1,
                9,
                4,
                6,
                3,
                1,
                10,
                9
            ],
            [
                9,
                5,
                8,
                2,
                3,
                6,
                10,
                7
            ],
            [
                2,
                2,
                11,
                3,
                3,
                1,
                9,
                5
            ],
            [
                6,
                10,
                11,
                4,
                9,
                6,
                3,
                5
            ],
            [
                11,
                1,
                5,
                10,
                9,
                4,
                7,
                10
            ],
            [
                4,
                3,
                2,
                1,
                4,
                2,
                5,
                4
            ],
            [
                1,
                3,
                2,
                3,
                1,
                4,
                7,
                8
            ]
        ],
        "machines": [
            [
                0,
                7,
                6,
                2,
                5,
                1,
                3,
                4
            ],
            [
                4,
                2,
                1,
                0,
                6,
                3,
                7,
                5
            ],
            [
                6,
                7,
                3,
                0,
                4,
                2,
                5,
                1
            ],
            [
                2,
                3,
                5,
                4,
                0,
                6,
                1,
                7
            ],
            [
                6,
                5,
                1,
                3,
                0,
                4,
                7,
                2
            ],
            [
                7,
                1,
                3,
                0,
                4,
                5,
                2,
                6
            ],
            [
                0,
                3,
                5,
                7,
                2,
                6,
                4,
                1
            ],
            [
                6,
                3,
                1,
                2,
                4,
                0,
                7,
                5
            ]
        ]
    }
}