{
    "optimal_time": 77.0,
    "opt_compute_time:": 0.02906675497069955,
    "spt_time": 90,
    "spt_compute_time": 2.1338981897570193,
    "lpt_time": 97,
    "lpt_compute_time": 2.6790734278038144,
    "n_jobs": 8,
    "n_resources": 8,
    "n_ops_per_job": 8,
    "max_op_time": 11,
    "jssp_identification": "8x8_771_inst.json",
    "solution_optimality": "OPTIMAL",
    "jssp_instance": {
        "durations": [
            [
                11,
                10,
                4,
                2,
                6,
                10,
                10,
                6
            ],
            [
                9,
                11,
                6,
                7,
                4,
                1,
                3,
                1
            ],
            [
                5,
                2,
                10,
                2,
                10,
                8,
                1,
                6
            ],
            [
                8,
                1,
                8,
                3,
                11,
                9,
                5,
                7
            ],
            [
                10,
                8,
                7,
                6,
                11,
                2,
                8,
                11
            ],
            [
                3,
                11,
                3,
                1,
                5,
                1,
                2,
                7
            ],
            [
                9,
                10,
                6,
                11,
                4,
                10,
                2,
                4
            ],
            [
                4,
                5,
                11,
                4,
                1,
                2,
                8,
                4
            ]
        ],
        "machines": [
            [
                5,
                3,
                4,
                7,
                6,
                0,
                2,
                1
            ],
            [
                3,
                0,
                2,
                1,
                5,
                4,
                7,
                6
            ],
            [
                7,
                6,
                5,
                3,
                1,
                0,
                4,
                2
            ],
            [
                6,
                0,
                2,
                5,
                1,
                4,
                3,
                7
            ],
            [
                6,
                0,
                5,
                4,
                1,
                7,
                2,
                3
            ],
            [
                1,
                6,
                0,
                5,
                7,
                2,
                3,
                4
            ],
            [
                4,
                7,
                5,
                3,
                0,
                6,
                2,
                1
            ],
            [
                1,
                2,
                7,
                0,
                5,
                6,
                3,
                4
            ]
        ]
    }
}