{
    "optimal_time": 68.0,
    "opt_compute_time:": 0.047773352824151516,
    "spt_time": 74,
    "spt_compute_time": 1.7879840172827244,
    "lpt_time": 99,
    "lpt_compute_time": 2.362109794281423,
    "n_jobs": 8,
    "n_resources": 8,
    "n_ops_per_job": 8,
    "max_op_time": 11,
    "jssp_identification": "8x8_1890_inst.json",
    "solution_optimality": "OPTIMAL",
    "jssp_instance": {
        "durations": [
            [
                7,
                11,
                1,
                7,
                3,
                3,
                11,
                1
            ],
            [
                7,
                4,
                8,
                6,
                6,
                8,
                3,
                1
            ],
            [
                5,
                8,
                7,
                4,
                3,
                10,
                9,
                6
            ],
            [
                11,
                1,
                1,
                9,
                9,
                5,
                4,
                1
            ],
            [
                3,
                7,
                10,
                6,
                2,
                8,
                2,
                11
            ],
            [
                1,
                8,
                6,
                4,
                4,
                4,
                3,
                10
            ],
            [
                5,
                9,
                8,
                1,
                2,
                10,
                11,
                10
            ],
            [
                3,
                7,
                3,
                1,
                5,
                4,
                5,
                6
            ]
        ],
        "machines": [
            [
                2,
                6,
                1,
                5,
                0,
                3,
                4,
                7
            ],
            [
                4,
                0,
                5,
                3,
                6,
                1,
                7,
                2
            ],
            [
                5,
                2,
                1,
                0,
                3,
                4,
                7,
                6
            ],
            [
                6,
                2,
                0,
                7,
                4,
                1,
                5,
                3
            ],
            [
                1,
                6,
                5,
                4,
                7,
                2,
                3,
                0
            ],
            [
                2,
                0,
                7,
                5,
                1,
                4,
                6,
                3
            ],
            [
                6,
                3,
                1,
                7,
                4,
                0,
                2,
                5
            ],
            [
                4,
                6,
                5,
                3,
                1,
                7,
                2,
                0
            ]
        ]
    }
}