{
    "optimal_time": 83.0,
    "opt_compute_time:": 0.04435491003096104,
    "spt_time": 97,
    "spt_compute_time": 2.151002374012023,
    "lpt_time": 106,
    "lpt_compute_time": 2.37560979090631,
    "n_jobs": 8,
    "n_resources": 8,
    "n_ops_per_job": 8,
    "max_op_time": 11,
    "jssp_identification": "8x8_404_inst.json",
    "solution_optimality": "OPTIMAL",
    "jssp_instance": {
        "durations": [
            [
                6,
                8,
                8,
                11,
                9,
                3,
                11,
                9
            ],
            [
                7,
                7,
                4,
                2,
                4,
                9,
                8,
                9
            ],
            [
                7,
                2,
                2,
                1,
                10,
                2,
                2,
                9
            ],
            [
                1,
                3,
                5,
                4,
                4,
                11,
                10,
                9
            ],
            [
                6,
                9,
                4,
                9,
                6,
                4,
                4,
                11
            ],
            [
                9,
                9,
                6,
                2,
                10,
                1,
                5,
                11
            ],
            [
                6,
                9,
                4,
                2,
                10,
                5,
                2,
                6
            ],
            [
                1,
                2,
                2,
                7,
                4,
                7,
                9,
                11
            ]
        ],
        "machines": [
            [
                6,
                5,
                0,
                1,
                7,
                3,
                4,
                2
            ],
            [
                2,
                0,
                6,
                7,
                3,
                4,
                5,
                1
            ],
            [
                0,
                3,
                4,
                5,
                2,
                6,
                7,
                1
            ],
            [
                4,
                6,
                2,
                3,
                1,
                0,
                7,
                5
            ],
            [
                5,
                4,
                3,
                0,
                6,
                7,
                2,
                1
            ],
            [
                0,
                2,
                1,
                3,
                7,
                4,
                6,
                5
            ],
            [
                0,
                3,
                7,
                5,
                2,
                4,
                6,
                1
            ],
            [
                5,
                7,
                3,
                4,
                6,
                2,
                1,
                0
            ]
        ]
    }
}