{
    "optimal_time": 78.0,
    "opt_compute_time:": 0.024828028865158558,
    "spt_time": 102,
    "spt_compute_time": 2.139176537748426,
    "lpt_time": 96,
    "lpt_compute_time": 2.4446191918104887,
    "n_jobs": 8,
    "n_resources": 8,
    "n_ops_per_job": 8,
    "max_op_time": 11,
    "jssp_identification": "8x8_577_inst.json",
    "solution_optimality": "OPTIMAL",
    "jssp_instance": {
        "durations": [
            [
                11,
                5,
                4,
                9,
                10,
                9,
                9,
                11
            ],
            [
                10,
                3,
                7,
                5,
                1,
                1,
                5,
                3
            ],
            [
                9,
                2,
                11,
                8,
                2,
                5,
                8,
                2
            ],
            [
                11,
                11,
                1,
                2,
                8,
                5,
                1,
                4
            ],
            [
                1,
                3,
                1,
                8,
                7,
                4,
                10,
                2
            ],
            [
                7,
                8,
                10,
                9,
                10,
                9,
                9,
                10
            ],
            [
                2,
                3,
                7,
                9,
                11,
                3,
                9,
                1
            ],
            [
                9,
                2,
                8,
                2,
                8,
                3,
                6,
                1
            ]
        ],
        "machines": [
            [
                6,
                3,
                2,
                7,
                4,
                5,
                1,
                0
            ],
            [
                4,
                5,
                1,
                6,
                2,
                7,
                0,
                3
            ],
            [
                0,
                3,
                1,
                2,
                6,
                7,
                5,
                4
            ],
            [
                7,
                3,
                4,
                5,
                2,
                0,
                1,
                6
            ],
            [
                2,
                4,
                7,
                1,
                6,
                0,
                3,
                5
            ],
            [
                1,
                7,
                5,
                3,
                2,
                0,
                6,
                4
            ],
            [
                7,
                5,
                0,
                6,
                1,
                3,
                4,
                2
            ],
            [
                7,
                4,
                5,
                1,
                0,
                6,
                3,
                2
            ]
        ]
    }
}