{
    "optimal_time": 72.0,
    "opt_compute_time:": 0.030217694118618965,
    "spt_time": 92,
    "spt_compute_time": 2.0703127197921276,
    "lpt_time": 109,
    "lpt_compute_time": 2.4906084681861103,
    "n_jobs": 8,
    "n_resources": 8,
    "n_ops_per_job": 8,
    "max_op_time": 11,
    "jssp_identification": "8x8_2310_inst.json",
    "solution_optimality": "OPTIMAL",
    "jssp_instance": {
        "durations": [
            [
                9,
                7,
                7,
                9,
                6,
                7,
                1,
                6
            ],
            [
                1,
                1,
                7,
                2,
                3,
                1,
                11,
                3
            ],
            [
                6,
                10,
                6,
                8,
                8,
                7,
                7,
                3
            ],
            [
                8,
                10,
                4,
                5,
                4,
                1,
                1,
                9
            ],
            [
                9,
                1,
                11,
                11,
                8,
                10,
                9,
                8
            ],
            [
                11,
                5,
                1,
                10,
                5,
                4,
                8,
                4
            ],
            [
                3,
                5,
                3,
                2,
                4,
                3,
                7,
                10
            ],
            [
                2,
                11,
                3,
                3,
                2,
                3,
                7,
                3
            ]
        ],
        "machines": [
            [
                3,
                1,
                5,
                0,
                7,
                2,
                6,
                4
            ],
            [
                1,
                4,
                2,
                5,
                6,
                3,
                0,
                7
            ],
            [
                2,
                4,
                3,
                7,
                5,
                6,
                1,
                0
            ],
            [
                0,
                2,
                4,
                7,
                6,
                1,
                5,
                3
            ],
            [
                7,
                2,
                0,
                5,
                6,
                3,
                4,
                1
            ],
            [
                5,
                3,
                1,
                2,
                4,
                0,
                7,
                6
            ],
            [
                0,
                1,
                7,
                4,
                5,
                3,
                2,
                6
            ],
            [
                6,
                1,
                2,
                7,
                5,
                3,
                4,
                0
            ]
        ]
    }
}