{
    "optimal_time": 86.0,
    "opt_compute_time:": 0.04162251902744174,
    "spt_time": 91,
    "spt_compute_time": 2.0135893640108407,
    "lpt_time": 101,
    "lpt_compute_time": 2.564325834158808,
    "n_jobs": 8,
    "n_resources": 8,
    "n_ops_per_job": 8,
    "max_op_time": 11,
    "jssp_identification": "8x8_3645_inst.json",
    "solution_optimality": "OPTIMAL",
    "jssp_instance": {
        "durations": [
            [
                3,
                6,
                2,
                5,
                8,
                2,
                4,
                3
            ],
            [
                11,
                3,
                9,
                2,
                10,
                11,
                6,
                2
            ],
            [
                10,
                8,
                7,
                2,
                9,
                2,
                5,
                8
            ],
            [
                9,
                6,
                2,
                8,
                9,
                9,
                5,
                11
            ],
            [
                8,
                7,
                7,
                7,
                7,
                8,
                6,
                11
            ],
            [
                2,
                5,
                3,
                8,
                1,
                5,
                10,
                8
            ],
            [
                9,
                2,
                8,
                10,
                4,
                2,
                6,
                11
            ],
            [
                8,
                2,
                7,
                8,
                8,
                6,
                5,
                7
            ]
        ],
        "machines": [
            [
                0,
                6,
                4,
                5,
                2,
                3,
                1,
                7
            ],
            [
                6,
                4,
                2,
                0,
                7,
                1,
                5,
                3
            ],
            [
                5,
                7,
                3,
                4,
                6,
                1,
                2,
                0
            ],
            [
                5,
                4,
                7,
                2,
                1,
                0,
                6,
                3
            ],
            [
                0,
                3,
                7,
                2,
                4,
                1,
                5,
                6
            ],
            [
                4,
                6,
                2,
                3,
                7,
                5,
                1,
                0
            ],
            [
                6,
                0,
                5,
                2,
                4,
                7,
                3,
                1
            ],
            [
                2,
                6,
                3,
                7,
                4,
                1,
                0,
                5
            ]
        ]
    }
}