{
    "optimal_time": 79.0,
    "opt_compute_time:": 0.07445178367197514,
    "spt_time": 91,
    "spt_compute_time": 2.217900713905692,
    "lpt_time": 105,
    "lpt_compute_time": 2.1972095048986375,
    "n_jobs": 8,
    "n_resources": 8,
    "n_ops_per_job": 8,
    "max_op_time": 11,
    "jssp_identification": "8x8_1694_inst.json",
    "solution_optimality": "OPTIMAL",
    "jssp_instance": {
        "durations": [
            [
                2,
                9,
                2,
                7,
                9,
                3,
                10,
                4
            ],
            [
                5,
                4,
                1,
                7,
                8,
                10,
                10,
                10
            ],
            [
                6,
                5,
                4,
                11,
                7,
                10,
                1,
                6
            ],
            [
                10,
                7,
                9,
                8,
                2,
                6,
                2,
                1
            ],
            [
                6,
                10,
                10,
                1,
                8,
                5,
                10,
                7
            ],
            [
                9,
                9,
                5,
                11,
                6,
                7,
                10,
                6
            ],
            [
                7,
                5,
                7,
                9,
                6,
                1,
                8,
                2
            ],
            [
                4,
                4,
                5,
                4,
                2,
                11,
                6,
                3
            ]
        ],
        "machines": [
            [
                7,
                5,
                3,
                1,
                6,
                0,
                2,
                4
            ],
            [
                1,
                6,
                2,
                7,
                4,
                0,
                3,
                5
            ],
            [
                7,
                3,
                5,
                2,
                4,
                0,
                6,
                1
            ],
            [
                2,
                7,
                1,
                4,
                6,
                0,
                5,
                3
            ],
            [
                3,
                1,
                6,
                0,
                2,
                4,
                5,
                7
            ],
            [
                7,
                2,
                1,
                4,
                3,
                0,
                5,
                6
            ],
            [
                6,
                4,
                1,
                2,
                7,
                5,
                3,
                0
            ],
            [
                4,
                0,
                6,
                2,
                1,
                3,
                5,
                7
            ]
        ]
    }
}