{
    "optimal_time": 81.0,
    "opt_compute_time:": 0.06742225820198655,
    "spt_time": 107,
    "spt_compute_time": 2.752544099930674,
    "lpt_time": 95,
    "lpt_compute_time": 2.6445537698455155,
    "n_jobs": 8,
    "n_resources": 8,
    "n_ops_per_job": 8,
    "max_op_time": 11,
    "jssp_identification": "8x8_3270_inst.json",
    "solution_optimality": "OPTIMAL",
    "jssp_instance": {
        "durations": [
            [
                4,
                4,
                4,
                7,
                5,
                5,
                10,
                5
            ],
            [
                9,
                4,
                8,
                1,
                6,
                10,
                3,
                6
            ],
            [
                4,
                1,
                8,
                2,
                5,
                4,
                7,
                7
            ],
            [
                10,
                4,
                6,
                11,
                11,
                5,
                4,
                4
            ],
            [
                8,
                9,
                9,
                8,
                6,
                5,
                1,
                3
            ],
            [
                9,
                7,
                7,
                8,
                8,
                4,
                1,
                5
            ],
            [
                10,
                8,
                4,
                10,
                10,
                4,
                10,
                1
            ],
            [
                10,
                9,
                6,
                11,
                9,
                10,
                10,
                5
            ]
        ],
        "machines": [
            [
                5,
                3,
                0,
                1,
                4,
                2,
                6,
                7
            ],
            [
                2,
                6,
                7,
                0,
                5,
                1,
                4,
                3
            ],
            [
                0,
                1,
                4,
                2,
                5,
                3,
                6,
                7
            ],
            [
                2,
                7,
                6,
                4,
                3,
                1,
                5,
                0
            ],
            [
                4,
                7,
                2,
                6,
                1,
                3,
                0,
                5
            ],
            [
                3,
                5,
                0,
                1,
                2,
                4,
                7,
                6
            ],
            [
                1,
                6,
                7,
                2,
                3,
                4,
                0,
                5
            ],
            [
                4,
                7,
                2,
                0,
                3,
                1,
                5,
                6
            ]
        ]
    }
}