{
    "optimal_time": 85.0,
    "opt_compute_time:": 0.050490742083638906,
    "spt_time": 100,
    "spt_compute_time": 2.2635577181354165,
    "lpt_time": 115,
    "lpt_compute_time": 2.88559565320611,
    "n_jobs": 8,
    "n_resources": 8,
    "n_ops_per_job": 8,
    "max_op_time": 11,
    "jssp_identification": "8x8_1445_inst.json",
    "solution_optimality": "OPTIMAL",
    "jssp_instance": {
        "durations": [
            [
                7,
                1,
                1,
                5,
                9,
                6,
                7,
                3
            ],
            [
                3,
                8,
                2,
                3,
                4,
                7,
                11,
                3
            ],
            [
                8,
                9,
                1,
                7,
                1,
                11,
                8,
                1
            ],
            [
                9,
                4,
                6,
                4,
                11,
                3,
                10,
                7
            ],
            [
                11,
                5,
                5,
                5,
                4,
                4,
                8,
                10
            ],
            [
                4,
                11,
                8,
                6,
                2,
                2,
                8,
                10
            ],
            [
                9,
                3,
                4,
                5,
                9,
                7,
                11,
                8
            ],
            [
                7,
                7,
                1,
                6,
                6,
                7,
                10,
                8
            ]
        ],
        "machines": [
            [
                3,
                2,
                4,
                6,
                0,
                1,
                7,
                5
            ],
            [
                7,
                3,
                6,
                2,
                1,
                4,
                0,
                5
            ],
            [
                2,
                6,
                0,
                3,
                7,
                5,
                4,
                1
            ],
            [
                2,
                4,
                0,
                3,
                5,
                6,
                7,
                1
            ],
            [
                3,
                2,
                7,
                6,
                0,
                1,
                4,
                5
            ],
            [
                1,
                2,
                7,
                0,
                4,
                3,
                6,
                5
            ],
            [
                3,
                2,
                4,
                1,
                0,
                7,
                5,
                6
            ],
            [
                5,
                4,
                3,
                0,
                7,
                6,
                1,
                2
            ]
        ]
    }
}