{
    "optimal_time": 72.0,
    "opt_compute_time:": 0.03180681401863694,
    "spt_time": 81,
    "spt_compute_time": 1.944184672087431,
    "lpt_time": 100,
    "lpt_compute_time": 2.455551569815725,
    "n_jobs": 8,
    "n_resources": 8,
    "n_ops_per_job": 8,
    "max_op_time": 11,
    "jssp_identification": "8x8_2241_inst.json",
    "solution_optimality": "OPTIMAL",
    "jssp_instance": {
        "durations": [
            [
                8,
                8,
                9,
                2,
                1,
                5,
                2,
                10
            ],
            [
                1,
                4,
                5,
                11,
                7,
                8,
                2,
                9
            ],
            [
                4,
                10,
                11,
                6,
                1,
                3,
                9,
                11
            ],
            [
                1,
                4,
                10,
                2,
                6,
                3,
                2,
                7
            ],
            [
                2,
                2,
                8,
                9,
                8,
                3,
                9,
                2
            ],
            [
                4,
                3,
                9,
                1,
                6,
                8,
                1,
                2
            ],
            [
                8,
                9,
                3,
                11,
                10,
                9,
                4,
                9
            ],
            [
                1,
                3,
                3,
                1,
                2,
                4,
                4,
                3
            ]
        ],
        "machines": [
            [
                0,
                1,
                7,
                5,
                6,
                4,
                3,
                2
            ],
            [
                2,
                5,
                0,
                4,
                3,
                7,
                6,
                1
            ],
            [
                7,
                5,
                4,
                0,
                6,
                2,
                1,
                3
            ],
            [
                4,
                6,
                0,
                7,
                1,
                3,
                2,
                5
            ],
            [
                1,
                7,
                0,
                6,
                3,
                5,
                2,
                4
            ],
            [
                0,
                7,
                2,
                3,
                1,
                5,
                6,
                4
            ],
            [
                2,
                3,
                4,
                6,
                5,
                1,
                0,
                7
            ],
            [
                2,
                1,
                7,
                0,
                4,
                6,
                3,
                5
            ]
        ]
    }
}