{
    "optimal_time": 77.0,
    "opt_compute_time:": 0.04767653811722994,
    "spt_time": 89,
    "spt_compute_time": 2.0856630876660347,
    "lpt_time": 95,
    "lpt_compute_time": 2.299706630874425,
    "n_jobs": 8,
    "n_resources": 8,
    "n_ops_per_job": 8,
    "max_op_time": 11,
    "jssp_identification": "8x8_1544_inst.json",
    "solution_optimality": "OPTIMAL",
    "jssp_instance": {
        "durations": [
            [
                1,
                4,
                8,
                6,
                5,
                5,
                5,
                8
            ],
            [
                8,
                11,
                8,
                1,
                2,
                2,
                11,
                7
            ],
            [
                5,
                10,
                4,
                8,
                11,
                9,
                10,
                7
            ],
            [
                5,
                5,
                5,
                11,
                5,
                8,
                5,
                10
            ],
            [
                7,
                4,
                2,
                2,
                3,
                3,
                6,
                4
            ],
            [
                5,
                5,
                11,
                2,
                1,
                11,
                6,
                4
            ],
            [
                5,
                6,
                2,
                8,
                9,
                11,
                8,
                1
            ],
            [
                5,
                11,
                4,
                7,
                5,
                8,
                2,
                7
            ]
        ],
        "machines": [
            [
                1,
                6,
                4,
                5,
                7,
                3,
                2,
                0
            ],
            [
                5,
                3,
                4,
                6,
                0,
                7,
                1,
                2
            ],
            [
                3,
                7,
                0,
                6,
                2,
                1,
                5,
                4
            ],
            [
                1,
                6,
                4,
                7,
                0,
                2,
                3,
                5
            ],
            [
                3,
                7,
                5,
                1,
                0,
                6,
                4,
                2
            ],
            [
                2,
                6,
                1,
                7,
                0,
                5,
                3,
                4
            ],
            [
                1,
                4,
                6,
                7,
                3,
                0,
                5,
                2
            ],
            [
                7,
                1,
                2,
                4,
                5,
                3,
                6,
                0
            ]
        ]
    }
}