{
    "optimal_time": 76.0,
    "opt_compute_time:": 0.07027144823223352,
    "spt_time": 94,
    "spt_compute_time": 2.3336543859913945,
    "lpt_time": 112,
    "lpt_compute_time": 2.683773453813046,
    "n_jobs": 8,
    "n_resources": 8,
    "n_ops_per_job": 8,
    "max_op_time": 11,
    "jssp_identification": "8x8_3212_inst.json",
    "solution_optimality": "OPTIMAL",
    "jssp_instance": {
        "durations": [
            [
                2,
                10,
                9,
                5,
                2,
                5,
                7,
                9
            ],
            [
                1,
                2,
                5,
                4,
                11,
                8,
                2,
                4
            ],
            [
                8,
                7,
                4,
                2,
                3,
                4,
                5,
                4
            ],
            [
                8,
                11,
                3,
                7,
                11,
                1,
                3,
                11
            ],
            [
                5,
                6,
                4,
                5,
                6,
                1,
                1,
                10
            ],
            [
                11,
                4,
                6,
                8,
                8,
                1,
                3,
                11
            ],
            [
                5,
                9,
                4,
                2,
                8,
                2,
                11,
                1
            ],
            [
                3,
                7,
                7,
                8,
                5,
                4,
                11,
                11
            ]
        ],
        "machines": [
            [
                6,
                3,
                5,
                4,
                2,
                7,
                0,
                1
            ],
            [
                3,
                2,
                4,
                0,
                6,
                5,
                1,
                7
            ],
            [
                5,
                6,
                4,
                7,
                0,
                3,
                2,
                1
            ],
            [
                6,
                7,
                3,
                4,
                1,
                2,
                0,
                5
            ],
            [
                2,
                3,
                6,
                1,
                0,
                7,
                5,
                4
            ],
            [
                6,
                1,
                0,
                3,
                4,
                5,
                2,
                7
            ],
            [
                7,
                4,
                5,
                6,
                1,
                0,
                2,
                3
            ],
            [
                6,
                3,
                5,
                4,
                7,
                0,
                2,
                1
            ]
        ]
    }
}