{
    "optimal_time": 90.0,
    "opt_compute_time:": 0.045322875026613474,
    "spt_time": 100,
    "spt_compute_time": 2.4770094389095902,
    "lpt_time": 111,
    "lpt_compute_time": 3.0867492519319057,
    "n_jobs": 8,
    "n_resources": 8,
    "n_ops_per_job": 8,
    "max_op_time": 11,
    "jssp_identification": "8x8_3354_inst.json",
    "solution_optimality": "OPTIMAL",
    "jssp_instance": {
        "durations": [
            [
                9,
                11,
                4,
                10,
                8,
                11,
                11,
                10
            ],
            [
                9,
                6,
                2,
                4,
                3,
                3,
                10,
                9
            ],
            [
                10,
                5,
                11,
                9,
                8,
                4,
                10,
                8
            ],
            [
                7,
                3,
                8,
                4,
                1,
                11,
                6,
                6
            ],
            [
                7,
                1,
                4,
                8,
                7,
                3,
                1,
                5
            ],
            [
                3,
                8,
                8,
                1,
                7,
                11,
                8,
                3
            ],
            [
                9,
                8,
                3,
                3,
                3,
                5,
                7,
                3
            ],
            [
                8,
                10,
                10,
                3,
                1,
                2,
                8,
                11
            ]
        ],
        "machines": [
            [
                4,
                2,
                1,
                7,
                3,
                5,
                6,
                0
            ],
            [
                5,
                4,
                2,
                7,
                0,
                1,
                3,
                6
            ],
            [
                6,
                7,
                1,
                2,
                3,
                5,
                4,
                0
            ],
            [
                0,
                2,
                1,
                3,
                7,
                6,
                4,
                5
            ],
            [
                1,
                4,
                7,
                5,
                0,
                3,
                2,
                6
            ],
            [
                6,
                5,
                1,
                7,
                3,
                4,
                0,
                2
            ],
            [
                0,
                3,
                7,
                2,
                1,
                5,
                6,
                4
            ],
            [
                0,
                3,
                5,
                7,
                4,
                2,
                1,
                6
            ]
        ]
    }
}