{
    "optimal_time": 95.0,
    "opt_compute_time:": 0.04133678087964654,
    "spt_time": 111,
    "spt_compute_time": 2.694583752192557,
    "lpt_time": 132,
    "lpt_compute_time": 3.209623926319182,
    "n_jobs": 8,
    "n_resources": 8,
    "n_ops_per_job": 8,
    "max_op_time": 11,
    "jssp_identification": "8x8_3119_inst.json",
    "solution_optimality": "OPTIMAL",
    "jssp_instance": {
        "durations": [
            [
                6,
                10,
                5,
                5,
                5,
                3,
                9,
                11
            ],
            [
                8,
                9,
                8,
                8,
                10,
                2,
                1,
                9
            ],
            [
                10,
                8,
                10,
                6,
                11,
                1,
                11,
                6
            ],
            [
                7,
                4,
                4,
                2,
                1,
                9,
                11,
                2
            ],
            [
                9,
                11,
                5,
                2,
                2,
                8,
                10,
                7
            ],
            [
                2,
                4,
                5,
                5,
                9,
                4,
                6,
                5
            ],
            [
                8,
                11,
                7,
                5,
                7,
                2,
                10,
                10
            ],
            [
                11,
                5,
                1,
                5,
                8,
                6,
                4,
                11
            ]
        ],
        "machines": [
            [
                3,
                1,
                6,
                7,
                0,
                4,
                5,
                2
            ],
            [
                2,
                6,
                5,
                0,
                1,
                3,
                4,
                7
            ],
            [
                0,
                4,
                6,
                2,
                7,
                5,
                3,
                1
            ],
            [
                3,
                0,
                6,
                4,
                2,
                7,
                1,
                5
            ],
            [
                6,
                0,
                1,
                3,
                7,
                2,
                4,
                5
            ],
            [
                3,
                6,
                0,
                7,
                4,
                5,
                1,
                2
            ],
            [
                2,
                6,
                7,
                5,
                1,
                4,
                3,
                0
            ],
            [
                6,
                5,
                1,
                2,
                3,
                0,
                4,
                7
            ]
        ]
    }
}