{
    "optimal_time": 72.0,
    "opt_compute_time:": 0.039184064604341984,
    "spt_time": 74,
    "spt_compute_time": 1.7260861871764064,
    "lpt_time": 92,
    "lpt_compute_time": 2.3590653156861663,
    "n_jobs": 8,
    "n_resources": 8,
    "n_ops_per_job": 8,
    "max_op_time": 11,
    "jssp_identification": "8x8_1256_inst.json",
    "solution_optimality": "OPTIMAL",
    "jssp_instance": {
        "durations": [
            [
                8,
                8,
                3,
                11,
                2,
                10,
                1,
                8
            ],
            [
                7,
                4,
                2,
                3,
                1,
                8,
                6,
                2
            ],
            [
                8,
                4,
                6,
                2,
                1,
                10,
                10,
                1
            ],
            [
                4,
                8,
                4,
                3,
                10,
                4,
                11,
                6
            ],
            [
                4,
                1,
                11,
                1,
                1,
                11,
                6,
                2
            ],
            [
                5,
                2,
                7,
                8,
                9,
                11,
                4,
                10
            ],
            [
                7,
                7,
                10,
                4,
                5,
                9,
                1,
                10
            ],
            [
                4,
                7,
                2,
                9,
                2,
                9,
                1,
                11
            ]
        ],
        "machines": [
            [
                3,
                1,
                5,
                6,
                2,
                0,
                4,
                7
            ],
            [
                5,
                6,
                4,
                7,
                2,
                0,
                1,
                3
            ],
            [
                4,
                3,
                2,
                1,
                7,
                0,
                6,
                5
            ],
            [
                2,
                0,
                1,
                4,
                7,
                5,
                3,
                6
            ],
            [
                6,
                7,
                3,
                2,
                4,
                1,
                5,
                0
            ],
            [
                2,
                3,
                5,
                1,
                6,
                4,
                7,
                0
            ],
            [
                5,
                4,
                2,
                6,
                0,
                3,
                7,
                1
            ],
            [
                0,
                6,
                2,
                5,
                1,
                7,
                4,
                3
            ]
        ]
    }
}