{
    "optimal_time": 72.0,
    "opt_compute_time:": 0.03774424595758319,
    "spt_time": 87,
    "spt_compute_time": 1.9145636851899326,
    "lpt_time": 108,
    "lpt_compute_time": 2.519011358730495,
    "n_jobs": 8,
    "n_resources": 8,
    "n_ops_per_job": 8,
    "max_op_time": 11,
    "jssp_identification": "8x8_1206_inst.json",
    "solution_optimality": "OPTIMAL",
    "jssp_instance": {
        "durations": [
            [
                11,
                1,
                3,
                4,
                7,
                10,
                4,
                1
            ],
            [
                7,
                3,
                3,
                2,
                4,
                2,
                8,
                6
            ],
            [
                3,
                9,
                7,
                8,
                8,
                11,
                10,
                4
            ],
            [
                11,
                9,
                10,
                3,
                2,
                9,
                7,
                5
            ],
            [
                7,
                1,
                9,
                4,
                1,
                3,
                3,
                11
            ],
            [
                7,
                9,
                5,
                3,
                11,
                2,
                8,
                4
            ],
            [
                3,
                8,
                4,
                2,
                3,
                6,
                5,
                11
            ],
            [
                3,
                10,
                3,
                3,
                6,
                5,
                11,
                4
            ]
        ],
        "machines": [
            [
                4,
                1,
                0,
                7,
                2,
                5,
                6,
                3
            ],
            [
                2,
                1,
                3,
                0,
                7,
                5,
                4,
                6
            ],
            [
                0,
                2,
                6,
                7,
                4,
                5,
                1,
                3
            ],
            [
                4,
                5,
                3,
                1,
                0,
                6,
                7,
                2
            ],
            [
                3,
                5,
                1,
                7,
                2,
                0,
                4,
                6
            ],
            [
                7,
                6,
                0,
                4,
                3,
                5,
                1,
                2
            ],
            [
                3,
                6,
                4,
                0,
                5,
                7,
                2,
                1
            ],
            [
                2,
                3,
                6,
                5,
                0,
                1,
                4,
                7
            ]
        ]
    }
}