{
    "optimal_time": 76.0,
    "opt_compute_time:": 0.04196275491267443,
    "spt_time": 95,
    "spt_compute_time": 1.963466057088226,
    "lpt_time": 95,
    "lpt_compute_time": 2.5126663129776716,
    "n_jobs": 8,
    "n_resources": 8,
    "n_ops_per_job": 8,
    "max_op_time": 11,
    "jssp_identification": "8x8_2636_inst.json",
    "solution_optimality": "OPTIMAL",
    "jssp_instance": {
        "durations": [
            [
                11,
                9,
                11,
                6,
                3,
                2,
                4,
                6
            ],
            [
                11,
                11,
                9,
                4,
                9,
                2,
                9,
                10
            ],
            [
                9,
                11,
                6,
                2,
                6,
                4,
                11,
                2
            ],
            [
                10,
                8,
                4,
                2,
                5,
                8,
                6,
                8
            ],
            [
                11,
                10,
                1,
                4,
                4,
                10,
                11,
                10
            ],
            [
                11,
                1,
                1,
                4,
                7,
                5,
                4,
                9
            ],
            [
                3,
                10,
                11,
                2,
                1,
                1,
                3,
                6
            ],
            [
                2,
                1,
                6,
                11,
                2,
                2,
                10,
                11
            ]
        ],
        "machines": [
            [
                0,
                2,
                3,
                7,
                1,
                5,
                4,
                6
            ],
            [
                4,
                5,
                1,
                3,
                2,
                7,
                0,
                6
            ],
            [
                3,
                0,
                6,
                1,
                7,
                4,
                5,
                2
            ],
            [
                1,
                0,
                7,
                6,
                3,
                5,
                2,
                4
            ],
            [
                3,
                4,
                6,
                5,
                1,
                7,
                2,
                0
            ],
            [
                5,
                7,
                1,
                2,
                6,
                0,
                4,
                3
            ],
            [
                5,
                6,
                0,
                2,
                4,
                1,
                7,
                3
            ],
            [
                0,
                6,
                5,
                1,
                3,
                4,
                2,
                7
            ]
        ]
    }
}