{
    "optimal_time": 78.0,
    "opt_compute_time:": 0.04451359296217561,
    "spt_time": 91,
    "spt_compute_time": 2.17356996005401,
    "lpt_time": 114,
    "lpt_compute_time": 2.656206627842039,
    "n_jobs": 8,
    "n_resources": 8,
    "n_ops_per_job": 8,
    "max_op_time": 11,
    "jssp_identification": "8x8_3445_inst.json",
    "solution_optimality": "OPTIMAL",
    "jssp_instance": {
        "durations": [
            [
                4,
                11,
                7,
                2,
                9,
                7,
                4,
                5
            ],
            [
                3,
                10,
                1,
                4,
                2,
                9,
                10,
                4
            ],
            [
                5,
                11,
                10,
                7,
                8,
                9,
                4,
                4
            ],
            [
                9,
                3,
                3,
                11,
                8,
                3,
                6,
                7
            ],
            [
                2,
                5,
                3,
                4,
                5,
                6,
                7,
                3
            ],
            [
                7,
                3,
                1,
                3,
                6,
                4,
                8,
                6
            ],
            [
                7,
                4,
                8,
                8,
                11,
                9,
                4,
                8
            ],
            [
                4,
                4,
                6,
                7,
                2,
                11,
                11,
                2
            ]
        ],
        "machines": [
            [
                1,
                2,
                4,
                6,
                5,
                7,
                3,
                0
            ],
            [
                7,
                6,
                5,
                1,
                0,
                2,
                3,
                4
            ],
            [
                0,
                1,
                6,
                7,
                2,
                5,
                4,
                3
            ],
            [
                4,
                3,
                6,
                1,
                5,
                0,
                7,
                2
            ],
            [
                7,
                4,
                5,
                0,
                2,
                1,
                3,
                6
            ],
            [
                5,
                7,
                2,
                4,
                1,
                0,
                6,
                3
            ],
            [
                4,
                6,
                0,
                7,
                1,
                5,
                2,
                3
            ],
            [
                7,
                3,
                4,
                5,
                1,
                6,
                2,
                0
            ]
        ]
    }
}