{
    "optimal_time": 71.0,
    "opt_compute_time:": 0.05963304964825511,
    "spt_time": 85,
    "spt_compute_time": 2.3238718188367784,
    "lpt_time": 97,
    "lpt_compute_time": 2.176879207137972,
    "n_jobs": 8,
    "n_resources": 8,
    "n_ops_per_job": 8,
    "max_op_time": 11,
    "jssp_identification": "8x8_1004_inst.json",
    "solution_optimality": "OPTIMAL",
    "jssp_instance": {
        "durations": [
            [
                2,
                8,
                10,
                3,
                6,
                5,
                10,
                5
            ],
            [
                1,
                3,
                10,
                4,
                1,
                4,
                2,
                1
            ],
            [
                9,
                2,
                2,
                5,
                3,
                5,
                5,
                8
            ],
            [
                11,
                5,
                4,
                2,
                2,
                10,
                4,
                7
            ],
            [
                10,
                2,
                6,
                9,
                2,
                8,
                1,
                5
            ],
            [
                4,
                11,
                9,
                2,
                8,
                8,
                8,
                5
            ],
            [
                1,
                7,
                11,
                4,
                11,
                1,
                6,
                10
            ],
            [
                4,
                5,
                2,
                10,
                3,
                1,
                6,
                10
            ]
        ],
        "machines": [
            [
                7,
                4,
                1,
                0,
                5,
                3,
                6,
                2
            ],
            [
                0,
                2,
                7,
                3,
                6,
                5,
                4,
                1
            ],
            [
                5,
                7,
                1,
                6,
                3,
                4,
                0,
                2
            ],
            [
                4,
                3,
                6,
                2,
                5,
                7,
                1,
                0
            ],
            [
                1,
                7,
                4,
                6,
                3,
                5,
                2,
                0
            ],
            [
                4,
                5,
                0,
                6,
                3,
                2,
                1,
                7
            ],
            [
                1,
                5,
                0,
                3,
                4,
                6,
                2,
                7
            ],
            [
                4,
                3,
                7,
                5,
                0,
                2,
                6,
                1
            ]
        ]
    }
}