{
    "optimal_time": 88.0,
    "opt_compute_time:": 0.037194482050836086,
    "spt_time": 100,
    "spt_compute_time": 2.4809726467356086,
    "lpt_time": 121,
    "lpt_compute_time": 3.076298986095935,
    "n_jobs": 8,
    "n_resources": 8,
    "n_ops_per_job": 8,
    "max_op_time": 11,
    "jssp_identification": "8x8_2979_inst.json",
    "solution_optimality": "OPTIMAL",
    "jssp_instance": {
        "durations": [
            [
                1,
                1,
                9,
                4,
                1,
                7,
                11,
                8
            ],
            [
                8,
                7,
                11,
                7,
                6,
                9,
                7,
                11
            ],
            [
                7,
                10,
                5,
                9,
                1,
                8,
                4,
                2
            ],
            [
                7,
                8,
                7,
                9,
                4,
                11,
                4,
                2
            ],
            [
                4,
                5,
                11,
                8,
                8,
                4,
                11,
                3
            ],
            [
                11,
                1,
                9,
                8,
                1,
                5,
                9,
                3
            ],
            [
                2,
                11,
                6,
                9,
                2,
                8,
                1,
                3
            ],
            [
                4,
                2,
                1,
                6,
                7,
                4,
                6,
                4
            ]
        ],
        "machines": [
            [
                6,
                0,
                1,
                4,
                3,
                7,
                2,
                5
            ],
            [
                6,
                1,
                0,
                5,
                4,
                7,
                2,
                3
            ],
            [
                1,
                3,
                7,
                4,
                0,
                5,
                6,
                2
            ],
            [
                1,
                6,
                3,
                5,
                0,
                2,
                7,
                4
            ],
            [
                4,
                7,
                0,
                1,
                6,
                3,
                2,
                5
            ],
            [
                1,
                2,
                4,
                6,
                7,
                5,
                0,
                3
            ],
            [
                0,
                1,
                4,
                7,
                2,
                3,
                5,
                6
            ],
            [
                5,
                1,
                2,
                6,
                4,
                3,
                7,
                0
            ]
        ]
    }
}