{
    "optimal_time": 83.0,
    "opt_compute_time:": 0.052171207033097744,
    "spt_time": 90,
    "spt_compute_time": 2.2018043878488243,
    "lpt_time": 93,
    "lpt_compute_time": 2.0533928177319467,
    "n_jobs": 8,
    "n_resources": 8,
    "n_ops_per_job": 8,
    "max_op_time": 11,
    "jssp_identification": "8x8_121_inst.json",
    "solution_optimality": "OPTIMAL",
    "jssp_instance": {
        "durations": [
            [
                10,
                1,
                3,
                6,
                5,
                9,
                5,
                2
            ],
            [
                8,
                10,
                9,
                5,
                9,
                7,
                8,
                5
            ],
            [
                7,
                2,
                6,
                5,
                4,
                9,
                11,
                8
            ],
            [
                9,
                7,
                6,
                2,
                8,
                11,
                1,
                6
            ],
            [
                11,
                9,
                2,
                3,
                6,
                5,
                4,
                11
            ],
            [
                9,
                11,
                3,
                4,
                7,
                8,
                4,
                7
            ],
            [
                4,
                3,
                4,
                2,
                6,
                11,
                4,
                4
            ],
            [
                10,
                7,
                3,
                7,
                1,
                9,
                10,
                3
            ]
        ],
        "machines": [
            [
                2,
                3,
                0,
                6,
                5,
                4,
                1,
                7
            ],
            [
                0,
                6,
                5,
                3,
                1,
                7,
                2,
                4
            ],
            [
                2,
                0,
                6,
                1,
                7,
                3,
                5,
                4
            ],
            [
                6,
                1,
                3,
                7,
                5,
                2,
                0,
                4
            ],
            [
                3,
                4,
                1,
                2,
                7,
                6,
                0,
                5
            ],
            [
                2,
                6,
                1,
                3,
                0,
                5,
                7,
                4
            ],
            [
                7,
                0,
                2,
                5,
                1,
                3,
                4,
                6
            ],
            [
                7,
                4,
                1,
                3,
                6,
                0,
                5,
                2
            ]
        ]
    }
}