{
    "optimal_time": 85.0,
    "opt_compute_time:": 0.07027765503153205,
    "spt_time": 110,
    "spt_compute_time": 2.539390235207975,
    "lpt_time": 111,
    "lpt_compute_time": 2.7466368679888546,
    "n_jobs": 8,
    "n_resources": 8,
    "n_ops_per_job": 8,
    "max_op_time": 11,
    "jssp_identification": "8x8_3185_inst.json",
    "solution_optimality": "OPTIMAL",
    "jssp_instance": {
        "durations": [
            [
                7,
                5,
                11,
                4,
                8,
                3,
                8,
                6
            ],
            [
                10,
                7,
                8,
                11,
                7,
                10,
                7,
                10
            ],
            [
                4,
                10,
                11,
                9,
                2,
                7,
                7,
                1
            ],
            [
                9,
                5,
                11,
                7,
                10,
                3,
                2,
                6
            ],
            [
                4,
                3,
                5,
                3,
                7,
                1,
                3,
                8
            ],
            [
                7,
                8,
                7,
                4,
                7,
                11,
                6,
                8
            ],
            [
                10,
                3,
                2,
                3,
                8,
                2,
                2,
                4
            ],
            [
                5,
                9,
                3,
                8,
                9,
                11,
                9,
                10
            ]
        ],
        "machines": [
            [
                0,
                5,
                3,
                2,
                4,
                7,
                1,
                6
            ],
            [
                6,
                4,
                5,
                2,
                7,
                1,
                0,
                3
            ],
            [
                3,
                1,
                2,
                0,
                6,
                7,
                5,
                4
            ],
            [
                6,
                0,
                1,
                3,
                7,
                5,
                4,
                2
            ],
            [
                7,
                4,
                2,
                6,
                3,
                0,
                1,
                5
            ],
            [
                1,
                3,
                6,
                4,
                0,
                7,
                2,
                5
            ],
            [
                4,
                0,
                1,
                5,
                3,
                7,
                2,
                6
            ],
            [
                3,
                6,
                2,
                0,
                7,
                5,
                4,
                1
            ]
        ]
    }
}