{
    "optimal_time": 76.0,
    "opt_compute_time:": 0.02944110380485654,
    "spt_time": 94,
    "spt_compute_time": 2.0858651059679687,
    "lpt_time": 90,
    "lpt_compute_time": 2.2965274769812822,
    "n_jobs": 8,
    "n_resources": 8,
    "n_ops_per_job": 8,
    "max_op_time": 11,
    "jssp_identification": "8x8_2373_inst.json",
    "solution_optimality": "OPTIMAL",
    "jssp_instance": {
        "durations": [
            [
                3,
                5,
                8,
                2,
                5,
                4,
                3,
                3
            ],
            [
                4,
                3,
                10,
                8,
                11,
                9,
                1,
                11
            ],
            [
                10,
                4,
                3,
                7,
                9,
                9,
                4,
                5
            ],
            [
                10,
                11,
                6,
                2,
                11,
                11,
                3,
                10
            ],
            [
                6,
                2,
                2,
                5,
                2,
                2,
                4,
                9
            ],
            [
                7,
                6,
                10,
                1,
                6,
                2,
                9,
                6
            ],
            [
                1,
                8,
                11,
                4,
                4,
                11,
                4,
                9
            ],
            [
                2,
                2,
                1,
                8,
                2,
                1,
                8,
                8
            ]
        ],
        "machines": [
            [
                4,
                7,
                6,
                0,
                3,
                1,
                2,
                5
            ],
            [
                6,
                5,
                1,
                0,
                4,
                7,
                3,
                2
            ],
            [
                2,
                7,
                4,
                3,
                1,
                6,
                0,
                5
            ],
            [
                2,
                6,
                7,
                5,
                4,
                1,
                3,
                0
            ],
            [
                5,
                2,
                3,
                6,
                1,
                7,
                4,
                0
            ],
            [
                7,
                5,
                1,
                3,
                0,
                4,
                2,
                6
            ],
            [
                1,
                0,
                7,
                4,
                5,
                6,
                3,
                2
            ],
            [
                1,
                0,
                3,
                4,
                5,
                2,
                6,
                7
            ]
        ]
    }
}