{
    "optimal_time": 71.0,
    "opt_compute_time:": 0.04402951616793871,
    "spt_time": 80,
    "spt_compute_time": 2.116140947211534,
    "lpt_time": 92,
    "lpt_compute_time": 2.3388461810536683,
    "n_jobs": 8,
    "n_resources": 8,
    "n_ops_per_job": 8,
    "max_op_time": 11,
    "jssp_identification": "8x8_2747_inst.json",
    "solution_optimality": "OPTIMAL",
    "jssp_instance": {
        "durations": [
            [
                10,
                4,
                8,
                1,
                4,
                3,
                9,
                1
            ],
            [
                2,
                5,
                10,
                11,
                2,
                8,
                11,
                2
            ],
            [
                7,
                8,
                10,
                1,
                9,
                11,
                3,
                6
            ],
            [
                9,
                1,
                1,
                1,
                2,
                6,
                1,
                4
            ],
            [
                4,
                5,
                6,
                9,
                5,
                5,
                8,
                10
            ],
            [
                9,
                10,
                10,
                9,
                10,
                2,
                7,
                3
            ],
            [
                5,
                2,
                7,
                4,
                11,
                3,
                8,
                2
            ],
            [
                5,
                7,
                5,
                11,
                3,
                2,
                6,
                4
            ]
        ],
        "machines": [
            [
                0,
                4,
                6,
                7,
                2,
                1,
                5,
                3
            ],
            [
                1,
                2,
                3,
                4,
                6,
                5,
                7,
                0
            ],
            [
                6,
                0,
                2,
                7,
                5,
                1,
                4,
                3
            ],
            [
                3,
                7,
                1,
                5,
                4,
                0,
                6,
                2
            ],
            [
                7,
                2,
                1,
                4,
                3,
                5,
                6,
                0
            ],
            [
                0,
                1,
                2,
                7,
                4,
                5,
                6,
                3
            ],
            [
                5,
                7,
                4,
                3,
                0,
                2,
                6,
                1
            ],
            [
                5,
                4,
                6,
                7,
                2,
                0,
                1,
                3
            ]
        ]
    }
}