{
    "optimal_time": 84.0,
    "opt_compute_time:": 0.03947264701128006,
    "spt_time": 95,
    "spt_compute_time": 2.375390080269426,
    "lpt_time": 106,
    "lpt_compute_time": 2.726504041813314,
    "n_jobs": 8,
    "n_resources": 8,
    "n_ops_per_job": 8,
    "max_op_time": 11,
    "jssp_identification": "8x8_1431_inst.json",
    "solution_optimality": "OPTIMAL",
    "jssp_instance": {
        "durations": [
            [
                6,
                6,
                3,
                1,
                10,
                3,
                5,
                10
            ],
            [
                5,
                2,
                9,
                10,
                7,
                11,
                10,
                10
            ],
            [
                3,
                3,
                4,
                2,
                2,
                11,
                3,
                4
            ],
            [
                11,
                4,
                2,
                10,
                7,
                11,
                2,
                7
            ],
            [
                5,
                3,
                7,
                10,
                11,
                8,
                1,
                6
            ],
            [
                3,
                5,
                2,
                9,
                7,
                4,
                10,
                7
            ],
            [
                8,
                10,
                7,
                4,
                9,
                10,
                4,
                5
            ],
            [
                9,
                9,
                10,
                6,
                4,
                8,
                10,
                2
            ]
        ],
        "machines": [
            [
                0,
                6,
                1,
                3,
                4,
                5,
                2,
                7
            ],
            [
                1,
                5,
                3,
                4,
                2,
                6,
                7,
                0
            ],
            [
                7,
                6,
                1,
                0,
                3,
                2,
                4,
                5
            ],
            [
                1,
                0,
                3,
                7,
                6,
                5,
                4,
                2
            ],
            [
                2,
                1,
                3,
                6,
                4,
                0,
                7,
                5
            ],
            [
                1,
                7,
                3,
                6,
                2,
                5,
                0,
                4
            ],
            [
                3,
                4,
                5,
                1,
                7,
                6,
                0,
                2
            ],
            [
                0,
                5,
                4,
                1,
                2,
                6,
                7,
                3
            ]
        ]
    }
}