{
    "optimal_time": 77.0,
    "opt_compute_time:": 0.03134288685396314,
    "spt_time": 100,
    "spt_compute_time": 1.8916264637373388,
    "lpt_time": 93,
    "lpt_compute_time": 2.1564467060379684,
    "n_jobs": 8,
    "n_resources": 8,
    "n_ops_per_job": 8,
    "max_op_time": 11,
    "jssp_identification": "8x8_2057_inst.json",
    "solution_optimality": "OPTIMAL",
    "jssp_instance": {
        "durations": [
            [
                2,
                3,
                8,
                10,
                7,
                9,
                11,
                10
            ],
            [
                4,
                6,
                2,
                11,
                1,
                7,
                3,
                5
            ],
            [
                2,
                7,
                11,
                7,
                11,
                2,
                7,
                1
            ],
            [
                4,
                2,
                6,
                4,
                9,
                9,
                8,
                2
            ],
            [
                3,
                8,
                10,
                3,
                2,
                6,
                11,
                1
            ],
            [
                7,
                1,
                8,
                10,
                11,
                9,
                1,
                11
            ],
            [
                11,
                6,
                6,
                6,
                3,
                2,
                5,
                5
            ],
            [
                4,
                4,
                5,
                8,
                10,
                2,
                1,
                6
            ]
        ],
        "machines": [
            [
                6,
                2,
                7,
                4,
                5,
                0,
                3,
                1
            ],
            [
                1,
                7,
                0,
                4,
                6,
                5,
                2,
                3
            ],
            [
                7,
                4,
                6,
                1,
                3,
                0,
                5,
                2
            ],
            [
                6,
                5,
                2,
                0,
                4,
                7,
                3,
                1
            ],
            [
                2,
                3,
                1,
                7,
                0,
                4,
                6,
                5
            ],
            [
                1,
                2,
                6,
                5,
                3,
                4,
                0,
                7
            ],
            [
                2,
                0,
                3,
                1,
                5,
                4,
                7,
                6
            ],
            [
                7,
                6,
                4,
                1,
                0,
                2,
                3,
                5
            ]
        ]
    }
}