{
    "optimal_time": 81.0,
    "opt_compute_time:": 0.0567561499774456,
    "spt_time": 101,
    "spt_compute_time": 2.3929734737612307,
    "lpt_time": 110,
    "lpt_compute_time": 2.4888481074012816,
    "n_jobs": 8,
    "n_resources": 8,
    "n_ops_per_job": 8,
    "max_op_time": 11,
    "jssp_identification": "8x8_2810_inst.json",
    "solution_optimality": "OPTIMAL",
    "jssp_instance": {
        "durations": [
            [
                2,
                3,
                6,
                10,
                11,
                5,
                2,
                3
            ],
            [
                4,
                6,
                3,
                4,
                4,
                2,
                10,
                4
            ],
            [
                9,
                7,
                8,
                5,
                5,
                7,
                4,
                2
            ],
            [
                3,
                2,
                5,
                2,
                11,
                10,
                11,
                10
            ],
            [
                8,
                11,
                4,
                8,
                4,
                9,
                11,
                8
            ],
            [
                1,
                10,
                5,
                5,
                8,
                9,
                7,
                1
            ],
            [
                9,
                4,
                7,
                3,
                8,
                3,
                10,
                9
            ],
            [
                9,
                7,
                7,
                2,
                7,
                9,
                4,
                4
            ]
        ],
        "machines": [
            [
                5,
                0,
                1,
                2,
                3,
                7,
                4,
                6
            ],
            [
                7,
                4,
                5,
                0,
                6,
                1,
                3,
                2
            ],
            [
                5,
                4,
                1,
                7,
                6,
                0,
                2,
                3
            ],
            [
                5,
                0,
                6,
                7,
                1,
                3,
                2,
                4
            ],
            [
                1,
                6,
                0,
                5,
                4,
                3,
                2,
                7
            ],
            [
                2,
                4,
                3,
                6,
                5,
                1,
                0,
                7
            ],
            [
                5,
                0,
                1,
                6,
                4,
                2,
                7,
                3
            ],
            [
                0,
                1,
                6,
                4,
                5,
                2,
                7,
                3
            ]
        ]
    }
}