{
    "optimal_time": 78.0,
    "opt_compute_time:": 0.07355444086715579,
    "spt_time": 106,
    "spt_compute_time": 2.202291348017752,
    "lpt_time": 106,
    "lpt_compute_time": 2.4542124471627176,
    "n_jobs": 8,
    "n_resources": 8,
    "n_ops_per_job": 8,
    "max_op_time": 11,
    "jssp_identification": "8x8_1591_inst.json",
    "solution_optimality": "OPTIMAL",
    "jssp_instance": {
        "durations": [
            [
                8,
                6,
                2,
                2,
                9,
                7,
                2,
                7
            ],
            [
                10,
                4,
                9,
                1,
                2,
                1,
                1,
                9
            ],
            [
                5,
                11,
                2,
                6,
                5,
                6,
                7,
                9
            ],
            [
                6,
                9,
                8,
                4,
                4,
                5,
                9,
                8
            ],
            [
                10,
                9,
                6,
                2,
                7,
                9,
                1,
                8
            ],
            [
                1,
                4,
                4,
                11,
                3,
                11,
                10,
                7
            ],
            [
                10,
                8,
                1,
                11,
                6,
                11,
                6,
                9
            ],
            [
                1,
                5,
                6,
                6,
                4,
                8,
                9,
                11
            ]
        ],
        "machines": [
            [
                1,
                7,
                0,
                6,
                4,
                5,
                3,
                2
            ],
            [
                2,
                1,
                5,
                3,
                7,
                4,
                0,
                6
            ],
            [
                5,
                1,
                6,
                3,
                0,
                7,
                4,
                2
            ],
            [
                3,
                4,
                1,
                2,
                0,
                5,
                7,
                6
            ],
            [
                3,
                2,
                7,
                4,
                5,
                0,
                6,
                1
            ],
            [
                2,
                5,
                1,
                4,
                3,
                7,
                6,
                0
            ],
            [
                4,
                1,
                2,
                5,
                6,
                3,
                7,
                0
            ],
            [
                4,
                3,
                2,
                0,
                7,
                6,
                5,
                1
            ]
        ]
    }
}