{
    "optimal_time": 76.0,
    "opt_compute_time:": 0.07623755931854248,
    "spt_time": 94,
    "spt_compute_time": 2.0771090048365295,
    "lpt_time": 99,
    "lpt_compute_time": 2.1289248168468475,
    "n_jobs": 8,
    "n_resources": 8,
    "n_ops_per_job": 8,
    "max_op_time": 11,
    "jssp_identification": "8x8_641_inst.json",
    "solution_optimality": "OPTIMAL",
    "jssp_instance": {
        "durations": [
            [
                11,
                6,
                10,
                8,
                6,
                3,
                9,
                9
            ],
            [
                11,
                3,
                6,
                5,
                7,
                7,
                10,
                7
            ],
            [
                5,
                8,
                6,
                11,
                11,
                1,
                10,
                1
            ],
            [
                8,
                6,
                2,
                8,
                4,
                3,
                5,
                6
            ],
            [
                8,
                6,
                2,
                8,
                6,
                2,
                2,
                11
            ],
            [
                10,
                5,
                9,
                8,
                5,
                4,
                2,
                2
            ],
            [
                11,
                10,
                6,
                2,
                2,
                5,
                10,
                3
            ],
            [
                4,
                7,
                6,
                9,
                9,
                11,
                2,
                9
            ]
        ],
        "machines": [
            [
                7,
                2,
                4,
                1,
                3,
                0,
                5,
                6
            ],
            [
                1,
                4,
                3,
                2,
                0,
                5,
                7,
                6
            ],
            [
                7,
                0,
                3,
                4,
                6,
                5,
                2,
                1
            ],
            [
                0,
                3,
                1,
                6,
                4,
                7,
                5,
                2
            ],
            [
                2,
                5,
                4,
                1,
                0,
                6,
                7,
                3
            ],
            [
                5,
                4,
                3,
                1,
                2,
                0,
                7,
                6
            ],
            [
                3,
                6,
                5,
                2,
                0,
                7,
                4,
                1
            ],
            [
                2,
                6,
                3,
                1,
                5,
                4,
                7,
                0
            ]
        ]
    }
}