{
    "optimal_time": 84.0,
    "opt_compute_time:": 0.04876545490697026,
    "spt_time": 106,
    "spt_compute_time": 2.448777935001999,
    "lpt_time": 113,
    "lpt_compute_time": 2.614351723808795,
    "n_jobs": 8,
    "n_resources": 8,
    "n_ops_per_job": 8,
    "max_op_time": 11,
    "jssp_identification": "8x8_2185_inst.json",
    "solution_optimality": "OPTIMAL",
    "jssp_instance": {
        "durations": [
            [
                1,
                5,
                4,
                2,
                9,
                7,
                10,
                8
            ],
            [
                9,
                11,
                9,
                10,
                2,
                9,
                7,
                2
            ],
            [
                2,
                4,
                5,
                4,
                4,
                3,
                4,
                10
            ],
            [
                3,
                6,
                8,
                7,
                10,
                9,
                1,
                5
            ],
            [
                7,
                1,
                9,
                1,
                11,
                11,
                7,
                5
            ],
            [
                8,
                1,
                2,
                2,
                6,
                11,
                7,
                7
            ],
            [
                9,
                5,
                4,
                3,
                10,
                2,
                8,
                3
            ],
            [
                5,
                6,
                9,
                3,
                11,
                5,
                6,
                1
            ]
        ],
        "machines": [
            [
                6,
                4,
                0,
                2,
                3,
                5,
                1,
                7
            ],
            [
                2,
                6,
                0,
                5,
                1,
                7,
                4,
                3
            ],
            [
                2,
                6,
                4,
                1,
                7,
                3,
                5,
                0
            ],
            [
                5,
                6,
                1,
                4,
                3,
                7,
                2,
                0
            ],
            [
                3,
                6,
                2,
                0,
                4,
                1,
                5,
                7
            ],
            [
                0,
                2,
                3,
                1,
                5,
                7,
                6,
                4
            ],
            [
                2,
                0,
                1,
                4,
                7,
                6,
                5,
                3
            ],
            [
                1,
                3,
                5,
                6,
                7,
                2,
                0,
                4
            ]
        ]
    }
}