{
    "optimal_time": 75.0,
    "opt_compute_time:": 0.053643173072487116,
    "spt_time": 85,
    "spt_compute_time": 1.928792729973793,
    "lpt_time": 114,
    "lpt_compute_time": 2.7018581670708954,
    "n_jobs": 8,
    "n_resources": 8,
    "n_ops_per_job": 8,
    "max_op_time": 11,
    "jssp_identification": "8x8_3902_inst.json",
    "solution_optimality": "OPTIMAL",
    "jssp_instance": {
        "durations": [
            [
                9,
                3,
                4,
                9,
                6,
                2,
                9,
                1
            ],
            [
                4,
                6,
                5,
                9,
                3,
                7,
                6,
                8
            ],
            [
                10,
                3,
                6,
                2,
                8,
                7,
                9,
                6
            ],
            [
                10,
                4,
                1,
                1,
                3,
                11,
                8,
                6
            ],
            [
                10,
                2,
                7,
                1,
                7,
                6,
                6,
                6
            ],
            [
                2,
                1,
                6,
                6,
                4,
                11,
                5,
                6
            ],
            [
                3,
                5,
                11,
                2,
                1,
                2,
                1,
                4
            ],
            [
                10,
                6,
                3,
                2,
                4,
                4,
                9,
                11
            ]
        ],
        "machines": [
            [
                0,
                3,
                1,
                2,
                4,
                6,
                7,
                5
            ],
            [
                7,
                0,
                3,
                5,
                4,
                2,
                6,
                1
            ],
            [
                1,
                7,
                3,
                4,
                0,
                5,
                2,
                6
            ],
            [
                6,
                1,
                0,
                5,
                2,
                4,
                7,
                3
            ],
            [
                1,
                3,
                0,
                2,
                5,
                7,
                6,
                4
            ],
            [
                7,
                0,
                5,
                2,
                6,
                1,
                4,
                3
            ],
            [
                7,
                3,
                5,
                1,
                4,
                6,
                0,
                2
            ],
            [
                1,
                4,
                5,
                0,
                6,
                3,
                2,
                7
            ]
        ]
    }
}