{
    "optimal_time": 83.0,
    "opt_compute_time:": 0.045800690073519945,
    "spt_time": 100,
    "spt_compute_time": 2.2776955300942063,
    "lpt_time": 114,
    "lpt_compute_time": 2.3453965759836137,
    "n_jobs": 8,
    "n_resources": 8,
    "n_ops_per_job": 8,
    "max_op_time": 11,
    "jssp_identification": "8x8_415_inst.json",
    "solution_optimality": "OPTIMAL",
    "jssp_instance": {
        "durations": [
            [
                3,
                4,
                10,
                8,
                2,
                1,
                2,
                10
            ],
            [
                1,
                9,
                8,
                11,
                11,
                3,
                10,
                6
            ],
            [
                6,
                1,
                8,
                11,
                3,
                8,
                10,
                11
            ],
            [
                10,
                9,
                8,
                11,
                1,
                5,
                5,
                8
            ],
            [
                1,
                11,
                5,
                2,
                3,
                9,
                6,
                5
            ],
            [
                4,
                10,
                5,
                3,
                1,
                9,
                9,
                7
            ],
            [
                6,
                7,
                4,
                3,
                5,
                2,
                9,
                2
            ],
            [
                7,
                4,
                2,
                8,
                7,
                9,
                5,
                5
            ]
        ],
        "machines": [
            [
                7,
                2,
                3,
                4,
                0,
                6,
                5,
                1
            ],
            [
                5,
                6,
                3,
                7,
                0,
                4,
                2,
                1
            ],
            [
                7,
                4,
                3,
                6,
                1,
                0,
                2,
                5
            ],
            [
                4,
                0,
                1,
                3,
                6,
                7,
                2,
                5
            ],
            [
                3,
                6,
                1,
                4,
                5,
                7,
                0,
                2
            ],
            [
                5,
                3,
                0,
                7,
                1,
                6,
                4,
                2
            ],
            [
                5,
                0,
                7,
                6,
                1,
                4,
                3,
                2
            ],
            [
                4,
                2,
                3,
                1,
                6,
                5,
                0,
                7
            ]
        ]
    }
}