{
    "optimal_time": 76.0,
    "opt_compute_time:": 0.04892237298190594,
    "spt_time": 96,
    "spt_compute_time": 2.0229405323043466,
    "lpt_time": 100,
    "lpt_compute_time": 2.525400951039046,
    "n_jobs": 8,
    "n_resources": 8,
    "n_ops_per_job": 8,
    "max_op_time": 11,
    "jssp_identification": "8x8_166_inst.json",
    "solution_optimality": "OPTIMAL",
    "jssp_instance": {
        "durations": [
            [
                2,
                8,
                8,
                8,
                1,
                6,
                3,
                1
            ],
            [
                5,
                3,
                3,
                6,
                6,
                3,
                8,
                3
            ],
            [
                2,
                10,
                7,
                5,
                9,
                6,
                5,
                4
            ],
            [
                11,
                5,
                5,
                11,
                5,
                5,
                7,
                8
            ],
            [
                9,
                8,
                10,
                7,
                2,
                10,
                10,
                7
            ],
            [
                8,
                7,
                6,
                1,
                2,
                7,
                1,
                11
            ],
            [
                6,
                1,
                5,
                11,
                3,
                6,
                2,
                10
            ],
            [
                3,
                4,
                10,
                7,
                4,
                6,
                2,
                5
            ]
        ],
        "machines": [
            [
                0,
                5,
                2,
                7,
                6,
                4,
                3,
                1
            ],
            [
                0,
                4,
                6,
                7,
                2,
                5,
                3,
                1
            ],
            [
                2,
                5,
                0,
                7,
                3,
                1,
                4,
                6
            ],
            [
                7,
                6,
                5,
                3,
                4,
                2,
                1,
                0
            ],
            [
                6,
                1,
                5,
                2,
                4,
                0,
                3,
                7
            ],
            [
                4,
                5,
                1,
                0,
                2,
                3,
                7,
                6
            ],
            [
                5,
                7,
                4,
                3,
                6,
                0,
                2,
                1
            ],
            [
                0,
                3,
                4,
                2,
                6,
                5,
                1,
                7
            ]
        ]
    }
}