{
    "optimal_time": 83.0,
    "opt_compute_time:": 0.027359369210898876,
    "spt_time": 90,
    "spt_compute_time": 1.9983656741678715,
    "lpt_time": 93,
    "lpt_compute_time": 2.3006162950769067,
    "n_jobs": 8,
    "n_resources": 8,
    "n_ops_per_job": 8,
    "max_op_time": 11,
    "jssp_identification": "8x8_322_inst.json",
    "solution_optimality": "OPTIMAL",
    "jssp_instance": {
        "durations": [
            [
                3,
                11,
                5,
                7,
                8,
                3,
                6,
                7
            ],
            [
                10,
                11,
                4,
                11,
                11,
                11,
                2,
                6
            ],
            [
                10,
                1,
                8,
                1,
                7,
                11,
                6,
                9
            ],
            [
                10,
                2,
                8,
                10,
                11,
                3,
                6,
                4
            ],
            [
                11,
                2,
                9,
                3,
                1,
                5,
                11,
                2
            ],
            [
                2,
                9,
                3,
                8,
                6,
                7,
                3,
                7
            ],
            [
                3,
                3,
                7,
                4,
                6,
                9,
                10,
                9
            ],
            [
                1,
                10,
                11,
                2,
                3,
                10,
                7,
                7
            ]
        ],
        "machines": [
            [
                1,
                2,
                3,
                5,
                0,
                6,
                4,
                7
            ],
            [
                7,
                5,
                2,
                0,
                3,
                4,
                6,
                1
            ],
            [
                0,
                6,
                5,
                1,
                2,
                3,
                7,
                4
            ],
            [
                7,
                2,
                0,
                6,
                1,
                5,
                4,
                3
            ],
            [
                1,
                0,
                4,
                6,
                5,
                3,
                2,
                7
            ],
            [
                0,
                3,
                5,
                7,
                6,
                2,
                4,
                1
            ],
            [
                2,
                4,
                3,
                7,
                6,
                1,
                5,
                0
            ],
            [
                4,
                6,
                7,
                0,
                1,
                2,
                5,
                3
            ]
        ]
    }
}