{
    "optimal_time": 84.0,
    "opt_compute_time:": 0.05672359699383378,
    "spt_time": 97,
    "spt_compute_time": 2.562451091129333,
    "lpt_time": 128,
    "lpt_compute_time": 2.855832926928997,
    "n_jobs": 8,
    "n_resources": 8,
    "n_ops_per_job": 8,
    "max_op_time": 11,
    "jssp_identification": "8x8_1846_inst.json",
    "solution_optimality": "OPTIMAL",
    "jssp_instance": {
        "durations": [
            [
                4,
                9,
                5,
                3,
                11,
                2,
                1,
                7
            ],
            [
                9,
                11,
                3,
                4,
                3,
                2,
                4,
                1
            ],
            [
                2,
                9,
                8,
                6,
                9,
                2,
                9,
                1
            ],
            [
                2,
                3,
                2,
                3,
                10,
                6,
                10,
                4
            ],
            [
                4,
                3,
                10,
                1,
                2,
                10,
                4,
                9
            ],
            [
                8,
                11,
                8,
                10,
                6,
                2,
                10,
                9
            ],
            [
                11,
                11,
                6,
                1,
                11,
                5,
                10,
                7
            ],
            [
                11,
                3,
                11,
                8,
                6,
                7,
                8,
                1
            ]
        ],
        "machines": [
            [
                7,
                1,
                3,
                4,
                5,
                6,
                2,
                0
            ],
            [
                2,
                5,
                6,
                3,
                7,
                1,
                0,
                4
            ],
            [
                6,
                4,
                1,
                0,
                5,
                7,
                3,
                2
            ],
            [
                1,
                2,
                0,
                6,
                4,
                5,
                7,
                3
            ],
            [
                1,
                0,
                3,
                6,
                4,
                2,
                5,
                7
            ],
            [
                4,
                7,
                2,
                3,
                6,
                0,
                5,
                1
            ],
            [
                2,
                6,
                5,
                7,
                3,
                1,
                0,
                4
            ],
            [
                1,
                2,
                7,
                5,
                3,
                0,
                4,
                6
            ]
        ]
    }
}