{
    "optimal_time": 86.0,
    "opt_compute_time:": 0.05759556405246258,
    "spt_time": 89,
    "spt_compute_time": 2.0361143881455064,
    "lpt_time": 94,
    "lpt_compute_time": 2.08971910411492,
    "n_jobs": 8,
    "n_resources": 8,
    "n_ops_per_job": 8,
    "max_op_time": 11,
    "jssp_identification": "8x8_567_inst.json",
    "solution_optimality": "OPTIMAL",
    "jssp_instance": {
        "durations": [
            [
                6,
                9,
                9,
                8,
                9,
                6,
                1,
                5
            ],
            [
                8,
                5,
                10,
                6,
                10,
                5,
                6,
                9
            ],
            [
                1,
                3,
                11,
                9,
                3,
                5,
                3,
                5
            ],
            [
                1,
                10,
                6,
                1,
                1,
                7,
                8,
                6
            ],
            [
                10,
                5,
                2,
                1,
                10,
                2,
                11,
                7
            ],
            [
                4,
                11,
                1,
                7,
                11,
                10,
                10,
                3
            ],
            [
                5,
                9,
                6,
                11,
                4,
                7,
                10,
                1
            ],
            [
                4,
                5,
                7,
                9,
                11,
                6,
                10,
                2
            ]
        ],
        "machines": [
            [
                6,
                1,
                0,
                7,
                5,
                4,
                3,
                2
            ],
            [
                2,
                6,
                7,
                0,
                5,
                1,
                3,
                4
            ],
            [
                2,
                5,
                7,
                4,
                3,
                0,
                6,
                1
            ],
            [
                3,
                4,
                5,
                7,
                1,
                2,
                0,
                6
            ],
            [
                3,
                0,
                2,
                1,
                5,
                4,
                7,
                6
            ],
            [
                7,
                4,
                6,
                3,
                0,
                5,
                1,
                2
            ],
            [
                1,
                6,
                5,
                2,
                4,
                3,
                0,
                7
            ],
            [
                6,
                0,
                3,
                4,
                5,
                1,
                7,
                2
            ]
        ]
    }
}