{
    "optimal_time": 72.0,
    "opt_compute_time:": 0.049047492910176516,
    "spt_time": 87,
    "spt_compute_time": 2.105906034819782,
    "lpt_time": 106,
    "lpt_compute_time": 2.4286194830201566,
    "n_jobs": 8,
    "n_resources": 8,
    "n_ops_per_job": 8,
    "max_op_time": 11,
    "jssp_identification": "8x8_497_inst.json",
    "solution_optimality": "OPTIMAL",
    "jssp_instance": {
        "durations": [
            [
                1,
                11,
                9,
                5,
                2,
                10,
                7,
                1
            ],
            [
                1,
                2,
                3,
                3,
                8,
                11,
                9,
                7
            ],
            [
                11,
                1,
                4,
                6,
                4,
                8,
                10,
                4
            ],
            [
                6,
                8,
                8,
                5,
                8,
                6,
                5,
                7
            ],
            [
                4,
                9,
                5,
                7,
                1,
                9,
                4,
                6
            ],
            [
                9,
                2,
                8,
                1,
                10,
                5,
                5,
                5
            ],
            [
                2,
                9,
                6,
                10,
                3,
                11,
                3,
                1
            ],
            [
                6,
                2,
                1,
                7,
                4,
                4,
                3,
                11
            ]
        ],
        "machines": [
            [
                3,
                6,
                0,
                1,
                5,
                4,
                7,
                2
            ],
            [
                7,
                5,
                2,
                1,
                0,
                6,
                4,
                3
            ],
            [
                6,
                3,
                1,
                7,
                2,
                4,
                5,
                0
            ],
            [
                3,
                2,
                5,
                4,
                1,
                0,
                6,
                7
            ],
            [
                7,
                3,
                1,
                0,
                6,
                5,
                2,
                4
            ],
            [
                2,
                7,
                6,
                3,
                5,
                0,
                1,
                4
            ],
            [
                5,
                3,
                0,
                1,
                2,
                6,
                4,
                7
            ],
            [
                5,
                7,
                0,
                4,
                6,
                3,
                2,
                1
            ]
        ]
    }
}