{
    "optimal_time": 69.0,
    "opt_compute_time:": 0.057677341159433126,
    "spt_time": 77,
    "spt_compute_time": 1.7782439696602523,
    "lpt_time": 97,
    "lpt_compute_time": 2.343588089104742,
    "n_jobs": 8,
    "n_resources": 8,
    "n_ops_per_job": 8,
    "max_op_time": 11,
    "jssp_identification": "8x8_63_inst.json",
    "solution_optimality": "OPTIMAL",
    "jssp_instance": {
        "durations": [
            [
                5,
                6,
                5,
                2,
                3,
                9,
                2,
                8
            ],
            [
                9,
                5,
                2,
                4,
                7,
                7,
                11,
                3
            ],
            [
                1,
                4,
                3,
                8,
                4,
                11,
                10,
                3
            ],
            [
                2,
                5,
                3,
                2,
                1,
                5,
                10,
                9
            ],
            [
                1,
                11,
                11,
                11,
                11,
                9,
                6,
                2
            ],
            [
                3,
                1,
                4,
                3,
                7,
                9,
                7,
                7
            ],
            [
                3,
                5,
                3,
                5,
                3,
                2,
                8,
                1
            ],
            [
                6,
                10,
                6,
                4,
                9,
                6,
                4,
                3
            ]
        ],
        "machines": [
            [
                3,
                1,
                7,
                0,
                6,
                4,
                5,
                2
            ],
            [
                5,
                3,
                7,
                0,
                1,
                2,
                4,
                6
            ],
            [
                5,
                4,
                1,
                0,
                7,
                2,
                3,
                6
            ],
            [
                2,
                7,
                6,
                3,
                0,
                4,
                1,
                5
            ],
            [
                1,
                2,
                5,
                3,
                4,
                0,
                6,
                7
            ],
            [
                2,
                1,
                4,
                3,
                0,
                7,
                6,
                5
            ],
            [
                1,
                4,
                5,
                2,
                0,
                6,
                7,
                3
            ],
            [
                1,
                3,
                0,
                6,
                2,
                7,
                4,
                5
            ]
        ]
    }
}