{
    "optimal_time": 81.0,
    "opt_compute_time:": 0.04937221575528383,
    "spt_time": 97,
    "spt_compute_time": 2.40806548204273,
    "lpt_time": 115,
    "lpt_compute_time": 2.8093796418979764,
    "n_jobs": 8,
    "n_resources": 8,
    "n_ops_per_job": 8,
    "max_op_time": 11,
    "jssp_identification": "8x8_2505_inst.json",
    "solution_optimality": "OPTIMAL",
    "jssp_instance": {
        "durations": [
            [
                11,
                9,
                2,
                5,
                5,
                6,
                6,
                1
            ],
            [
                6,
                11,
                3,
                9,
                8,
                10,
                7,
                3
            ],
            [
                2,
                3,
                11,
                11,
                4,
                10,
                11,
                8
            ],
            [
                7,
                1,
                4,
                10,
                5,
                11,
                4,
                3
            ],
            [
                11,
                3,
                9,
                1,
                10,
                10,
                7,
                9
            ],
            [
                5,
                5,
                1,
                1,
                10,
                9,
                11,
                10
            ],
            [
                7,
                1,
                5,
                1,
                7,
                7,
                3,
                4
            ],
            [
                7,
                8,
                1,
                2,
                1,
                3,
                6,
                8
            ]
        ],
        "machines": [
            [
                0,
                5,
                7,
                6,
                3,
                4,
                2,
                1
            ],
            [
                4,
                2,
                6,
                5,
                0,
                1,
                3,
                7
            ],
            [
                3,
                0,
                5,
                1,
                7,
                2,
                6,
                4
            ],
            [
                4,
                1,
                6,
                0,
                2,
                5,
                7,
                3
            ],
            [
                6,
                3,
                0,
                5,
                7,
                2,
                1,
                4
            ],
            [
                3,
                0,
                5,
                1,
                7,
                2,
                6,
                4
            ],
            [
                0,
                3,
                4,
                5,
                7,
                1,
                2,
                6
            ],
            [
                1,
                3,
                5,
                0,
                2,
                7,
                4,
                6
            ]
        ]
    }
}