{
    "optimal_time": 86.0,
    "opt_compute_time:": 0.0490360320545733,
    "spt_time": 91,
    "spt_compute_time": 2.3439509076997638,
    "lpt_time": 98,
    "lpt_compute_time": 2.731567634269595,
    "n_jobs": 8,
    "n_resources": 8,
    "n_ops_per_job": 8,
    "max_op_time": 11,
    "jssp_identification": "8x8_1764_inst.json",
    "solution_optimality": "OPTIMAL",
    "jssp_instance": {
        "durations": [
            [
                11,
                3,
                6,
                10,
                7,
                7,
                11,
                7
            ],
            [
                5,
                7,
                7,
                10,
                2,
                7,
                7,
                6
            ],
            [
                8,
                5,
                1,
                3,
                3,
                11,
                4,
                1
            ],
            [
                3,
                10,
                10,
                11,
                8,
                1,
                10,
                10
            ],
            [
                10,
                2,
                5,
                1,
                8,
                8,
                9,
                2
            ],
            [
                10,
                4,
                9,
                8,
                8,
                9,
                11,
                9
            ],
            [
                4,
                7,
                11,
                7,
                1,
                7,
                3,
                1
            ],
            [
                9,
                4,
                5,
                5,
                10,
                2,
                7,
                4
            ]
        ],
        "machines": [
            [
                7,
                4,
                6,
                3,
                2,
                1,
                5,
                0
            ],
            [
                0,
                7,
                5,
                2,
                4,
                6,
                3,
                1
            ],
            [
                0,
                5,
                2,
                3,
                1,
                4,
                7,
                6
            ],
            [
                3,
                2,
                4,
                6,
                1,
                7,
                5,
                0
            ],
            [
                2,
                7,
                3,
                4,
                1,
                5,
                6,
                0
            ],
            [
                3,
                1,
                2,
                0,
                4,
                5,
                7,
                6
            ],
            [
                1,
                4,
                7,
                5,
                6,
                3,
                0,
                2
            ],
            [
                1,
                4,
                3,
                7,
                6,
                2,
                5,
                0
            ]
        ]
    }
}