{
    "optimal_time": 77.0,
    "opt_compute_time:": 0.03629487520083785,
    "spt_time": 91,
    "spt_compute_time": 1.8139567142352462,
    "lpt_time": 103,
    "lpt_compute_time": 2.6500067417509854,
    "n_jobs": 8,
    "n_resources": 8,
    "n_ops_per_job": 8,
    "max_op_time": 11,
    "jssp_identification": "8x8_370_inst.json",
    "solution_optimality": "OPTIMAL",
    "jssp_instance": {
        "durations": [
            [
                10,
                1,
                8,
                4,
                5,
                2,
                3,
                5
            ],
            [
                7,
                1,
                7,
                4,
                7,
                11,
                11,
                2
            ],
            [
                1,
                4,
                3,
                4,
                11,
                10,
                3,
                6
            ],
            [
                4,
                5,
                3,
                3,
                10,
                10,
                2,
                11
            ],
            [
                5,
                8,
                3,
                4,
                7,
                10,
                3,
                5
            ],
            [
                4,
                3,
                8,
                9,
                10,
                5,
                11,
                3
            ],
            [
                11,
                9,
                9,
                3,
                10,
                11,
                11,
                10
            ],
            [
                5,
                3,
                4,
                6,
                6,
                7,
                2,
                4
            ]
        ],
        "machines": [
            [
                7,
                0,
                2,
                4,
                5,
                6,
                3,
                1
            ],
            [
                0,
                6,
                7,
                1,
                3,
                2,
                4,
                5
            ],
            [
                2,
                1,
                0,
                3,
                6,
                7,
                5,
                4
            ],
            [
                0,
                6,
                5,
                7,
                1,
                2,
                4,
                3
            ],
            [
                7,
                4,
                2,
                5,
                0,
                1,
                6,
                3
            ],
            [
                4,
                1,
                3,
                7,
                0,
                5,
                6,
                2
            ],
            [
                2,
                5,
                4,
                3,
                0,
                1,
                6,
                7
            ],
            [
                7,
                4,
                6,
                5,
                2,
                1,
                3,
                0
            ]
        ]
    }
}