{
    "optimal_time": 71.0,
    "opt_compute_time:": 0.04047135077416897,
    "spt_time": 76,
    "spt_compute_time": 2.087903229985386,
    "lpt_time": 100,
    "lpt_compute_time": 2.4177750749513507,
    "n_jobs": 8,
    "n_resources": 8,
    "n_ops_per_job": 8,
    "max_op_time": 11,
    "jssp_identification": "8x8_3011_inst.json",
    "solution_optimality": "OPTIMAL",
    "jssp_instance": {
        "durations": [
            [
                6,
                3,
                1,
                1,
                8,
                8,
                8,
                10
            ],
            [
                7,
                7,
                7,
                8,
                8,
                8,
                5,
                5
            ],
            [
                3,
                4,
                6,
                10,
                8,
                6,
                9,
                3
            ],
            [
                9,
                6,
                1,
                11,
                8,
                4,
                4,
                7
            ],
            [
                4,
                9,
                7,
                7,
                7,
                8,
                5,
                4
            ],
            [
                11,
                4,
                9,
                10,
                1,
                3,
                3,
                5
            ],
            [
                3,
                2,
                3,
                4,
                8,
                5,
                5,
                4
            ],
            [
                11,
                6,
                8,
                4,
                6,
                8,
                4,
                4
            ]
        ],
        "machines": [
            [
                5,
                6,
                1,
                3,
                7,
                2,
                4,
                0
            ],
            [
                4,
                6,
                5,
                3,
                7,
                2,
                0,
                1
            ],
            [
                1,
                3,
                6,
                0,
                2,
                5,
                4,
                7
            ],
            [
                5,
                1,
                3,
                7,
                0,
                6,
                2,
                4
            ],
            [
                2,
                1,
                7,
                4,
                0,
                6,
                3,
                5
            ],
            [
                0,
                4,
                1,
                3,
                5,
                2,
                7,
                6
            ],
            [
                5,
                0,
                3,
                4,
                1,
                6,
                7,
                2
            ],
            [
                4,
                6,
                0,
                7,
                1,
                3,
                2,
                5
            ]
        ]
    }
}