{
    "optimal_time": 65.0,
    "opt_compute_time:": 0.05074047204107046,
    "spt_time": 71,
    "spt_compute_time": 1.983507125172764,
    "lpt_time": 80,
    "lpt_compute_time": 2.0318464636802673,
    "n_jobs": 8,
    "n_resources": 8,
    "n_ops_per_job": 8,
    "max_op_time": 11,
    "jssp_identification": "8x8_1439_inst.json",
    "solution_optimality": "OPTIMAL",
    "jssp_instance": {
        "durations": [
            [
                4,
                6,
                2,
                1,
                8,
                6,
                10,
                5
            ],
            [
                4,
                9,
                9,
                4,
                1,
                11,
                1,
                2
            ],
            [
                11,
                1,
                3,
                7,
                7,
                7,
                2,
                8
            ],
            [
                1,
                6,
                6,
                1,
                11,
                10,
                4,
                1
            ],
            [
                7,
                5,
                10,
                3,
                4,
                8,
                4,
                5
            ],
            [
                6,
                2,
                9,
                7,
                2,
                7,
                7,
                11
            ],
            [
                9,
                11,
                5,
                2,
                2,
                4,
                7,
                7
            ],
            [
                6,
                8,
                8,
                5,
                5,
                4,
                1,
                6
            ]
        ],
        "machines": [
            [
                7,
                4,
                0,
                3,
                5,
                2,
                1,
                6
            ],
            [
                3,
                2,
                0,
                7,
                6,
                5,
                4,
                1
            ],
            [
                2,
                1,
                5,
                7,
                3,
                4,
                0,
                6
            ],
            [
                6,
                5,
                0,
                7,
                4,
                1,
                3,
                2
            ],
            [
                2,
                5,
                3,
                6,
                1,
                0,
                4,
                7
            ],
            [
                0,
                6,
                5,
                7,
                4,
                1,
                2,
                3
            ],
            [
                1,
                4,
                6,
                0,
                5,
                7,
                3,
                2
            ],
            [
                3,
                6,
                0,
                4,
                7,
                5,
                1,
                2
            ]
        ]
    }
}