{
    "optimal_time": 72.0,
    "opt_compute_time:": 0.04041285114362836,
    "spt_time": 86,
    "spt_compute_time": 1.8432943848893046,
    "lpt_time": 94,
    "lpt_compute_time": 2.51089444803074,
    "n_jobs": 8,
    "n_resources": 8,
    "n_ops_per_job": 8,
    "max_op_time": 11,
    "jssp_identification": "8x8_2165_inst.json",
    "solution_optimality": "OPTIMAL",
    "jssp_instance": {
        "durations": [
            [
                7,
                7,
                8,
                6,
                3,
                4,
                1,
                11
            ],
            [
                3,
                2,
                8,
                1,
                10,
                3,
                2,
                7
            ],
            [
                8,
                10,
                9,
                3,
                8,
                5,
                3,
                3
            ],
            [
                11,
                9,
                2,
                8,
                2,
                1,
                1,
                2
            ],
            [
                5,
                3,
                5,
                11,
                10,
                2,
                1,
                11
            ],
            [
                8,
                8,
                7,
                10,
                11,
                3,
                9,
                1
            ],
            [
                3,
                1,
                6,
                2,
                11,
                5,
                8,
                8
            ],
            [
                5,
                5,
                7,
                1,
                8,
                11,
                9,
                6
            ]
        ],
        "machines": [
            [
                2,
                0,
                5,
                4,
                6,
                1,
                3,
                7
            ],
            [
                4,
                7,
                1,
                6,
                2,
                0,
                3,
                5
            ],
            [
                5,
                4,
                6,
                2,
                1,
                0,
                3,
                7
            ],
            [
                4,
                7,
                3,
                0,
                6,
                1,
                5,
                2
            ],
            [
                6,
                2,
                5,
                3,
                7,
                0,
                4,
                1
            ],
            [
                5,
                2,
                4,
                7,
                3,
                1,
                0,
                6
            ],
            [
                6,
                0,
                3,
                2,
                1,
                4,
                5,
                7
            ],
            [
                3,
                7,
                0,
                6,
                5,
                1,
                4,
                2
            ]
        ]
    }
}