{
    "optimal_time": 83.0,
    "opt_compute_time:": 0.0461817323230207,
    "spt_time": 98,
    "spt_compute_time": 2.396909330971539,
    "lpt_time": 121,
    "lpt_compute_time": 3.1778349401429296,
    "n_jobs": 8,
    "n_resources": 8,
    "n_ops_per_job": 8,
    "max_op_time": 11,
    "jssp_identification": "8x8_609_inst.json",
    "solution_optimality": "OPTIMAL",
    "jssp_instance": {
        "durations": [
            [
                5,
                9,
                8,
                6,
                4,
                11,
                8,
                9
            ],
            [
                1,
                4,
                11,
                11,
                2,
                6,
                6,
                9
            ],
            [
                6,
                2,
                8,
                5,
                11,
                4,
                8,
                6
            ],
            [
                9,
                8,
                6,
                2,
                5,
                4,
                7,
                4
            ],
            [
                10,
                5,
                4,
                9,
                8,
                5,
                8,
                8
            ],
            [
                11,
                10,
                9,
                11,
                1,
                8,
                1,
                8
            ],
            [
                7,
                1,
                7,
                10,
                2,
                5,
                8,
                6
            ],
            [
                7,
                10,
                5,
                6,
                9,
                5,
                2,
                1
            ]
        ],
        "machines": [
            [
                1,
                0,
                7,
                5,
                4,
                3,
                2,
                6
            ],
            [
                4,
                6,
                0,
                5,
                1,
                3,
                2,
                7
            ],
            [
                6,
                0,
                1,
                4,
                5,
                2,
                3,
                7
            ],
            [
                3,
                7,
                6,
                1,
                0,
                5,
                4,
                2
            ],
            [
                5,
                7,
                2,
                0,
                3,
                4,
                1,
                6
            ],
            [
                1,
                7,
                5,
                2,
                4,
                0,
                6,
                3
            ],
            [
                6,
                1,
                5,
                0,
                2,
                7,
                4,
                3
            ],
            [
                4,
                3,
                1,
                6,
                2,
                0,
                7,
                5
            ]
        ]
    }
}