{
    "optimal_time": 81.0,
    "opt_compute_time:": 0.060738544911146164,
    "spt_time": 93,
    "spt_compute_time": 2.2242608298547566,
    "lpt_time": 103,
    "lpt_compute_time": 2.682586321141571,
    "n_jobs": 8,
    "n_resources": 8,
    "n_ops_per_job": 8,
    "max_op_time": 11,
    "jssp_identification": "8x8_2502_inst.json",
    "solution_optimality": "OPTIMAL",
    "jssp_instance": {
        "durations": [
            [
                10,
                3,
                7,
                4,
                11,
                4,
                8,
                8
            ],
            [
                9,
                9,
                4,
                3,
                11,
                7,
                4,
                2
            ],
            [
                5,
                10,
                11,
                1,
                2,
                5,
                4,
                3
            ],
            [
                11,
                3,
                4,
                3,
                10,
                7,
                11,
                4
            ],
            [
                1,
                1,
                10,
                2,
                10,
                8,
                6,
                6
            ],
            [
                3,
                8,
                11,
                5,
                8,
                9,
                9,
                6
            ],
            [
                10,
                3,
                5,
                4,
                10,
                7,
                3,
                4
            ],
            [
                5,
                6,
                8,
                11,
                11,
                6,
                4,
                2
            ]
        ],
        "machines": [
            [
                1,
                0,
                7,
                4,
                3,
                5,
                6,
                2
            ],
            [
                6,
                0,
                4,
                5,
                1,
                2,
                7,
                3
            ],
            [
                4,
                2,
                7,
                6,
                1,
                3,
                5,
                0
            ],
            [
                7,
                0,
                4,
                6,
                2,
                5,
                3,
                1
            ],
            [
                0,
                1,
                5,
                4,
                6,
                3,
                2,
                7
            ],
            [
                3,
                2,
                5,
                6,
                7,
                1,
                4,
                0
            ],
            [
                5,
                1,
                0,
                6,
                4,
                3,
                7,
                2
            ],
            [
                5,
                0,
                6,
                7,
                3,
                1,
                4,
                2
            ]
        ]
    }
}