{
    "optimal_time": 71.0,
    "opt_compute_time:": 0.04821875784546137,
    "spt_time": 77,
    "spt_compute_time": 1.7981966161169112,
    "lpt_time": 79,
    "lpt_compute_time": 2.0493897167034447,
    "n_jobs": 8,
    "n_resources": 8,
    "n_ops_per_job": 8,
    "max_op_time": 11,
    "jssp_identification": "8x8_1009_inst.json",
    "solution_optimality": "OPTIMAL",
    "jssp_instance": {
        "durations": [
            [
                4,
                4,
                8,
                8,
                6,
                3,
                1,
                3
            ],
            [
                1,
                10,
                11,
                10,
                2,
                6,
                8,
                7
            ],
            [
                1,
                4,
                11,
                4,
                3,
                3,
                11,
                11
            ],
            [
                4,
                4,
                3,
                5,
                5,
                1,
                9,
                6
            ],
            [
                11,
                11,
                5,
                7,
                11,
                2,
                8,
                1
            ],
            [
                1,
                7,
                6,
                10,
                3,
                2,
                9,
                9
            ],
            [
                2,
                7,
                10,
                2,
                3,
                5,
                4,
                1
            ],
            [
                6,
                11,
                7,
                9,
                11,
                2,
                2,
                10
            ]
        ],
        "machines": [
            [
                2,
                5,
                4,
                7,
                1,
                6,
                0,
                3
            ],
            [
                4,
                1,
                5,
                3,
                0,
                2,
                6,
                7
            ],
            [
                6,
                2,
                0,
                7,
                3,
                5,
                1,
                4
            ],
            [
                1,
                5,
                0,
                6,
                4,
                7,
                2,
                3
            ],
            [
                2,
                6,
                0,
                4,
                7,
                1,
                3,
                5
            ],
            [
                2,
                6,
                3,
                1,
                7,
                0,
                4,
                5
            ],
            [
                0,
                6,
                7,
                3,
                1,
                5,
                4,
                2
            ],
            [
                1,
                7,
                3,
                4,
                6,
                2,
                0,
                5
            ]
        ]
    }
}