{
    "optimal_time": 82.0,
    "opt_compute_time:": 0.07297121081501245,
    "spt_time": 106,
    "spt_compute_time": 2.286159000825137,
    "lpt_time": 98,
    "lpt_compute_time": 2.4041556287556887,
    "n_jobs": 8,
    "n_resources": 8,
    "n_ops_per_job": 8,
    "max_op_time": 11,
    "jssp_identification": "8x8_2099_inst.json",
    "solution_optimality": "OPTIMAL",
    "jssp_instance": {
        "durations": [
            [
                3,
                7,
                8,
                4,
                1,
                1,
                7,
                5
            ],
            [
                11,
                8,
                2,
                6,
                1,
                8,
                8,
                4
            ],
            [
                6,
                2,
                1,
                10,
                4,
                3,
                9,
                5
            ],
            [
                2,
                3,
                10,
                7,
                11,
                8,
                6,
                9
            ],
            [
                4,
                9,
                5,
                9,
                11,
                6,
                9,
                8
            ],
            [
                4,
                11,
                11,
                9,
                4,
                5,
                6,
                4
            ],
            [
                4,
                8,
                4,
                10,
                11,
                2,
                7,
                7
            ],
            [
                2,
                6,
                8,
                2,
                10,
                1,
                7,
                4
            ]
        ],
        "machines": [
            [
                1,
                0,
                6,
                5,
                7,
                2,
                3,
                4
            ],
            [
                7,
                1,
                4,
                2,
                5,
                3,
                0,
                6
            ],
            [
                7,
                4,
                0,
                5,
                3,
                2,
                1,
                6
            ],
            [
                1,
                2,
                4,
                0,
                3,
                7,
                5,
                6
            ],
            [
                6,
                4,
                1,
                2,
                3,
                7,
                5,
                0
            ],
            [
                4,
                6,
                0,
                3,
                5,
                1,
                2,
                7
            ],
            [
                1,
                2,
                0,
                4,
                6,
                3,
                5,
                7
            ],
            [
                4,
                7,
                5,
                1,
                0,
                3,
                2,
                6
            ]
        ]
    }
}