{
    "optimal_time": 81.0,
    "opt_compute_time:": 0.03786330996081233,
    "spt_time": 99,
    "spt_compute_time": 2.203717882744968,
    "lpt_time": 96,
    "lpt_compute_time": 2.1892893817275763,
    "n_jobs": 8,
    "n_resources": 8,
    "n_ops_per_job": 8,
    "max_op_time": 11,
    "jssp_identification": "8x8_1374_inst.json",
    "solution_optimality": "OPTIMAL",
    "jssp_instance": {
        "durations": [
            [
                6,
                10,
                7,
                10,
                6,
                1,
                11,
                3
            ],
            [
                9,
                3,
                4,
                6,
                5,
                11,
                4,
                9
            ],
            [
                2,
                1,
                8,
                11,
                5,
                3,
                3,
                10
            ],
            [
                10,
                4,
                4,
                8,
                8,
                2,
                3,
                2
            ],
            [
                10,
                10,
                4,
                6,
                7,
                2,
                9,
                8
            ],
            [
                11,
                4,
                9,
                6,
                1,
                8,
                10,
                9
            ],
            [
                9,
                9,
                5,
                11,
                2,
                5,
                9,
                8
            ],
            [
                2,
                6,
                8,
                10,
                10,
                1,
                7,
                4
            ]
        ],
        "machines": [
            [
                5,
                7,
                1,
                0,
                3,
                6,
                2,
                4
            ],
            [
                3,
                5,
                7,
                2,
                6,
                0,
                1,
                4
            ],
            [
                5,
                0,
                2,
                4,
                3,
                6,
                7,
                1
            ],
            [
                4,
                1,
                2,
                7,
                3,
                5,
                6,
                0
            ],
            [
                4,
                6,
                1,
                7,
                2,
                3,
                5,
                0
            ],
            [
                0,
                2,
                7,
                3,
                5,
                6,
                1,
                4
            ],
            [
                3,
                5,
                7,
                0,
                2,
                1,
                4,
                6
            ],
            [
                3,
                4,
                2,
                7,
                1,
                0,
                6,
                5
            ]
        ]
    }
}