{
    "optimal_time": 78.0,
    "opt_compute_time:": 0.0624749599955976,
    "spt_time": 101,
    "spt_compute_time": 2.2105573918670416,
    "lpt_time": 94,
    "lpt_compute_time": 2.25968321505934,
    "n_jobs": 8,
    "n_resources": 8,
    "n_ops_per_job": 8,
    "max_op_time": 11,
    "jssp_identification": "8x8_1670_inst.json",
    "solution_optimality": "OPTIMAL",
    "jssp_instance": {
        "durations": [
            [
                4,
                8,
                3,
                3,
                2,
                9,
                10,
                5
            ],
            [
                3,
                9,
                1,
                8,
                3,
                2,
                10,
                8
            ],
            [
                4,
                6,
                9,
                11,
                2,
                3,
                6,
                9
            ],
            [
                3,
                2,
                9,
                5,
                9,
                1,
                11,
                2
            ],
            [
                9,
                5,
                9,
                4,
                10,
                11,
                5,
                11
            ],
            [
                11,
                8,
                9,
                5,
                1,
                7,
                11,
                3
            ],
            [
                4,
                5,
                11,
                3,
                1,
                7,
                8,
                4
            ],
            [
                4,
                2,
                6,
                5,
                1,
                3,
                9,
                10
            ]
        ],
        "machines": [
            [
                7,
                5,
                3,
                4,
                2,
                1,
                6,
                0
            ],
            [
                2,
                3,
                6,
                4,
                1,
                0,
                7,
                5
            ],
            [
                1,
                4,
                3,
                5,
                6,
                7,
                2,
                0
            ],
            [
                0,
                6,
                4,
                7,
                1,
                5,
                2,
                3
            ],
            [
                2,
                7,
                3,
                5,
                1,
                0,
                6,
                4
            ],
            [
                4,
                1,
                3,
                2,
                5,
                0,
                6,
                7
            ],
            [
                2,
                7,
                1,
                0,
                6,
                4,
                5,
                3
            ],
            [
                0,
                2,
                5,
                7,
                6,
                1,
                4,
                3
            ]
        ]
    }
}