{
    "optimal_time": 88.0,
    "opt_compute_time:": 0.05209076730534434,
    "spt_time": 95,
    "spt_compute_time": 2.4554552249610424,
    "lpt_time": 112,
    "lpt_compute_time": 2.7522596837952733,
    "n_jobs": 8,
    "n_resources": 8,
    "n_ops_per_job": 8,
    "max_op_time": 11,
    "jssp_identification": "8x8_733_inst.json",
    "solution_optimality": "OPTIMAL",
    "jssp_instance": {
        "durations": [
            [
                4,
                10,
                11,
                9,
                8,
                1,
                8,
                8
            ],
            [
                11,
                2,
                4,
                11,
                10,
                11,
                7,
                9
            ],
            [
                4,
                4,
                10,
                9,
                2,
                6,
                8,
                5
            ],
            [
                7,
                3,
                11,
                1,
                7,
                11,
                9,
                9
            ],
            [
                9,
                2,
                11,
                11,
                8,
                11,
                9,
                3
            ],
            [
                1,
                7,
                9,
                1,
                2,
                6,
                3,
                11
            ],
            [
                1,
                6,
                11,
                8,
                10,
                10,
                10,
                10
            ],
            [
                7,
                4,
                6,
                9,
                11,
                2,
                10,
                2
            ]
        ],
        "machines": [
            [
                3,
                1,
                4,
                5,
                2,
                6,
                0,
                7
            ],
            [
                7,
                3,
                4,
                2,
                6,
                5,
                0,
                1
            ],
            [
                4,
                0,
                3,
                2,
                7,
                6,
                1,
                5
            ],
            [
                5,
                4,
                7,
                1,
                6,
                0,
                3,
                2
            ],
            [
                7,
                3,
                5,
                6,
                1,
                0,
                4,
                2
            ],
            [
                3,
                0,
                4,
                1,
                6,
                5,
                2,
                7
            ],
            [
                4,
                1,
                6,
                2,
                5,
                0,
                3,
                7
            ],
            [
                6,
                3,
                2,
                1,
                5,
                0,
                7,
                4
            ]
        ]
    }
}