{
    "optimal_time": 84.0,
    "opt_compute_time:": 0.06997318612411618,
    "spt_time": 101,
    "spt_compute_time": 2.417718891054392,
    "lpt_time": 103,
    "lpt_compute_time": 3.45234753517434,
    "n_jobs": 8,
    "n_resources": 8,
    "n_ops_per_job": 8,
    "max_op_time": 11,
    "jssp_identification": "8x8_1896_inst.json",
    "solution_optimality": "OPTIMAL",
    "jssp_instance": {
        "durations": [
            [
                11,
                11,
                2,
                5,
                4,
                10,
                1,
                10
            ],
            [
                4,
                9,
                5,
                4,
                4,
                2,
                11,
                11
            ],
            [
                10,
                6,
                11,
                9,
                2,
                1,
                7,
                6
            ],
            [
                4,
                11,
                8,
                7,
                11,
                5,
                11,
                6
            ],
            [
                4,
                9,
                2,
                11,
                9,
                8,
                8,
                2
            ],
            [
                3,
                1,
                9,
                10,
                5,
                3,
                7,
                11
            ],
            [
                1,
                7,
                7,
                10,
                11,
                9,
                10,
                3
            ],
            [
                11,
                2,
                10,
                4,
                3,
                10,
                11,
                10
            ]
        ],
        "machines": [
            [
                2,
                4,
                5,
                6,
                7,
                0,
                3,
                1
            ],
            [
                6,
                0,
                7,
                2,
                4,
                3,
                1,
                5
            ],
            [
                0,
                7,
                6,
                4,
                1,
                3,
                5,
                2
            ],
            [
                2,
                7,
                3,
                1,
                0,
                5,
                6,
                4
            ],
            [
                4,
                0,
                2,
                7,
                5,
                6,
                3,
                1
            ],
            [
                6,
                7,
                1,
                4,
                5,
                3,
                0,
                2
            ],
            [
                2,
                1,
                0,
                3,
                6,
                7,
                4,
                5
            ],
            [
                6,
                2,
                4,
                7,
                5,
                0,
                1,
                3
            ]
        ]
    }
}