{
    "optimal_time": 93.0,
    "opt_compute_time:": 0.08501697797328234,
    "spt_time": 128,
    "spt_compute_time": 2.933998466003686,
    "lpt_time": 104,
    "lpt_compute_time": 2.549902298953384,
    "n_jobs": 8,
    "n_resources": 8,
    "n_ops_per_job": 8,
    "max_op_time": 11,
    "jssp_identification": "8x8_2773_inst.json",
    "solution_optimality": "OPTIMAL",
    "jssp_instance": {
        "durations": [
            [
                3,
                9,
                7,
                4,
                9,
                7,
                6,
                10
            ],
            [
                10,
                4,
                9,
                5,
                3,
                2,
                8,
                8
            ],
            [
                6,
                8,
                5,
                10,
                5,
                8,
                9,
                4
            ],
            [
                10,
                10,
                9,
                1,
                5,
                11,
                5,
                5
            ],
            [
                10,
                10,
                4,
                1,
                11,
                3,
                11,
                7
            ],
            [
                3,
                5,
                11,
                10,
                8,
                8,
                6,
                7
            ],
            [
                4,
                10,
                9,
                4,
                7,
                7,
                11,
                3
            ],
            [
                11,
                3,
                10,
                9,
                2,
                2,
                8,
                11
            ]
        ],
        "machines": [
            [
                6,
                2,
                1,
                4,
                5,
                7,
                3,
                0
            ],
            [
                7,
                0,
                4,
                1,
                6,
                5,
                2,
                3
            ],
            [
                7,
                6,
                5,
                2,
                0,
                1,
                4,
                3
            ],
            [
                0,
                1,
                6,
                2,
                5,
                3,
                4,
                7
            ],
            [
                7,
                4,
                0,
                5,
                3,
                2,
                1,
                6
            ],
            [
                7,
                5,
                1,
                0,
                6,
                2,
                4,
                3
            ],
            [
                1,
                2,
                6,
                7,
                3,
                0,
                5,
                4
            ],
            [
                7,
                6,
                5,
                1,
                2,
                0,
                3,
                4
            ]
        ]
    }
}