{
    "optimal_time": 69.0,
    "opt_compute_time:": 0.06064307503402233,
    "spt_time": 81,
    "spt_compute_time": 1.9364550900645554,
    "lpt_time": 90,
    "lpt_compute_time": 2.280057404190302,
    "n_jobs": 8,
    "n_resources": 8,
    "n_ops_per_job": 8,
    "max_op_time": 11,
    "jssp_identification": "8x8_2554_inst.json",
    "solution_optimality": "OPTIMAL",
    "jssp_instance": {
        "durations": [
            [
                6,
                1,
                4,
                10,
                7,
                8,
                6,
                2
            ],
            [
                2,
                4,
                4,
                3,
                10,
                2,
                8,
                6
            ],
            [
                2,
                11,
                7,
                5,
                1,
                10,
                1,
                8
            ],
            [
                7,
                4,
                3,
                10,
                9,
                1,
                1,
                1
            ],
            [
                5,
                5,
                2,
                6,
                7,
                3,
                1,
                8
            ],
            [
                4,
                7,
                6,
                6,
                1,
                11,
                4,
                10
            ],
            [
                5,
                6,
                2,
                2,
                8,
                9,
                9,
                10
            ],
            [
                6,
                8,
                6,
                5,
                2,
                3,
                6,
                11
            ]
        ],
        "machines": [
            [
                6,
                7,
                4,
                2,
                5,
                1,
                3,
                0
            ],
            [
                5,
                7,
                1,
                2,
                6,
                4,
                0,
                3
            ],
            [
                5,
                2,
                6,
                3,
                4,
                7,
                1,
                0
            ],
            [
                1,
                0,
                4,
                3,
                7,
                5,
                2,
                6
            ],
            [
                7,
                2,
                0,
                5,
                1,
                4,
                3,
                6
            ],
            [
                2,
                4,
                6,
                0,
                1,
                3,
                5,
                7
            ],
            [
                5,
                4,
                6,
                3,
                2,
                1,
                7,
                0
            ],
            [
                0,
                1,
                3,
                4,
                6,
                7,
                2,
                5
            ]
        ]
    }
}