{
    "optimal_time": 81.0,
    "opt_compute_time:": 0.0492058489471674,
    "spt_time": 93,
    "spt_compute_time": 2.3545846678316593,
    "lpt_time": 100,
    "lpt_compute_time": 2.8316655112430453,
    "n_jobs": 8,
    "n_resources": 8,
    "n_ops_per_job": 8,
    "max_op_time": 11,
    "jssp_identification": "8x8_2309_inst.json",
    "solution_optimality": "OPTIMAL",
    "jssp_instance": {
        "durations": [
            [
                7,
                6,
                3,
                4,
                2,
                1,
                6,
                4
            ],
            [
                11,
                6,
                7,
                2,
                10,
                11,
                6,
                4
            ],
            [
                10,
                8,
                9,
                7,
                6,
                5,
                7,
                8
            ],
            [
                2,
                4,
                9,
                11,
                2,
                10,
                5,
                4
            ],
            [
                4,
                6,
                1,
                3,
                3,
                1,
                8,
                7
            ],
            [
                2,
                7,
                8,
                9,
                1,
                3,
                6,
                11
            ],
            [
                4,
                3,
                7,
                5,
                11,
                6,
                10,
                4
            ],
            [
                7,
                3,
                11,
                10,
                8,
                2,
                5,
                7
            ]
        ],
        "machines": [
            [
                0,
                7,
                1,
                4,
                3,
                5,
                2,
                6
            ],
            [
                6,
                5,
                1,
                2,
                7,
                3,
                4,
                0
            ],
            [
                4,
                5,
                0,
                6,
                3,
                7,
                1,
                2
            ],
            [
                7,
                6,
                5,
                3,
                1,
                0,
                2,
                4
            ],
            [
                3,
                4,
                2,
                5,
                7,
                1,
                6,
                0
            ],
            [
                0,
                4,
                7,
                1,
                6,
                5,
                3,
                2
            ],
            [
                1,
                4,
                2,
                5,
                3,
                7,
                6,
                0
            ],
            [
                1,
                5,
                6,
                4,
                7,
                2,
                3,
                0
            ]
        ]
    }
}