{
    "optimal_time": 81.0,
    "opt_compute_time:": 0.058589106891304255,
    "spt_time": 101,
    "spt_compute_time": 2.4117002356797457,
    "lpt_time": 100,
    "lpt_compute_time": 2.592710508964956,
    "n_jobs": 8,
    "n_resources": 8,
    "n_ops_per_job": 8,
    "max_op_time": 11,
    "jssp_identification": "8x8_1037_inst.json",
    "solution_optimality": "OPTIMAL",
    "jssp_instance": {
        "durations": [
            [
                4,
                10,
                8,
                6,
                9,
                8,
                6,
                8
            ],
            [
                11,
                11,
                6,
                3,
                3,
                1,
                2,
                6
            ],
            [
                11,
                3,
                8,
                9,
                2,
                6,
                11,
                3
            ],
            [
                10,
                4,
                7,
                1,
                3,
                8,
                4,
                7
            ],
            [
                5,
                6,
                9,
                8,
                10,
                7,
                10,
                11
            ],
            [
                4,
                7,
                4,
                6,
                5,
                10,
                2,
                11
            ],
            [
                6,
                3,
                9,
                5,
                8,
                9,
                8,
                4
            ],
            [
                1,
                3,
                11,
                5,
                5,
                5,
                7,
                9
            ]
        ],
        "machines": [
            [
                2,
                3,
                1,
                4,
                0,
                7,
                5,
                6
            ],
            [
                2,
                0,
                1,
                5,
                3,
                6,
                4,
                7
            ],
            [
                2,
                6,
                0,
                4,
                5,
                1,
                3,
                7
            ],
            [
                5,
                2,
                1,
                7,
                3,
                4,
                0,
                6
            ],
            [
                4,
                1,
                2,
                0,
                5,
                6,
                7,
                3
            ],
            [
                7,
                5,
                6,
                3,
                4,
                1,
                0,
                2
            ],
            [
                0,
                1,
                3,
                5,
                6,
                4,
                7,
                2
            ],
            [
                7,
                1,
                4,
                6,
                5,
                0,
                3,
                2
            ]
        ]
    }
}