{
    "optimal_time": 84.0,
    "opt_compute_time:": 0.06639012601226568,
    "spt_time": 96,
    "spt_compute_time": 2.184355817269534,
    "lpt_time": 104,
    "lpt_compute_time": 2.633619378786534,
    "n_jobs": 8,
    "n_resources": 8,
    "n_ops_per_job": 8,
    "max_op_time": 11,
    "jssp_identification": "8x8_543_inst.json",
    "solution_optimality": "OPTIMAL",
    "jssp_instance": {
        "durations": [
            [
                7,
                7,
                8,
                4,
                7,
                9,
                10,
                10
            ],
            [
                11,
                1,
                9,
                4,
                7,
                2,
                7,
                8
            ],
            [
                2,
                3,
                10,
                9,
                5,
                11,
                9,
                9
            ],
            [
                7,
                7,
                2,
                8,
                8,
                2,
                10,
                5
            ],
            [
                11,
                6,
                11,
                9,
                8,
                3,
                5,
                4
            ],
            [
                11,
                7,
                10,
                9,
                11,
                8,
                5,
                1
            ],
            [
                10,
                6,
                6,
                5,
                5,
                7,
                4,
                7
            ],
            [
                5,
                2,
                9,
                1,
                9,
                4,
                10,
                8
            ]
        ],
        "machines": [
            [
                4,
                2,
                3,
                7,
                0,
                5,
                1,
                6
            ],
            [
                5,
                0,
                1,
                3,
                7,
                6,
                4,
                2
            ],
            [
                5,
                7,
                3,
                6,
                0,
                2,
                4,
                1
            ],
            [
                4,
                0,
                5,
                6,
                3,
                7,
                2,
                1
            ],
            [
                1,
                3,
                2,
                0,
                4,
                7,
                5,
                6
            ],
            [
                2,
                4,
                7,
                0,
                6,
                3,
                1,
                5
            ],
            [
                4,
                3,
                7,
                1,
                0,
                5,
                6,
                2
            ],
            [
                3,
                5,
                6,
                4,
                2,
                1,
                0,
                7
            ]
        ]
    }
}