{
    "optimal_time": 75.0,
    "opt_compute_time:": 0.053656768053770065,
    "spt_time": 91,
    "spt_compute_time": 2.2010366725735366,
    "lpt_time": 94,
    "lpt_compute_time": 2.5371948671527207,
    "n_jobs": 8,
    "n_resources": 8,
    "n_ops_per_job": 8,
    "max_op_time": 11,
    "jssp_identification": "8x8_1304_inst.json",
    "solution_optimality": "OPTIMAL",
    "jssp_instance": {
        "durations": [
            [
                11,
                1,
                10,
                2,
                6,
                10,
                3,
                8
            ],
            [
                7,
                7,
                7,
                6,
                8,
                1,
                5,
                1
            ],
            [
                5,
                1,
                2,
                7,
                4,
                1,
                11,
                4
            ],
            [
                9,
                6,
                1,
                4,
                2,
                2,
                10,
                11
            ],
            [
                3,
                9,
                6,
                10,
                6,
                8,
                4,
                8
            ],
            [
                10,
                3,
                2,
                6,
                9,
                3,
                6,
                1
            ],
            [
                4,
                2,
                3,
                2,
                5,
                10,
                5,
                8
            ],
            [
                8,
                5,
                10,
                9,
                7,
                4,
                11,
                10
            ]
        ],
        "machines": [
            [
                1,
                3,
                0,
                7,
                2,
                4,
                6,
                5
            ],
            [
                4,
                2,
                7,
                5,
                3,
                6,
                0,
                1
            ],
            [
                3,
                2,
                4,
                1,
                0,
                7,
                6,
                5
            ],
            [
                3,
                4,
                0,
                7,
                6,
                2,
                1,
                5
            ],
            [
                2,
                4,
                1,
                7,
                3,
                0,
                6,
                5
            ],
            [
                1,
                5,
                2,
                7,
                0,
                3,
                4,
                6
            ],
            [
                4,
                5,
                7,
                2,
                0,
                6,
                3,
                1
            ],
            [
                0,
                4,
                3,
                5,
                1,
                6,
                2,
                7
            ]
        ]
    }
}