{
    "optimal_time": 83.0,
    "opt_compute_time:": 0.0469901617616415,
    "spt_time": 104,
    "spt_compute_time": 2.6486263908445835,
    "lpt_time": 104,
    "lpt_compute_time": 2.6703380160033703,
    "n_jobs": 8,
    "n_resources": 8,
    "n_ops_per_job": 8,
    "max_op_time": 11,
    "jssp_identification": "8x8_3860_inst.json",
    "solution_optimality": "OPTIMAL",
    "jssp_instance": {
        "durations": [
            [
                10,
                4,
                10,
                9,
                10,
                7,
                11,
                4
            ],
            [
                2,
                10,
                7,
                6,
                1,
                7,
                7,
                5
            ],
            [
                6,
                5,
                2,
                1,
                10,
                3,
                11,
                4
            ],
            [
                8,
                6,
                7,
                6,
                11,
                4,
                10,
                3
            ],
            [
                2,
                2,
                11,
                5,
                6,
                2,
                6,
                11
            ],
            [
                9,
                1,
                7,
                7,
                1,
                5,
                4,
                10
            ],
            [
                9,
                10,
                11,
                1,
                9,
                2,
                8,
                3
            ],
            [
                9,
                4,
                10,
                11,
                7,
                8,
                9,
                5
            ]
        ],
        "machines": [
            [
                2,
                6,
                3,
                4,
                0,
                7,
                5,
                1
            ],
            [
                4,
                3,
                6,
                0,
                2,
                1,
                7,
                5
            ],
            [
                5,
                2,
                3,
                1,
                0,
                6,
                7,
                4
            ],
            [
                0,
                5,
                4,
                3,
                2,
                6,
                1,
                7
            ],
            [
                2,
                4,
                1,
                7,
                3,
                6,
                5,
                0
            ],
            [
                0,
                5,
                6,
                2,
                3,
                7,
                4,
                1
            ],
            [
                0,
                3,
                1,
                4,
                2,
                6,
                5,
                7
            ],
            [
                1,
                5,
                7,
                0,
                2,
                6,
                4,
                3
            ]
        ]
    }
}