{
    "optimal_time": 78.0,
    "opt_compute_time:": 0.03963271016255021,
    "spt_time": 101,
    "spt_compute_time": 2.1482311920262873,
    "lpt_time": 101,
    "lpt_compute_time": 2.5101933809928596,
    "n_jobs": 8,
    "n_resources": 8,
    "n_ops_per_job": 8,
    "max_op_time": 11,
    "jssp_identification": "8x8_291_inst.json",
    "solution_optimality": "OPTIMAL",
    "jssp_instance": {
        "durations": [
            [
                2,
                11,
                7,
                6,
                10,
                3,
                3,
                9
            ],
            [
                2,
                2,
                2,
                9,
                2,
                6,
                9,
                9
            ],
            [
                4,
                4,
                6,
                3,
                11,
                6,
                11,
                2
            ],
            [
                4,
                7,
                11,
                7,
                3,
                4,
                4,
                10
            ],
            [
                4,
                3,
                5,
                8,
                9,
                2,
                10,
                10
            ],
            [
                5,
                10,
                7,
                8,
                11,
                10,
                6,
                3
            ],
            [
                5,
                1,
                2,
                1,
                10,
                8,
                10,
                11
            ],
            [
                5,
                11,
                8,
                9,
                3,
                6,
                2,
                3
            ]
        ],
        "machines": [
            [
                5,
                1,
                2,
                7,
                3,
                0,
                6,
                4
            ],
            [
                3,
                0,
                4,
                6,
                1,
                7,
                5,
                2
            ],
            [
                2,
                5,
                4,
                1,
                7,
                0,
                3,
                6
            ],
            [
                7,
                1,
                4,
                6,
                2,
                0,
                3,
                5
            ],
            [
                5,
                2,
                6,
                0,
                3,
                7,
                4,
                1
            ],
            [
                4,
                5,
                2,
                7,
                3,
                0,
                6,
                1
            ],
            [
                5,
                3,
                6,
                4,
                1,
                2,
                7,
                0
            ],
            [
                0,
                4,
                7,
                2,
                1,
                3,
                5,
                6
            ]
        ]
    }
}