{
    "optimal_time": 78.0,
    "opt_compute_time:": 0.05085513321682811,
    "spt_time": 89,
    "spt_compute_time": 2.007100353948772,
    "lpt_time": 94,
    "lpt_compute_time": 2.260200605727732,
    "n_jobs": 8,
    "n_resources": 8,
    "n_ops_per_job": 8,
    "max_op_time": 11,
    "jssp_identification": "8x8_1946_inst.json",
    "solution_optimality": "OPTIMAL",
    "jssp_instance": {
        "durations": [
            [
                10,
                4,
                10,
                1,
                3,
                9,
                3,
                11
            ],
            [
                4,
                4,
                6,
                2,
                6,
                6,
                3,
                2
            ],
            [
                4,
                11,
                5,
                9,
                2,
                2,
                2,
                10
            ],
            [
                3,
                7,
                1,
                8,
                7,
                11,
                11,
                9
            ],
            [
                4,
                4,
                6,
                7,
                8,
                5,
                4,
                3
            ],
            [
                11,
                5,
                2,
                9,
                9,
                6,
                2,
                2
            ],
            [
                2,
                8,
                10,
                6,
                11,
                4,
                1,
                6
            ],
            [
                3,
                2,
                8,
                2,
                11,
                8,
                10,
                3
            ]
        ],
        "machines": [
            [
                6,
                5,
                3,
                7,
                2,
                4,
                1,
                0
            ],
            [
                1,
                7,
                3,
                0,
                4,
                2,
                6,
                5
            ],
            [
                5,
                3,
                1,
                0,
                7,
                4,
                6,
                2
            ],
            [
                7,
                5,
                0,
                4,
                1,
                6,
                3,
                2
            ],
            [
                0,
                3,
                2,
                5,
                4,
                7,
                1,
                6
            ],
            [
                5,
                3,
                1,
                4,
                6,
                0,
                2,
                7
            ],
            [
                1,
                5,
                6,
                7,
                0,
                3,
                2,
                4
            ],
            [
                6,
                2,
                1,
                0,
                3,
                5,
                7,
                4
            ]
        ]
    }
}