{
    "optimal_time": 85.0,
    "opt_compute_time:": 0.06680788611993194,
    "spt_time": 104,
    "spt_compute_time": 2.3854319229722023,
    "lpt_time": 108,
    "lpt_compute_time": 2.5984608186408877,
    "n_jobs": 8,
    "n_resources": 8,
    "n_ops_per_job": 8,
    "max_op_time": 11,
    "jssp_identification": "8x8_2072_inst.json",
    "solution_optimality": "OPTIMAL",
    "jssp_instance": {
        "durations": [
            [
                7,
                2,
                8,
                8,
                5,
                10,
                3,
                8
            ],
            [
                8,
                10,
                10,
                8,
                4,
                5,
                10,
                10
            ],
            [
                6,
                1,
                10,
                8,
                6,
                1,
                9,
                11
            ],
            [
                11,
                8,
                4,
                5,
                9,
                4,
                9,
                10
            ],
            [
                8,
                10,
                8,
                1,
                1,
                9,
                1,
                3
            ],
            [
                6,
                3,
                2,
                6,
                7,
                8,
                5,
                10
            ],
            [
                8,
                10,
                3,
                5,
                1,
                11,
                10,
                7
            ],
            [
                2,
                2,
                9,
                5,
                3,
                5,
                4,
                1
            ]
        ],
        "machines": [
            [
                2,
                7,
                0,
                5,
                6,
                4,
                1,
                3
            ],
            [
                4,
                2,
                7,
                1,
                0,
                3,
                6,
                5
            ],
            [
                4,
                5,
                0,
                7,
                1,
                2,
                6,
                3
            ],
            [
                5,
                7,
                0,
                6,
                3,
                4,
                2,
                1
            ],
            [
                2,
                6,
                5,
                0,
                4,
                7,
                1,
                3
            ],
            [
                4,
                5,
                3,
                1,
                6,
                7,
                2,
                0
            ],
            [
                5,
                2,
                0,
                7,
                1,
                4,
                6,
                3
            ],
            [
                2,
                7,
                6,
                0,
                3,
                1,
                5,
                4
            ]
        ]
    }
}