{
    "optimal_time": 79.0,
    "opt_compute_time:": 0.04804268619045615,
    "spt_time": 88,
    "spt_compute_time": 2.328737109899521,
    "lpt_time": 120,
    "lpt_compute_time": 2.612377793993801,
    "n_jobs": 8,
    "n_resources": 8,
    "n_ops_per_job": 8,
    "max_op_time": 11,
    "jssp_identification": "8x8_2618_inst.json",
    "solution_optimality": "OPTIMAL",
    "jssp_instance": {
        "durations": [
            [
                4,
                7,
                3,
                3,
                11,
                9,
                10,
                7
            ],
            [
                9,
                2,
                2,
                7,
                8,
                7,
                11,
                4
            ],
            [
                2,
                1,
                1,
                8,
                6,
                9,
                5,
                10
            ],
            [
                1,
                4,
                9,
                8,
                9,
                2,
                6,
                11
            ],
            [
                5,
                10,
                3,
                11,
                10,
                5,
                3,
                6
            ],
            [
                10,
                4,
                5,
                8,
                4,
                8,
                1,
                8
            ],
            [
                1,
                3,
                6,
                9,
                5,
                7,
                5,
                3
            ],
            [
                7,
                6,
                7,
                1,
                10,
                5,
                7,
                11
            ]
        ],
        "machines": [
            [
                3,
                0,
                4,
                5,
                1,
                6,
                7,
                2
            ],
            [
                3,
                2,
                0,
                1,
                4,
                5,
                6,
                7
            ],
            [
                5,
                7,
                3,
                0,
                6,
                1,
                4,
                2
            ],
            [
                1,
                0,
                5,
                3,
                6,
                7,
                2,
                4
            ],
            [
                6,
                2,
                1,
                7,
                4,
                5,
                3,
                0
            ],
            [
                5,
                0,
                1,
                4,
                6,
                2,
                7,
                3
            ],
            [
                7,
                6,
                2,
                4,
                0,
                5,
                3,
                1
            ],
            [
                2,
                3,
                6,
                5,
                1,
                0,
                4,
                7
            ]
        ]
    }
}