{
    "optimal_time": 74.0,
    "opt_compute_time:": 0.038403775077313185,
    "spt_time": 82,
    "spt_compute_time": 2.0352901299484074,
    "lpt_time": 88,
    "lpt_compute_time": 2.3280562488362193,
    "n_jobs": 8,
    "n_resources": 8,
    "n_ops_per_job": 8,
    "max_op_time": 11,
    "jssp_identification": "8x8_1786_inst.json",
    "solution_optimality": "OPTIMAL",
    "jssp_instance": {
        "durations": [
            [
                7,
                4,
                3,
                6,
                11,
                2,
                3,
                11
            ],
            [
                7,
                6,
                3,
                2,
                7,
                11,
                10,
                2
            ],
            [
                3,
                8,
                1,
                10,
                5,
                6,
                3,
                7
            ],
            [
                5,
                11,
                7,
                1,
                1,
                8,
                10,
                10
            ],
            [
                4,
                5,
                10,
                6,
                2,
                9,
                8,
                7
            ],
            [
                9,
                9,
                8,
                5,
                9,
                7,
                6,
                1
            ],
            [
                11,
                1,
                2,
                4,
                3,
                5,
                1,
                4
            ],
            [
                3,
                7,
                4,
                7,
                11,
                10,
                3,
                3
            ]
        ],
        "machines": [
            [
                0,
                4,
                7,
                1,
                2,
                6,
                5,
                3
            ],
            [
                3,
                7,
                5,
                4,
                0,
                2,
                1,
                6
            ],
            [
                7,
                1,
                4,
                6,
                5,
                0,
                2,
                3
            ],
            [
                1,
                0,
                7,
                4,
                3,
                6,
                2,
                5
            ],
            [
                5,
                4,
                1,
                2,
                0,
                6,
                3,
                7
            ],
            [
                6,
                3,
                0,
                2,
                4,
                5,
                7,
                1
            ],
            [
                5,
                0,
                7,
                1,
                4,
                3,
                2,
                6
            ],
            [
                6,
                4,
                1,
                3,
                0,
                7,
                2,
                5
            ]
        ]
    }
}