{
    "optimal_time": 79.0,
    "opt_compute_time:": 0.04415565496310592,
    "spt_time": 104,
    "spt_compute_time": 2.3375683780759573,
    "lpt_time": 113,
    "lpt_compute_time": 2.9455693336203694,
    "n_jobs": 8,
    "n_resources": 8,
    "n_ops_per_job": 8,
    "max_op_time": 11,
    "jssp_identification": "8x8_948_inst.json",
    "solution_optimality": "OPTIMAL",
    "jssp_instance": {
        "durations": [
            [
                8,
                1,
                5,
                1,
                9,
                11,
                11,
                11
            ],
            [
                5,
                1,
                10,
                5,
                8,
                10,
                10,
                10
            ],
            [
                4,
                8,
                6,
                9,
                1,
                5,
                7,
                11
            ],
            [
                8,
                9,
                2,
                1,
                1,
                11,
                4,
                2
            ],
            [
                5,
                1,
                8,
                9,
                7,
                11,
                2,
                7
            ],
            [
                3,
                1,
                3,
                8,
                6,
                4,
                1,
                1
            ],
            [
                3,
                10,
                2,
                2,
                1,
                10,
                8,
                9
            ],
            [
                1,
                10,
                10,
                5,
                3,
                3,
                9,
                1
            ]
        ],
        "machines": [
            [
                1,
                2,
                0,
                6,
                4,
                7,
                3,
                5
            ],
            [
                2,
                5,
                3,
                1,
                4,
                6,
                0,
                7
            ],
            [
                6,
                4,
                1,
                5,
                0,
                3,
                2,
                7
            ],
            [
                0,
                4,
                2,
                7,
                6,
                5,
                1,
                3
            ],
            [
                7,
                4,
                1,
                6,
                3,
                5,
                0,
                2
            ],
            [
                2,
                3,
                4,
                7,
                1,
                5,
                0,
                6
            ],
            [
                6,
                4,
                1,
                5,
                2,
                3,
                7,
                0
            ],
            [
                3,
                1,
                2,
                0,
                4,
                7,
                6,
                5
            ]
        ]
    }
}