{
    "optimal_time": 77.0,
    "opt_compute_time:": 0.0338077787309885,
    "spt_time": 97,
    "spt_compute_time": 2.3271193825639784,
    "lpt_time": 89,
    "lpt_compute_time": 2.141087533906102,
    "n_jobs": 8,
    "n_resources": 8,
    "n_ops_per_job": 8,
    "max_op_time": 11,
    "jssp_identification": "8x8_3767_inst.json",
    "solution_optimality": "OPTIMAL",
    "jssp_instance": {
        "durations": [
            [
                11,
                9,
                8,
                2,
                7,
                8,
                9,
                5
            ],
            [
                8,
                10,
                1,
                7,
                2,
                11,
                10,
                10
            ],
            [
                3,
                11,
                9,
                5,
                6,
                6,
                2,
                9
            ],
            [
                10,
                8,
                7,
                6,
                2,
                5,
                6,
                2
            ],
            [
                10,
                7,
                8,
                10,
                4,
                3,
                5,
                6
            ],
            [
                5,
                1,
                4,
                10,
                2,
                11,
                8,
                8
            ],
            [
                6,
                2,
                8,
                11,
                10,
                5,
                9,
                5
            ],
            [
                5,
                9,
                9,
                10,
                6,
                3,
                4,
                2
            ]
        ],
        "machines": [
            [
                1,
                7,
                0,
                3,
                6,
                5,
                2,
                4
            ],
            [
                4,
                5,
                3,
                6,
                1,
                0,
                7,
                2
            ],
            [
                7,
                5,
                2,
                4,
                1,
                0,
                3,
                6
            ],
            [
                0,
                7,
                2,
                3,
                6,
                4,
                5,
                1
            ],
            [
                0,
                5,
                2,
                7,
                4,
                3,
                1,
                6
            ],
            [
                3,
                2,
                1,
                7,
                6,
                4,
                0,
                5
            ],
            [
                2,
                4,
                0,
                1,
                5,
                7,
                3,
                6
            ],
            [
                3,
                4,
                5,
                2,
                6,
                1,
                7,
                0
            ]
        ]
    }
}