{
    "optimal_time": 78.0,
    "opt_compute_time:": 0.03550819028168917,
    "spt_time": 91,
    "spt_compute_time": 1.927168178372085,
    "lpt_time": 92,
    "lpt_compute_time": 2.258849144913256,
    "n_jobs": 8,
    "n_resources": 8,
    "n_ops_per_job": 8,
    "max_op_time": 11,
    "jssp_identification": "8x8_168_inst.json",
    "solution_optimality": "OPTIMAL",
    "jssp_instance": {
        "durations": [
            [
                5,
                4,
                6,
                3,
                10,
                5,
                4,
                2
            ],
            [
                9,
                9,
                4,
                6,
                6,
                4,
                5,
                6
            ],
            [
                4,
                5,
                1,
                7,
                8,
                2,
                5,
                2
            ],
            [
                8,
                1,
                3,
                5,
                2,
                4,
                2,
                3
            ],
            [
                2,
                10,
                11,
                9,
                3,
                11,
                6,
                6
            ],
            [
                5,
                8,
                5,
                2,
                4,
                10,
                8,
                8
            ],
            [
                4,
                4,
                4,
                9,
                11,
                9,
                3,
                10
            ],
            [
                1,
                10,
                8,
                9,
                3,
                7,
                3,
                10
            ]
        ],
        "machines": [
            [
                2,
                3,
                6,
                7,
                0,
                4,
                1,
                5
            ],
            [
                7,
                4,
                5,
                0,
                1,
                3,
                6,
                2
            ],
            [
                5,
                1,
                3,
                6,
                0,
                4,
                7,
                2
            ],
            [
                0,
                4,
                6,
                7,
                1,
                2,
                5,
                3
            ],
            [
                5,
                0,
                3,
                4,
                7,
                6,
                2,
                1
            ],
            [
                1,
                0,
                2,
                7,
                3,
                6,
                5,
                4
            ],
            [
                3,
                6,
                5,
                1,
                0,
                4,
                7,
                2
            ],
            [
                7,
                1,
                3,
                6,
                0,
                5,
                4,
                2
            ]
        ]
    }
}