{
    "optimal_time": 86.0,
    "opt_compute_time:": 0.03497071983292699,
    "spt_time": 101,
    "spt_compute_time": 2.108168375212699,
    "lpt_time": 111,
    "lpt_compute_time": 2.9197224089875817,
    "n_jobs": 8,
    "n_resources": 8,
    "n_ops_per_job": 8,
    "max_op_time": 11,
    "jssp_identification": "8x8_2488_inst.json",
    "solution_optimality": "OPTIMAL",
    "jssp_instance": {
        "durations": [
            [
                10,
                10,
                10,
                8,
                10,
                8,
                8,
                10
            ],
            [
                11,
                3,
                4,
                1,
                8,
                9,
                7,
                10
            ],
            [
                7,
                9,
                2,
                7,
                9,
                2,
                10,
                6
            ],
            [
                9,
                10,
                10,
                2,
                6,
                5,
                1,
                8
            ],
            [
                9,
                4,
                7,
                6,
                11,
                11,
                6,
                1
            ],
            [
                3,
                1,
                7,
                9,
                8,
                2,
                2,
                10
            ],
            [
                5,
                1,
                7,
                5,
                8,
                11,
                1,
                4
            ],
            [
                6,
                6,
                2,
                9,
                1,
                5,
                5,
                7
            ]
        ],
        "machines": [
            [
                1,
                7,
                0,
                4,
                5,
                2,
                3,
                6
            ],
            [
                3,
                0,
                1,
                4,
                6,
                2,
                5,
                7
            ],
            [
                7,
                1,
                2,
                3,
                6,
                4,
                5,
                0
            ],
            [
                3,
                4,
                6,
                1,
                2,
                5,
                0,
                7
            ],
            [
                2,
                7,
                3,
                4,
                5,
                0,
                6,
                1
            ],
            [
                5,
                2,
                6,
                4,
                1,
                3,
                7,
                0
            ],
            [
                4,
                6,
                2,
                0,
                7,
                5,
                1,
                3
            ],
            [
                4,
                0,
                5,
                7,
                1,
                2,
                3,
                6
            ]
        ]
    }
}