{
    "optimal_time": 83.0,
    "opt_compute_time:": 0.056700101122260094,
    "spt_time": 95,
    "spt_compute_time": 2.457997647114098,
    "lpt_time": 103,
    "lpt_compute_time": 2.350610568188131,
    "n_jobs": 8,
    "n_resources": 8,
    "n_ops_per_job": 8,
    "max_op_time": 11,
    "jssp_identification": "8x8_1743_inst.json",
    "solution_optimality": "OPTIMAL",
    "jssp_instance": {
        "durations": [
            [
                5,
                8,
                2,
                1,
                11,
                6,
                9,
                7
            ],
            [
                3,
                7,
                4,
                6,
                5,
                8,
                2,
                11
            ],
            [
                8,
                10,
                11,
                10,
                9,
                2,
                6,
                5
            ],
            [
                11,
                1,
                10,
                3,
                4,
                1,
                3,
                2
            ],
            [
                10,
                1,
                1,
                5,
                2,
                9,
                10,
                8
            ],
            [
                7,
                3,
                6,
                4,
                11,
                4,
                8,
                5
            ],
            [
                7,
                10,
                6,
                7,
                2,
                10,
                5,
                9
            ],
            [
                8,
                11,
                7,
                3,
                10,
                1,
                8,
                9
            ]
        ],
        "machines": [
            [
                7,
                5,
                2,
                0,
                4,
                3,
                6,
                1
            ],
            [
                4,
                3,
                2,
                6,
                5,
                1,
                0,
                7
            ],
            [
                1,
                7,
                4,
                5,
                0,
                6,
                3,
                2
            ],
            [
                3,
                4,
                6,
                0,
                5,
                7,
                2,
                1
            ],
            [
                5,
                6,
                7,
                4,
                1,
                0,
                3,
                2
            ],
            [
                1,
                5,
                7,
                4,
                2,
                6,
                0,
                3
            ],
            [
                2,
                5,
                0,
                4,
                1,
                7,
                6,
                3
            ],
            [
                7,
                2,
                1,
                4,
                5,
                3,
                6,
                0
            ]
        ]
    }
}