{
    "optimal_time": 80.0,
    "opt_compute_time:": 0.06473779864609241,
    "spt_time": 88,
    "spt_compute_time": 2.2578554139472544,
    "lpt_time": 91,
    "lpt_compute_time": 2.128694973886013,
    "n_jobs": 8,
    "n_resources": 8,
    "n_ops_per_job": 8,
    "max_op_time": 11,
    "jssp_identification": "8x8_2477_inst.json",
    "solution_optimality": "OPTIMAL",
    "jssp_instance": {
        "durations": [
            [
                10,
                9,
                8,
                6,
                1,
                9,
                8,
                10
            ],
            [
                11,
                11,
                1,
                6,
                10,
                1,
                10,
                2
            ],
            [
                2,
                9,
                10,
                2,
                7,
                6,
                8,
                9
            ],
            [
                7,
                11,
                8,
                9,
                6,
                10,
                3,
                1
            ],
            [
                10,
                3,
                8,
                3,
                6,
                5,
                7,
                1
            ],
            [
                10,
                4,
                11,
                7,
                1,
                3,
                3,
                2
            ],
            [
                6,
                5,
                6,
                9,
                5,
                9,
                1,
                9
            ],
            [
                11,
                8,
                7,
                7,
                3,
                5,
                3,
                7
            ]
        ],
        "machines": [
            [
                0,
                6,
                2,
                3,
                7,
                4,
                1,
                5
            ],
            [
                4,
                0,
                7,
                6,
                3,
                5,
                2,
                1
            ],
            [
                7,
                4,
                3,
                1,
                5,
                0,
                6,
                2
            ],
            [
                7,
                4,
                3,
                2,
                1,
                6,
                0,
                5
            ],
            [
                1,
                3,
                7,
                4,
                5,
                0,
                2,
                6
            ],
            [
                0,
                3,
                2,
                4,
                1,
                7,
                5,
                6
            ],
            [
                6,
                1,
                4,
                7,
                2,
                0,
                5,
                3
            ],
            [
                1,
                2,
                6,
                0,
                4,
                5,
                3,
                7
            ]
        ]
    }
}