{
    "optimal_time": 77.0,
    "opt_compute_time:": 0.057888420298695564,
    "spt_time": 90,
    "spt_compute_time": 2.420531810261309,
    "lpt_time": 89,
    "lpt_compute_time": 2.231052934192121,
    "n_jobs": 8,
    "n_resources": 8,
    "n_ops_per_job": 8,
    "max_op_time": 11,
    "jssp_identification": "8x8_1314_inst.json",
    "solution_optimality": "OPTIMAL",
    "jssp_instance": {
        "durations": [
            [
                2,
                5,
                2,
                2,
                1,
                9,
                8,
                5
            ],
            [
                4,
                11,
                10,
                1,
                9,
                11,
                6,
                4
            ],
            [
                8,
                6,
                10,
                2,
                8,
                4,
                10,
                3
            ],
            [
                9,
                8,
                6,
                3,
                11,
                9,
                8,
                3
            ],
            [
                11,
                11,
                6,
                1,
                1,
                10,
                5,
                9
            ],
            [
                4,
                3,
                1,
                1,
                8,
                2,
                8,
                3
            ],
            [
                2,
                3,
                10,
                10,
                9,
                5,
                1,
                9
            ],
            [
                4,
                10,
                5,
                10,
                2,
                11,
                4,
                5
            ]
        ],
        "machines": [
            [
                4,
                0,
                7,
                1,
                6,
                3,
                2,
                5
            ],
            [
                6,
                5,
                0,
                7,
                4,
                2,
                3,
                1
            ],
            [
                7,
                5,
                6,
                3,
                4,
                0,
                2,
                1
            ],
            [
                2,
                4,
                1,
                7,
                5,
                6,
                0,
                3
            ],
            [
                0,
                4,
                3,
                7,
                2,
                1,
                5,
                6
            ],
            [
                4,
                1,
                0,
                3,
                2,
                6,
                5,
                7
            ],
            [
                4,
                5,
                7,
                6,
                3,
                0,
                1,
                2
            ],
            [
                3,
                0,
                5,
                1,
                4,
                6,
                2,
                7
            ]
        ]
    }
}