{
    "optimal_time": 82.0,
    "opt_compute_time:": 0.05158356809988618,
    "spt_time": 100,
    "spt_compute_time": 2.1733416742645204,
    "lpt_time": 119,
    "lpt_compute_time": 2.9992270320653915,
    "n_jobs": 8,
    "n_resources": 8,
    "n_ops_per_job": 8,
    "max_op_time": 11,
    "jssp_identification": "8x8_2398_inst.json",
    "solution_optimality": "OPTIMAL",
    "jssp_instance": {
        "durations": [
            [
                11,
                4,
                2,
                8,
                11,
                10,
                4,
                10
            ],
            [
                6,
                6,
                2,
                2,
                7,
                11,
                9,
                9
            ],
            [
                3,
                3,
                6,
                1,
                9,
                5,
                11,
                1
            ],
            [
                4,
                10,
                2,
                9,
                10,
                9,
                7,
                8
            ],
            [
                8,
                8,
                7,
                11,
                3,
                3,
                11,
                8
            ],
            [
                11,
                8,
                2,
                2,
                4,
                3,
                8,
                11
            ],
            [
                1,
                8,
                11,
                9,
                6,
                9,
                2,
                10
            ],
            [
                9,
                3,
                8,
                2,
                2,
                1,
                3,
                9
            ]
        ],
        "machines": [
            [
                0,
                4,
                3,
                7,
                1,
                5,
                6,
                2
            ],
            [
                3,
                6,
                0,
                2,
                5,
                1,
                7,
                4
            ],
            [
                7,
                3,
                2,
                4,
                0,
                5,
                1,
                6
            ],
            [
                1,
                5,
                3,
                4,
                2,
                6,
                7,
                0
            ],
            [
                5,
                7,
                1,
                2,
                0,
                6,
                3,
                4
            ],
            [
                1,
                7,
                2,
                3,
                4,
                0,
                6,
                5
            ],
            [
                3,
                4,
                0,
                7,
                6,
                5,
                2,
                1
            ],
            [
                0,
                7,
                5,
                3,
                4,
                2,
                6,
                1
            ]
        ]
    }
}