{
    "optimal_time": 74.0,
    "opt_compute_time:": 0.03869496425613761,
    "spt_time": 78,
    "spt_compute_time": 1.7903007389977574,
    "lpt_time": 91,
    "lpt_compute_time": 2.326715463772416,
    "n_jobs": 8,
    "n_resources": 8,
    "n_ops_per_job": 8,
    "max_op_time": 11,
    "jssp_identification": "8x8_3324_inst.json",
    "solution_optimality": "OPTIMAL",
    "jssp_instance": {
        "durations": [
            [
                8,
                9,
                9,
                7,
                11,
                2,
                10,
                9
            ],
            [
                3,
                5,
                1,
                11,
                10,
                5,
                6,
                8
            ],
            [
                8,
                2,
                6,
                4,
                4,
                5,
                5,
                10
            ],
            [
                1,
                2,
                3,
                5,
                2,
                11,
                6,
                5
            ],
            [
                6,
                2,
                6,
                3,
                8,
                1,
                2,
                3
            ],
            [
                11,
                7,
                1,
                4,
                3,
                5,
                11,
                9
            ],
            [
                10,
                11,
                4,
                3,
                4,
                1,
                7,
                4
            ],
            [
                6,
                2,
                1,
                4,
                10,
                5,
                6,
                10
            ]
        ],
        "machines": [
            [
                1,
                6,
                2,
                0,
                7,
                4,
                3,
                5
            ],
            [
                5,
                4,
                3,
                2,
                0,
                6,
                1,
                7
            ],
            [
                0,
                5,
                2,
                6,
                7,
                1,
                3,
                4
            ],
            [
                4,
                7,
                0,
                3,
                6,
                1,
                5,
                2
            ],
            [
                5,
                0,
                3,
                1,
                2,
                4,
                6,
                7
            ],
            [
                1,
                6,
                0,
                7,
                3,
                4,
                5,
                2
            ],
            [
                6,
                3,
                4,
                1,
                5,
                7,
                2,
                0
            ],
            [
                4,
                7,
                0,
                5,
                6,
                2,
                3,
                1
            ]
        ]
    }
}