{
    "optimal_time": 77.0,
    "opt_compute_time:": 0.04246355500072241,
    "spt_time": 82,
    "spt_compute_time": 2.05589431989938,
    "lpt_time": 94,
    "lpt_compute_time": 2.487563925329596,
    "n_jobs": 8,
    "n_resources": 8,
    "n_ops_per_job": 8,
    "max_op_time": 11,
    "jssp_identification": "8x8_518_inst.json",
    "solution_optimality": "OPTIMAL",
    "jssp_instance": {
        "durations": [
            [
                7,
                2,
                1,
                8,
                10,
                9,
                11,
                1
            ],
            [
                7,
                3,
                11,
                8,
                6,
                5,
                4,
                10
            ],
            [
                7,
                1,
                1,
                11,
                8,
                9,
                1,
                6
            ],
            [
                2,
                10,
                11,
                10,
                4,
                3,
                10,
                6
            ],
            [
                9,
                10,
                8,
                3,
                2,
                10,
                3,
                7
            ],
            [
                10,
                2,
                9,
                1,
                7,
                11,
                2,
                9
            ],
            [
                1,
                7,
                7,
                5,
                6,
                4,
                10,
                3
            ],
            [
                2,
                11,
                5,
                4,
                9,
                2,
                3,
                10
            ]
        ],
        "machines": [
            [
                2,
                0,
                4,
                6,
                3,
                1,
                5,
                7
            ],
            [
                3,
                0,
                7,
                2,
                5,
                1,
                4,
                6
            ],
            [
                4,
                3,
                7,
                2,
                6,
                5,
                1,
                0
            ],
            [
                6,
                1,
                3,
                5,
                0,
                7,
                2,
                4
            ],
            [
                5,
                1,
                3,
                4,
                0,
                6,
                7,
                2
            ],
            [
                6,
                4,
                2,
                1,
                3,
                0,
                7,
                5
            ],
            [
                0,
                3,
                1,
                4,
                7,
                6,
                2,
                5
            ],
            [
                1,
                5,
                6,
                3,
                7,
                0,
                4,
                2
            ]
        ]
    }
}