{
    "optimal_time": 72.0,
    "opt_compute_time:": 0.045316840056329966,
    "spt_time": 83,
    "spt_compute_time": 1.655869425740093,
    "lpt_time": 88,
    "lpt_compute_time": 1.893870524596423,
    "n_jobs": 8,
    "n_resources": 8,
    "n_ops_per_job": 8,
    "max_op_time": 11,
    "jssp_identification": "8x8_1599_inst.json",
    "solution_optimality": "OPTIMAL",
    "jssp_instance": {
        "durations": [
            [
                1,
                5,
                2,
                9,
                8,
                4,
                4,
                6
            ],
            [
                4,
                1,
                3,
                2,
                8,
                1,
                9,
                5
            ],
            [
                4,
                8,
                10,
                3,
                9,
                8,
                11,
                7
            ],
            [
                7,
                3,
                5,
                4,
                1,
                1,
                1,
                11
            ],
            [
                6,
                11,
                8,
                5,
                4,
                11,
                8,
                9
            ],
            [
                5,
                3,
                3,
                2,
                3,
                11,
                2,
                2
            ],
            [
                6,
                9,
                4,
                5,
                1,
                5,
                9,
                10
            ],
            [
                9,
                8,
                1,
                2,
                8,
                7,
                10,
                6
            ]
        ],
        "machines": [
            [
                2,
                6,
                0,
                3,
                5,
                1,
                7,
                4
            ],
            [
                1,
                5,
                2,
                7,
                4,
                3,
                6,
                0
            ],
            [
                4,
                6,
                7,
                3,
                5,
                2,
                1,
                0
            ],
            [
                0,
                1,
                3,
                6,
                2,
                4,
                7,
                5
            ],
            [
                6,
                4,
                0,
                5,
                1,
                2,
                3,
                7
            ],
            [
                3,
                7,
                5,
                6,
                4,
                2,
                1,
                0
            ],
            [
                0,
                3,
                4,
                5,
                1,
                6,
                7,
                2
            ],
            [
                5,
                1,
                7,
                2,
                0,
                3,
                6,
                4
            ]
        ]
    }
}