{
    "optimal_time": 78.0,
    "opt_compute_time:": 0.04188562510535121,
    "spt_time": 86,
    "spt_compute_time": 2.1947800097987056,
    "lpt_time": 103,
    "lpt_compute_time": 2.5823790561407804,
    "n_jobs": 8,
    "n_resources": 8,
    "n_ops_per_job": 8,
    "max_op_time": 11,
    "jssp_identification": "8x8_357_inst.json",
    "solution_optimality": "OPTIMAL",
    "jssp_instance": {
        "durations": [
            [
                8,
                10,
                7,
                10,
                8,
                2,
                2,
                2
            ],
            [
                2,
                9,
                7,
                2,
                10,
                6,
                8,
                1
            ],
            [
                7,
                4,
                6,
                4,
                10,
                11,
                10,
                6
            ],
            [
                3,
                9,
                3,
                8,
                5,
                9,
                3,
                2
            ],
            [
                6,
                4,
                11,
                11,
                2,
                1,
                6,
                3
            ],
            [
                6,
                7,
                9,
                3,
                11,
                3,
                5,
                10
            ],
            [
                3,
                3,
                2,
                8,
                4,
                1,
                5,
                1
            ],
            [
                4,
                5,
                10,
                5,
                11,
                5,
                1,
                11
            ]
        ],
        "machines": [
            [
                3,
                7,
                2,
                6,
                4,
                1,
                5,
                0
            ],
            [
                6,
                3,
                5,
                1,
                7,
                0,
                4,
                2
            ],
            [
                1,
                2,
                6,
                0,
                5,
                3,
                7,
                4
            ],
            [
                4,
                2,
                3,
                7,
                6,
                0,
                1,
                5
            ],
            [
                2,
                3,
                4,
                6,
                5,
                0,
                7,
                1
            ],
            [
                5,
                3,
                1,
                6,
                0,
                2,
                4,
                7
            ],
            [
                0,
                3,
                4,
                6,
                7,
                5,
                1,
                2
            ],
            [
                0,
                3,
                7,
                2,
                4,
                6,
                1,
                5
            ]
        ]
    }
}