{
    "optimal_time": 82.0,
    "opt_compute_time:": 0.04698172630742192,
    "spt_time": 95,
    "spt_compute_time": 2.5266499631106853,
    "lpt_time": 111,
    "lpt_compute_time": 2.794747705105692,
    "n_jobs": 8,
    "n_resources": 8,
    "n_ops_per_job": 8,
    "max_op_time": 11,
    "jssp_identification": "8x8_3441_inst.json",
    "solution_optimality": "OPTIMAL",
    "jssp_instance": {
        "durations": [
            [
                1,
                6,
                11,
                9,
                7,
                11,
                7,
                5
            ],
            [
                9,
                10,
                7,
                5,
                8,
                2,
                3,
                4
            ],
            [
                1,
                4,
                10,
                5,
                5,
                4,
                10,
                9
            ],
            [
                2,
                8,
                3,
                7,
                10,
                11,
                7,
                10
            ],
            [
                8,
                2,
                9,
                9,
                4,
                7,
                7,
                3
            ],
            [
                5,
                4,
                10,
                9,
                4,
                2,
                10,
                3
            ],
            [
                1,
                6,
                6,
                8,
                6,
                3,
                9,
                11
            ],
            [
                5,
                5,
                10,
                10,
                5,
                4,
                9,
                1
            ]
        ],
        "machines": [
            [
                6,
                2,
                3,
                4,
                0,
                1,
                7,
                5
            ],
            [
                4,
                1,
                0,
                5,
                7,
                2,
                6,
                3
            ],
            [
                6,
                1,
                5,
                7,
                3,
                0,
                2,
                4
            ],
            [
                5,
                3,
                1,
                0,
                4,
                2,
                7,
                6
            ],
            [
                1,
                7,
                5,
                6,
                3,
                0,
                4,
                2
            ],
            [
                1,
                6,
                2,
                4,
                3,
                0,
                7,
                5
            ],
            [
                0,
                2,
                4,
                3,
                5,
                6,
                1,
                7
            ],
            [
                0,
                4,
                2,
                3,
                1,
                7,
                6,
                5
            ]
        ]
    }
}