{
    "optimal_time": 82.0,
    "opt_compute_time:": 0.04941012477502227,
    "spt_time": 100,
    "spt_compute_time": 1.9863775200210512,
    "lpt_time": 99,
    "lpt_compute_time": 2.4870115173980594,
    "n_jobs": 8,
    "n_resources": 8,
    "n_ops_per_job": 8,
    "max_op_time": 11,
    "jssp_identification": "8x8_1887_inst.json",
    "solution_optimality": "OPTIMAL",
    "jssp_instance": {
        "durations": [
            [
                10,
                4,
                11,
                8,
                10,
                7,
                9,
                4
            ],
            [
                6,
                5,
                7,
                4,
                6,
                11,
                11,
                6
            ],
            [
                8,
                1,
                8,
                11,
                1,
                2,
                4,
                10
            ],
            [
                10,
                4,
                1,
                1,
                8,
                11,
                2,
                7
            ],
            [
                10,
                10,
                7,
                3,
                4,
                10,
                8,
                7
            ],
            [
                1,
                11,
                5,
                7,
                11,
                9,
                7,
                9
            ],
            [
                6,
                9,
                11,
                5,
                3,
                1,
                10,
                5
            ],
            [
                6,
                8,
                10,
                9,
                4,
                2,
                8,
                6
            ]
        ],
        "machines": [
            [
                4,
                6,
                0,
                7,
                3,
                5,
                1,
                2
            ],
            [
                5,
                7,
                4,
                6,
                1,
                2,
                3,
                0
            ],
            [
                6,
                7,
                3,
                1,
                5,
                0,
                2,
                4
            ],
            [
                1,
                0,
                7,
                4,
                6,
                5,
                2,
                3
            ],
            [
                2,
                3,
                7,
                5,
                0,
                4,
                6,
                1
            ],
            [
                7,
                3,
                5,
                6,
                2,
                1,
                4,
                0
            ],
            [
                4,
                5,
                7,
                1,
                2,
                3,
                6,
                0
            ],
            [
                3,
                5,
                1,
                2,
                0,
                7,
                6,
                4
            ]
        ]
    }
}