{
    "optimal_time": 84.0,
    "opt_compute_time:": 0.04651752766221762,
    "spt_time": 98,
    "spt_compute_time": 2.383016759995371,
    "lpt_time": 115,
    "lpt_compute_time": 2.482593393884599,
    "n_jobs": 8,
    "n_resources": 8,
    "n_ops_per_job": 8,
    "max_op_time": 11,
    "jssp_identification": "8x8_853_inst.json",
    "solution_optimality": "OPTIMAL",
    "jssp_instance": {
        "durations": [
            [
                10,
                5,
                9,
                1,
                7,
                9,
                4,
                8
            ],
            [
                9,
                2,
                4,
                2,
                2,
                9,
                3,
                11
            ],
            [
                10,
                10,
                3,
                2,
                2,
                10,
                5,
                7
            ],
            [
                9,
                5,
                9,
                7,
                7,
                8,
                3,
                11
            ],
            [
                11,
                8,
                2,
                9,
                5,
                5,
                4,
                4
            ],
            [
                10,
                4,
                4,
                3,
                11,
                2,
                7,
                9
            ],
            [
                11,
                6,
                9,
                6,
                5,
                7,
                1,
                8
            ],
            [
                5,
                6,
                6,
                3,
                1,
                11,
                10,
                5
            ]
        ],
        "machines": [
            [
                2,
                4,
                1,
                5,
                6,
                3,
                0,
                7
            ],
            [
                6,
                7,
                0,
                3,
                2,
                5,
                1,
                4
            ],
            [
                6,
                3,
                7,
                4,
                1,
                0,
                5,
                2
            ],
            [
                3,
                7,
                6,
                1,
                0,
                4,
                2,
                5
            ],
            [
                6,
                5,
                1,
                7,
                0,
                4,
                3,
                2
            ],
            [
                0,
                3,
                5,
                7,
                4,
                2,
                1,
                6
            ],
            [
                3,
                4,
                6,
                1,
                7,
                2,
                0,
                5
            ],
            [
                6,
                3,
                4,
                1,
                0,
                5,
                2,
                7
            ]
        ]
    }
}