{
    "optimal_time": 83.0,
    "opt_compute_time:": 0.042765495367348194,
    "spt_time": 103,
    "spt_compute_time": 2.3026221860200167,
    "lpt_time": 120,
    "lpt_compute_time": 2.6460962491109967,
    "n_jobs": 8,
    "n_resources": 8,
    "n_ops_per_job": 8,
    "max_op_time": 11,
    "jssp_identification": "8x8_700_inst.json",
    "solution_optimality": "OPTIMAL",
    "jssp_instance": {
        "durations": [
            [
                1,
                1,
                10,
                4,
                7,
                4,
                9,
                2
            ],
            [
                1,
                10,
                9,
                7,
                6,
                1,
                11,
                11
            ],
            [
                5,
                3,
                2,
                1,
                10,
                5,
                10,
                8
            ],
            [
                10,
                11,
                10,
                6,
                7,
                3,
                11,
                5
            ],
            [
                3,
                9,
                2,
                7,
                4,
                11,
                7,
                9
            ],
            [
                3,
                10,
                1,
                5,
                10,
                5,
                10,
                3
            ],
            [
                6,
                6,
                5,
                9,
                7,
                8,
                5,
                2
            ],
            [
                11,
                10,
                5,
                5,
                2,
                8,
                8,
                9
            ]
        ],
        "machines": [
            [
                0,
                6,
                1,
                3,
                2,
                7,
                4,
                5
            ],
            [
                1,
                5,
                4,
                7,
                2,
                0,
                6,
                3
            ],
            [
                2,
                6,
                5,
                0,
                7,
                4,
                3,
                1
            ],
            [
                3,
                7,
                5,
                1,
                4,
                2,
                6,
                0
            ],
            [
                5,
                0,
                7,
                4,
                1,
                3,
                2,
                6
            ],
            [
                5,
                6,
                4,
                7,
                0,
                2,
                3,
                1
            ],
            [
                0,
                4,
                2,
                3,
                1,
                6,
                5,
                7
            ],
            [
                3,
                7,
                5,
                1,
                6,
                0,
                4,
                2
            ]
        ]
    }
}