{
    "optimal_time": 76.0,
    "opt_compute_time:": 0.03168698586523533,
    "spt_time": 83,
    "spt_compute_time": 1.9281842531636357,
    "lpt_time": 95,
    "lpt_compute_time": 2.320609541144222,
    "n_jobs": 8,
    "n_resources": 8,
    "n_ops_per_job": 8,
    "max_op_time": 11,
    "jssp_identification": "8x8_1475_inst.json",
    "solution_optimality": "OPTIMAL",
    "jssp_instance": {
        "durations": [
            [
                5,
                3,
                11,
                8,
                5,
                8,
                6,
                6
            ],
            [
                6,
                7,
                6,
                1,
                3,
                6,
                5,
                4
            ],
            [
                6,
                8,
                7,
                1,
                8,
                10,
                3,
                11
            ],
            [
                4,
                3,
                11,
                6,
                9,
                11,
                1,
                11
            ],
            [
                2,
                4,
                2,
                7,
                2,
                4,
                10,
                9
            ],
            [
                6,
                4,
                10,
                8,
                10,
                1,
                7,
                9
            ],
            [
                9,
                6,
                5,
                4,
                5,
                5,
                5,
                9
            ],
            [
                5,
                9,
                8,
                2,
                11,
                4,
                4,
                5
            ]
        ],
        "machines": [
            [
                0,
                5,
                2,
                7,
                1,
                3,
                4,
                6
            ],
            [
                4,
                1,
                5,
                6,
                3,
                7,
                0,
                2
            ],
            [
                3,
                2,
                0,
                6,
                5,
                7,
                4,
                1
            ],
            [
                3,
                6,
                5,
                7,
                4,
                0,
                2,
                1
            ],
            [
                7,
                1,
                4,
                3,
                6,
                2,
                5,
                0
            ],
            [
                1,
                3,
                6,
                5,
                2,
                0,
                7,
                4
            ],
            [
                6,
                0,
                3,
                5,
                7,
                1,
                2,
                4
            ],
            [
                1,
                3,
                4,
                7,
                5,
                0,
                2,
                6
            ]
        ]
    }
}