{
    "optimal_time": 90.0,
    "opt_compute_time:": 0.0630041309632361,
    "spt_time": 114,
    "spt_compute_time": 2.764295671135187,
    "lpt_time": 127,
    "lpt_compute_time": 2.957920917775482,
    "n_jobs": 8,
    "n_resources": 8,
    "n_ops_per_job": 8,
    "max_op_time": 11,
    "jssp_identification": "8x8_833_inst.json",
    "solution_optimality": "OPTIMAL",
    "jssp_instance": {
        "durations": [
            [
                5,
                8,
                4,
                11,
                10,
                10,
                9,
                1
            ],
            [
                7,
                11,
                8,
                6,
                8,
                5,
                5,
                7
            ],
            [
                10,
                4,
                11,
                4,
                1,
                2,
                4,
                10
            ],
            [
                4,
                9,
                10,
                11,
                2,
                5,
                8,
                1
            ],
            [
                2,
                2,
                9,
                7,
                2,
                8,
                2,
                10
            ],
            [
                4,
                7,
                10,
                9,
                8,
                8,
                5,
                5
            ],
            [
                3,
                7,
                9,
                1,
                4,
                9,
                11,
                7
            ],
            [
                8,
                9,
                10,
                7,
                11,
                11,
                6,
                2
            ]
        ],
        "machines": [
            [
                5,
                6,
                7,
                4,
                3,
                1,
                2,
                0
            ],
            [
                0,
                3,
                6,
                7,
                2,
                1,
                4,
                5
            ],
            [
                6,
                5,
                0,
                7,
                4,
                3,
                1,
                2
            ],
            [
                1,
                2,
                4,
                7,
                3,
                6,
                5,
                0
            ],
            [
                5,
                3,
                6,
                2,
                7,
                4,
                1,
                0
            ],
            [
                2,
                6,
                1,
                0,
                5,
                7,
                4,
                3
            ],
            [
                6,
                3,
                1,
                2,
                5,
                7,
                0,
                4
            ],
            [
                1,
                6,
                4,
                7,
                2,
                3,
                0,
                5
            ]
        ]
    }
}