{
    "optimal_time": 83.0,
    "opt_compute_time:": 0.053817509207874537,
    "spt_time": 105,
    "spt_compute_time": 2.328509733080864,
    "lpt_time": 102,
    "lpt_compute_time": 2.803077037911862,
    "n_jobs": 8,
    "n_resources": 8,
    "n_ops_per_job": 8,
    "max_op_time": 11,
    "jssp_identification": "8x8_489_inst.json",
    "solution_optimality": "OPTIMAL",
    "jssp_instance": {
        "durations": [
            [
                1,
                4,
                1,
                10,
                2,
                6,
                9,
                1
            ],
            [
                10,
                2,
                11,
                5,
                10,
                5,
                1,
                2
            ],
            [
                8,
                10,
                5,
                5,
                6,
                6,
                2,
                3
            ],
            [
                10,
                8,
                1,
                6,
                9,
                3,
                2,
                10
            ],
            [
                6,
                10,
                3,
                8,
                2,
                5,
                5,
                3
            ],
            [
                5,
                7,
                7,
                8,
                3,
                8,
                6,
                11
            ],
            [
                6,
                4,
                4,
                10,
                2,
                9,
                10,
                8
            ],
            [
                8,
                7,
                4,
                9,
                9,
                9,
                10,
                7
            ]
        ],
        "machines": [
            [
                6,
                2,
                0,
                1,
                3,
                4,
                5,
                7
            ],
            [
                1,
                7,
                0,
                3,
                5,
                4,
                6,
                2
            ],
            [
                1,
                0,
                5,
                7,
                3,
                4,
                2,
                6
            ],
            [
                2,
                4,
                1,
                6,
                3,
                5,
                0,
                7
            ],
            [
                4,
                2,
                5,
                7,
                3,
                1,
                0,
                6
            ],
            [
                0,
                3,
                1,
                6,
                2,
                4,
                5,
                7
            ],
            [
                1,
                0,
                5,
                3,
                4,
                7,
                2,
                6
            ],
            [
                4,
                1,
                6,
                0,
                3,
                7,
                5,
                2
            ]
        ]
    }
}