{
    "optimal_time": 91.0,
    "opt_compute_time:": 0.044048497918993235,
    "spt_time": 109,
    "spt_compute_time": 2.8848566450178623,
    "lpt_time": 123,
    "lpt_compute_time": 2.9612615797668695,
    "n_jobs": 8,
    "n_resources": 8,
    "n_ops_per_job": 8,
    "max_op_time": 11,
    "jssp_identification": "8x8_2718_inst.json",
    "solution_optimality": "OPTIMAL",
    "jssp_instance": {
        "durations": [
            [
                11,
                9,
                6,
                5,
                4,
                4,
                10,
                5
            ],
            [
                8,
                7,
                10,
                3,
                10,
                2,
                10,
                6
            ],
            [
                3,
                1,
                11,
                11,
                11,
                9,
                2,
                11
            ],
            [
                11,
                7,
                4,
                9,
                5,
                1,
                9,
                2
            ],
            [
                2,
                10,
                9,
                11,
                6,
                11,
                5,
                5
            ],
            [
                3,
                7,
                10,
                6,
                2,
                1,
                3,
                7
            ],
            [
                6,
                11,
                9,
                4,
                3,
                9,
                4,
                8
            ],
            [
                1,
                7,
                10,
                5,
                8,
                7,
                11,
                2
            ]
        ],
        "machines": [
            [
                2,
                7,
                4,
                1,
                5,
                6,
                0,
                3
            ],
            [
                2,
                5,
                1,
                0,
                4,
                7,
                3,
                6
            ],
            [
                0,
                3,
                7,
                6,
                5,
                1,
                4,
                2
            ],
            [
                6,
                4,
                0,
                1,
                2,
                7,
                5,
                3
            ],
            [
                7,
                3,
                5,
                1,
                4,
                2,
                6,
                0
            ],
            [
                6,
                3,
                1,
                0,
                5,
                2,
                4,
                7
            ],
            [
                2,
                7,
                1,
                4,
                3,
                5,
                0,
                6
            ],
            [
                0,
                7,
                4,
                1,
                3,
                2,
                6,
                5
            ]
        ]
    }
}