{
    "optimal_time": 90.0,
    "opt_compute_time:": 0.1252805539406836,
    "spt_time": 103,
    "spt_compute_time": 2.1494852919131517,
    "lpt_time": 110,
    "lpt_compute_time": 2.673534723930061,
    "n_jobs": 8,
    "n_resources": 8,
    "n_ops_per_job": 8,
    "max_op_time": 11,
    "jssp_identification": "8x8_3387_inst.json",
    "solution_optimality": "OPTIMAL",
    "jssp_instance": {
        "durations": [
            [
                9,
                9,
                9,
                10,
                3,
                5,
                6,
                4
            ],
            [
                6,
                10,
                3,
                7,
                10,
                5,
                9,
                3
            ],
            [
                8,
                1,
                9,
                3,
                4,
                10,
                11,
                3
            ],
            [
                5,
                4,
                11,
                10,
                9,
                10,
                9,
                9
            ],
            [
                10,
                9,
                7,
                1,
                10,
                2,
                10,
                9
            ],
            [
                6,
                1,
                10,
                8,
                4,
                8,
                1,
                3
            ],
            [
                11,
                10,
                4,
                9,
                10,
                9,
                7,
                1
            ],
            [
                2,
                10,
                9,
                7,
                6,
                2,
                3,
                6
            ]
        ],
        "machines": [
            [
                0,
                2,
                3,
                1,
                7,
                6,
                5,
                4
            ],
            [
                6,
                0,
                3,
                5,
                4,
                2,
                1,
                7
            ],
            [
                6,
                7,
                3,
                1,
                4,
                5,
                2,
                0
            ],
            [
                0,
                5,
                7,
                3,
                2,
                6,
                1,
                4
            ],
            [
                5,
                6,
                7,
                0,
                2,
                3,
                4,
                1
            ],
            [
                7,
                6,
                2,
                1,
                3,
                4,
                5,
                0
            ],
            [
                0,
                1,
                5,
                2,
                6,
                4,
                3,
                7
            ],
            [
                3,
                2,
                1,
                7,
                6,
                0,
                4,
                5
            ]
        ]
    }
}