{
    "optimal_time": 74.0,
    "opt_compute_time:": 0.057040608022361994,
    "spt_time": 91,
    "spt_compute_time": 2.2252645706757903,
    "lpt_time": 103,
    "lpt_compute_time": 2.367739442270249,
    "n_jobs": 8,
    "n_resources": 8,
    "n_ops_per_job": 8,
    "max_op_time": 11,
    "jssp_identification": "8x8_249_inst.json",
    "solution_optimality": "OPTIMAL",
    "jssp_instance": {
        "durations": [
            [
                10,
                2,
                4,
                6,
                5,
                2,
                3,
                6
            ],
            [
                6,
                4,
                4,
                5,
                1,
                10,
                10,
                8
            ],
            [
                7,
                1,
                3,
                7,
                5,
                5,
                2,
                6
            ],
            [
                6,
                9,
                3,
                10,
                6,
                3,
                4,
                1
            ],
            [
                10,
                5,
                11,
                4,
                2,
                1,
                8,
                1
            ],
            [
                4,
                1,
                9,
                10,
                7,
                10,
                2,
                4
            ],
            [
                10,
                1,
                10,
                2,
                1,
                10,
                5,
                2
            ],
            [
                7,
                4,
                1,
                10,
                9,
                7,
                8,
                8
            ]
        ],
        "machines": [
            [
                4,
                6,
                1,
                5,
                7,
                2,
                3,
                0
            ],
            [
                7,
                4,
                0,
                5,
                6,
                2,
                3,
                1
            ],
            [
                6,
                7,
                4,
                1,
                5,
                0,
                2,
                3
            ],
            [
                0,
                4,
                2,
                5,
                6,
                1,
                7,
                3
            ],
            [
                1,
                4,
                2,
                3,
                0,
                6,
                5,
                7
            ],
            [
                2,
                5,
                0,
                4,
                1,
                7,
                3,
                6
            ],
            [
                7,
                4,
                2,
                6,
                3,
                1,
                5,
                0
            ],
            [
                1,
                4,
                7,
                6,
                0,
                2,
                5,
                3
            ]
        ]
    }
}