{
    "optimal_time": 87.0,
    "opt_compute_time:": 0.05258066626265645,
    "spt_time": 105,
    "spt_compute_time": 2.405328099615872,
    "lpt_time": 112,
    "lpt_compute_time": 2.6986729288473725,
    "n_jobs": 8,
    "n_resources": 8,
    "n_ops_per_job": 8,
    "max_op_time": 11,
    "jssp_identification": "8x8_703_inst.json",
    "solution_optimality": "OPTIMAL",
    "jssp_instance": {
        "durations": [
            [
                8,
                11,
                9,
                4,
                5,
                8,
                9,
                9
            ],
            [
                7,
                4,
                5,
                2,
                8,
                11,
                3,
                6
            ],
            [
                11,
                9,
                7,
                10,
                1,
                1,
                4,
                10
            ],
            [
                5,
                10,
                11,
                6,
                1,
                2,
                1,
                5
            ],
            [
                7,
                4,
                2,
                10,
                3,
                5,
                10,
                7
            ],
            [
                9,
                6,
                10,
                9,
                1,
                10,
                6,
                8
            ],
            [
                7,
                11,
                8,
                2,
                2,
                8,
                9,
                11
            ],
            [
                5,
                10,
                11,
                11,
                8,
                7,
                7,
                5
            ]
        ],
        "machines": [
            [
                0,
                3,
                5,
                4,
                1,
                2,
                7,
                6
            ],
            [
                7,
                5,
                1,
                2,
                0,
                6,
                3,
                4
            ],
            [
                6,
                0,
                1,
                3,
                7,
                4,
                5,
                2
            ],
            [
                5,
                3,
                1,
                2,
                0,
                7,
                4,
                6
            ],
            [
                3,
                5,
                6,
                7,
                1,
                0,
                2,
                4
            ],
            [
                2,
                1,
                3,
                7,
                4,
                0,
                6,
                5
            ],
            [
                6,
                1,
                4,
                3,
                5,
                2,
                7,
                0
            ],
            [
                7,
                5,
                1,
                4,
                6,
                2,
                0,
                3
            ]
        ]
    }
}