{
    "optimal_time": 72.0,
    "opt_compute_time:": 0.052553243935108185,
    "spt_time": 82,
    "spt_compute_time": 2.0540449018590152,
    "lpt_time": 81,
    "lpt_compute_time": 1.9412013147957623,
    "n_jobs": 8,
    "n_resources": 8,
    "n_ops_per_job": 8,
    "max_op_time": 11,
    "jssp_identification": "8x8_3444_inst.json",
    "solution_optimality": "OPTIMAL",
    "jssp_instance": {
        "durations": [
            [
                4,
                1,
                9,
                3,
                5,
                1,
                1,
                6
            ],
            [
                4,
                7,
                10,
                10,
                5,
                5,
                6,
                3
            ],
            [
                8,
                9,
                5,
                10,
                9,
                6,
                8,
                6
            ],
            [
                2,
                5,
                2,
                2,
                11,
                10,
                7,
                3
            ],
            [
                2,
                6,
                11,
                8,
                7,
                11,
                4,
                9
            ],
            [
                7,
                6,
                5,
                11,
                1,
                2,
                5,
                1
            ],
            [
                7,
                10,
                6,
                2,
                7,
                11,
                10,
                2
            ],
            [
                7,
                7,
                6,
                3,
                2,
                9,
                11,
                4
            ]
        ],
        "machines": [
            [
                3,
                5,
                7,
                4,
                2,
                1,
                0,
                6
            ],
            [
                5,
                6,
                4,
                0,
                3,
                2,
                1,
                7
            ],
            [
                6,
                5,
                3,
                0,
                7,
                2,
                4,
                1
            ],
            [
                4,
                6,
                3,
                5,
                1,
                7,
                0,
                2
            ],
            [
                1,
                0,
                2,
                6,
                3,
                5,
                4,
                7
            ],
            [
                1,
                2,
                0,
                3,
                4,
                7,
                6,
                5
            ],
            [
                7,
                1,
                2,
                6,
                0,
                3,
                5,
                4
            ],
            [
                0,
                3,
                7,
                4,
                2,
                6,
                1,
                5
            ]
        ]
    }
}