{
    "optimal_time": 72.0,
    "opt_compute_time:": 0.061949171125888824,
    "spt_time": 98,
    "spt_compute_time": 1.9951506829820573,
    "lpt_time": 87,
    "lpt_compute_time": 2.193662226665765,
    "n_jobs": 8,
    "n_resources": 8,
    "n_ops_per_job": 8,
    "max_op_time": 11,
    "jssp_identification": "8x8_1367_inst.json",
    "solution_optimality": "OPTIMAL",
    "jssp_instance": {
        "durations": [
            [
                8,
                5,
                1,
                5,
                1,
                1,
                8,
                3
            ],
            [
                5,
                4,
                5,
                2,
                10,
                8,
                10,
                6
            ],
            [
                1,
                5,
                8,
                4,
                5,
                3,
                2,
                11
            ],
            [
                7,
                10,
                10,
                5,
                2,
                7,
                2,
                4
            ],
            [
                11,
                6,
                7,
                5,
                10,
                9,
                9,
                11
            ],
            [
                1,
                3,
                6,
                2,
                11,
                2,
                8,
                2
            ],
            [
                11,
                3,
                2,
                11,
                1,
                4,
                2,
                1
            ],
            [
                1,
                11,
                6,
                9,
                4,
                4,
                10,
                6
            ]
        ],
        "machines": [
            [
                5,
                3,
                4,
                0,
                2,
                7,
                1,
                6
            ],
            [
                7,
                3,
                1,
                4,
                6,
                0,
                5,
                2
            ],
            [
                6,
                1,
                7,
                4,
                5,
                2,
                0,
                3
            ],
            [
                1,
                4,
                0,
                6,
                3,
                7,
                5,
                2
            ],
            [
                6,
                7,
                0,
                4,
                3,
                2,
                5,
                1
            ],
            [
                2,
                5,
                1,
                7,
                3,
                4,
                0,
                6
            ],
            [
                3,
                1,
                4,
                7,
                2,
                5,
                6,
                0
            ],
            [
                5,
                6,
                3,
                7,
                2,
                1,
                0,
                4
            ]
        ]
    }
}