{
    "optimal_time": 74.0,
    "opt_compute_time:": 0.052222691010683775,
    "spt_time": 84,
    "spt_compute_time": 2.271535359788686,
    "lpt_time": 95,
    "lpt_compute_time": 2.3116926504299045,
    "n_jobs": 8,
    "n_resources": 8,
    "n_ops_per_job": 8,
    "max_op_time": 11,
    "jssp_identification": "8x8_2870_inst.json",
    "solution_optimality": "OPTIMAL",
    "jssp_instance": {
        "durations": [
            [
                2,
                6,
                11,
                5,
                9,
                7,
                3,
                8
            ],
            [
                4,
                10,
                8,
                9,
                1,
                7,
                3,
                3
            ],
            [
                8,
                2,
                9,
                1,
                3,
                8,
                10,
                7
            ],
            [
                4,
                4,
                3,
                4,
                6,
                3,
                7,
                8
            ],
            [
                7,
                8,
                11,
                5,
                4,
                8,
                8,
                6
            ],
            [
                3,
                11,
                1,
                9,
                8,
                10,
                1,
                11
            ],
            [
                4,
                6,
                3,
                5,
                11,
                9,
                3,
                5
            ],
            [
                4,
                8,
                1,
                8,
                8,
                2,
                8,
                8
            ]
        ],
        "machines": [
            [
                7,
                5,
                1,
                0,
                3,
                2,
                4,
                6
            ],
            [
                3,
                7,
                1,
                4,
                6,
                2,
                0,
                5
            ],
            [
                7,
                4,
                3,
                0,
                5,
                6,
                2,
                1
            ],
            [
                4,
                6,
                5,
                0,
                1,
                3,
                2,
                7
            ],
            [
                7,
                6,
                5,
                4,
                2,
                3,
                0,
                1
            ],
            [
                3,
                2,
                7,
                0,
                1,
                6,
                4,
                5
            ],
            [
                5,
                0,
                2,
                3,
                4,
                1,
                6,
                7
            ],
            [
                6,
                4,
                7,
                1,
                0,
                2,
                3,
                5
            ]
        ]
    }
}