{
    "optimal_time": 80.0,
    "opt_compute_time:": 0.034013687167316675,
    "spt_time": 96,
    "spt_compute_time": 2.2499516140669584,
    "lpt_time": 94,
    "lpt_compute_time": 2.2168023819103837,
    "n_jobs": 8,
    "n_resources": 8,
    "n_ops_per_job": 8,
    "max_op_time": 11,
    "jssp_identification": "8x8_30_inst.json",
    "solution_optimality": "OPTIMAL",
    "jssp_instance": {
        "durations": [
            [
                1,
                2,
                6,
                3,
                2,
                1,
                6,
                5
            ],
            [
                9,
                10,
                6,
                9,
                6,
                10,
                2,
                11
            ],
            [
                5,
                3,
                1,
                5,
                5,
                6,
                1,
                7
            ],
            [
                5,
                3,
                10,
                11,
                9,
                11,
                3,
                4
            ],
            [
                2,
                4,
                5,
                3,
                3,
                3,
                1,
                5
            ],
            [
                9,
                11,
                11,
                5,
                7,
                10,
                9,
                3
            ],
            [
                7,
                1,
                1,
                6,
                3,
                10,
                8,
                5
            ],
            [
                1,
                3,
                3,
                10,
                7,
                11,
                6,
                10
            ]
        ],
        "machines": [
            [
                2,
                0,
                7,
                3,
                6,
                1,
                5,
                4
            ],
            [
                1,
                2,
                7,
                3,
                4,
                0,
                5,
                6
            ],
            [
                6,
                5,
                4,
                7,
                1,
                2,
                3,
                0
            ],
            [
                1,
                5,
                3,
                6,
                2,
                7,
                0,
                4
            ],
            [
                1,
                5,
                7,
                3,
                2,
                0,
                6,
                4
            ],
            [
                0,
                3,
                7,
                1,
                4,
                2,
                6,
                5
            ],
            [
                5,
                6,
                1,
                2,
                3,
                7,
                4,
                0
            ],
            [
                4,
                7,
                0,
                5,
                2,
                6,
                1,
                3
            ]
        ]
    }
}