{
    "optimal_time": 81.0,
    "opt_compute_time:": 0.039634695276618004,
    "spt_time": 92,
    "spt_compute_time": 1.994857402984053,
    "lpt_time": 125,
    "lpt_compute_time": 2.7163809137418866,
    "n_jobs": 8,
    "n_resources": 8,
    "n_ops_per_job": 8,
    "max_op_time": 11,
    "jssp_identification": "8x8_2162_inst.json",
    "solution_optimality": "OPTIMAL",
    "jssp_instance": {
        "durations": [
            [
                3,
                11,
                11,
                10,
                6,
                8,
                11,
                7
            ],
            [
                6,
                7,
                3,
                5,
                10,
                8,
                5,
                11
            ],
            [
                9,
                1,
                10,
                3,
                3,
                9,
                1,
                7
            ],
            [
                1,
                6,
                10,
                11,
                3,
                9,
                11,
                1
            ],
            [
                7,
                1,
                2,
                5,
                3,
                1,
                11,
                10
            ],
            [
                4,
                3,
                5,
                5,
                4,
                9,
                2,
                6
            ],
            [
                8,
                4,
                8,
                8,
                9,
                11,
                2,
                10
            ],
            [
                7,
                10,
                2,
                9,
                7,
                6,
                3,
                6
            ]
        ],
        "machines": [
            [
                1,
                2,
                3,
                0,
                6,
                4,
                7,
                5
            ],
            [
                7,
                1,
                0,
                2,
                5,
                4,
                6,
                3
            ],
            [
                4,
                5,
                1,
                7,
                6,
                0,
                3,
                2
            ],
            [
                3,
                4,
                0,
                6,
                2,
                1,
                7,
                5
            ],
            [
                4,
                7,
                6,
                3,
                1,
                5,
                2,
                0
            ],
            [
                7,
                1,
                3,
                4,
                2,
                6,
                5,
                0
            ],
            [
                7,
                3,
                1,
                5,
                0,
                6,
                2,
                4
            ],
            [
                5,
                1,
                3,
                0,
                2,
                6,
                7,
                4
            ]
        ]
    }
}