{
    "optimal_time": 81.0,
    "opt_compute_time:": 0.02726208185777068,
    "spt_time": 98,
    "spt_compute_time": 2.6046365830115974,
    "lpt_time": 101,
    "lpt_compute_time": 2.5530498726293445,
    "n_jobs": 8,
    "n_resources": 8,
    "n_ops_per_job": 8,
    "max_op_time": 11,
    "jssp_identification": "8x8_2462_inst.json",
    "solution_optimality": "OPTIMAL",
    "jssp_instance": {
        "durations": [
            [
                11,
                6,
                4,
                10,
                8,
                7,
                11,
                1
            ],
            [
                6,
                7,
                8,
                11,
                3,
                10,
                4,
                10
            ],
            [
                5,
                3,
                5,
                1,
                9,
                1,
                6,
                1
            ],
            [
                1,
                6,
                1,
                4,
                1,
                1,
                1,
                4
            ],
            [
                11,
                5,
                9,
                9,
                3,
                4,
                7,
                10
            ],
            [
                10,
                2,
                5,
                11,
                1,
                11,
                4,
                6
            ],
            [
                1,
                10,
                1,
                4,
                11,
                7,
                5,
                2
            ],
            [
                1,
                5,
                7,
                9,
                10,
                6,
                7,
                8
            ]
        ],
        "machines": [
            [
                4,
                7,
                3,
                6,
                1,
                2,
                0,
                5
            ],
            [
                3,
                5,
                7,
                0,
                2,
                4,
                6,
                1
            ],
            [
                2,
                3,
                6,
                7,
                5,
                4,
                0,
                1
            ],
            [
                0,
                2,
                3,
                7,
                5,
                4,
                1,
                6
            ],
            [
                4,
                6,
                1,
                3,
                7,
                5,
                2,
                0
            ],
            [
                4,
                1,
                2,
                5,
                6,
                7,
                3,
                0
            ],
            [
                0,
                2,
                5,
                4,
                3,
                1,
                7,
                6
            ],
            [
                5,
                7,
                3,
                1,
                4,
                2,
                0,
                6
            ]
        ]
    }
}