{
    "optimal_time": 78.0,
    "opt_compute_time:": 0.0666087158024311,
    "spt_time": 104,
    "spt_compute_time": 2.3883345532231033,
    "lpt_time": 102,
    "lpt_compute_time": 2.158510162960738,
    "n_jobs": 8,
    "n_resources": 8,
    "n_ops_per_job": 8,
    "max_op_time": 11,
    "jssp_identification": "8x8_1640_inst.json",
    "solution_optimality": "OPTIMAL",
    "jssp_instance": {
        "durations": [
            [
                11,
                2,
                5,
                10,
                11,
                11,
                7,
                9
            ],
            [
                8,
                11,
                4,
                2,
                8,
                5,
                9,
                4
            ],
            [
                1,
                7,
                5,
                2,
                4,
                1,
                7,
                8
            ],
            [
                7,
                8,
                11,
                10,
                1,
                6,
                3,
                9
            ],
            [
                10,
                8,
                1,
                6,
                3,
                3,
                6,
                9
            ],
            [
                5,
                9,
                10,
                4,
                1,
                9,
                9,
                11
            ],
            [
                8,
                5,
                8,
                3,
                8,
                1,
                5,
                8
            ],
            [
                4,
                1,
                3,
                2,
                11,
                8,
                4,
                1
            ]
        ],
        "machines": [
            [
                3,
                7,
                0,
                6,
                2,
                4,
                1,
                5
            ],
            [
                2,
                4,
                6,
                1,
                5,
                0,
                7,
                3
            ],
            [
                1,
                3,
                6,
                0,
                2,
                7,
                5,
                4
            ],
            [
                5,
                3,
                0,
                6,
                1,
                4,
                2,
                7
            ],
            [
                4,
                6,
                1,
                5,
                7,
                0,
                3,
                2
            ],
            [
                6,
                1,
                3,
                0,
                2,
                5,
                7,
                4
            ],
            [
                0,
                6,
                4,
                7,
                3,
                2,
                5,
                1
            ],
            [
                4,
                7,
                0,
                5,
                6,
                3,
                2,
                1
            ]
        ]
    }
}