{
    "optimal_time": 70.0,
    "opt_compute_time:": 0.06783241778612137,
    "spt_time": 75,
    "spt_compute_time": 1.8178643956780434,
    "lpt_time": 92,
    "lpt_compute_time": 2.1055292701348662,
    "n_jobs": 8,
    "n_resources": 8,
    "n_ops_per_job": 8,
    "max_op_time": 11,
    "jssp_identification": "8x8_3835_inst.json",
    "solution_optimality": "OPTIMAL",
    "jssp_instance": {
        "durations": [
            [
                8,
                6,
                9,
                1,
                10,
                5,
                5,
                1
            ],
            [
                1,
                6,
                6,
                8,
                6,
                8,
                4,
                8
            ],
            [
                11,
                10,
                4,
                6,
                1,
                1,
                6,
                6
            ],
            [
                10,
                5,
                7,
                3,
                5,
                4,
                3,
                5
            ],
            [
                1,
                11,
                2,
                1,
                10,
                11,
                2,
                7
            ],
            [
                5,
                6,
                3,
                7,
                7,
                5,
                2,
                11
            ],
            [
                2,
                11,
                1,
                8,
                10,
                5,
                1,
                2
            ],
            [
                10,
                2,
                10,
                2,
                10,
                8,
                10,
                6
            ]
        ],
        "machines": [
            [
                2,
                7,
                1,
                6,
                0,
                3,
                4,
                5
            ],
            [
                5,
                0,
                1,
                6,
                2,
                7,
                4,
                3
            ],
            [
                4,
                1,
                7,
                5,
                6,
                0,
                2,
                3
            ],
            [
                6,
                0,
                5,
                2,
                1,
                7,
                3,
                4
            ],
            [
                1,
                7,
                2,
                3,
                5,
                6,
                0,
                4
            ],
            [
                7,
                2,
                3,
                6,
                4,
                5,
                1,
                0
            ],
            [
                5,
                6,
                4,
                3,
                0,
                7,
                1,
                2
            ],
            [
                1,
                7,
                4,
                0,
                2,
                3,
                6,
                5
            ]
        ]
    }
}