{
    "optimal_time": 91.0,
    "opt_compute_time:": 0.04885638505220413,
    "spt_time": 96,
    "spt_compute_time": 2.253754551988095,
    "lpt_time": 118,
    "lpt_compute_time": 2.682359653059393,
    "n_jobs": 8,
    "n_resources": 8,
    "n_ops_per_job": 8,
    "max_op_time": 11,
    "jssp_identification": "8x8_2319_inst.json",
    "solution_optimality": "OPTIMAL",
    "jssp_instance": {
        "durations": [
            [
                5,
                8,
                2,
                1,
                8,
                11,
                8,
                6
            ],
            [
                11,
                3,
                5,
                11,
                1,
                6,
                1,
                4
            ],
            [
                11,
                9,
                1,
                3,
                3,
                4,
                3,
                4
            ],
            [
                6,
                10,
                3,
                10,
                4,
                11,
                11,
                8
            ],
            [
                6,
                8,
                4,
                3,
                7,
                10,
                9,
                10
            ],
            [
                6,
                3,
                10,
                1,
                4,
                11,
                7,
                6
            ],
            [
                6,
                9,
                8,
                10,
                8,
                1,
                4,
                7
            ],
            [
                8,
                3,
                4,
                3,
                10,
                11,
                1,
                11
            ]
        ],
        "machines": [
            [
                2,
                4,
                5,
                1,
                7,
                0,
                6,
                3
            ],
            [
                2,
                0,
                5,
                4,
                6,
                7,
                1,
                3
            ],
            [
                4,
                2,
                0,
                1,
                6,
                5,
                7,
                3
            ],
            [
                5,
                7,
                4,
                2,
                6,
                0,
                3,
                1
            ],
            [
                1,
                7,
                2,
                6,
                0,
                5,
                4,
                3
            ],
            [
                7,
                3,
                6,
                4,
                0,
                5,
                2,
                1
            ],
            [
                3,
                2,
                6,
                0,
                1,
                7,
                4,
                5
            ],
            [
                1,
                4,
                5,
                7,
                6,
                0,
                2,
                3
            ]
        ]
    }
}