{
    "optimal_time": 74.0,
    "opt_compute_time:": 0.055906821973621845,
    "spt_time": 90,
    "spt_compute_time": 2.335414028260857,
    "lpt_time": 106,
    "lpt_compute_time": 2.5337336040101945,
    "n_jobs": 8,
    "n_resources": 8,
    "n_ops_per_job": 8,
    "max_op_time": 11,
    "jssp_identification": "8x8_2206_inst.json",
    "solution_optimality": "OPTIMAL",
    "jssp_instance": {
        "durations": [
            [
                11,
                2,
                3,
                7,
                5,
                2,
                10,
                10
            ],
            [
                4,
                3,
                8,
                4,
                8,
                10,
                5,
                5
            ],
            [
                6,
                8,
                1,
                1,
                11,
                11,
                9,
                2
            ],
            [
                7,
                2,
                3,
                3,
                4,
                5,
                11,
                10
            ],
            [
                5,
                10,
                5,
                2,
                3,
                8,
                11,
                8
            ],
            [
                2,
                6,
                9,
                9,
                1,
                8,
                3,
                3
            ],
            [
                6,
                1,
                8,
                7,
                11,
                6,
                10,
                4
            ],
            [
                1,
                1,
                1,
                5,
                11,
                1,
                2,
                4
            ]
        ],
        "machines": [
            [
                4,
                5,
                3,
                1,
                2,
                0,
                7,
                6
            ],
            [
                7,
                6,
                0,
                5,
                3,
                1,
                4,
                2
            ],
            [
                1,
                2,
                3,
                0,
                4,
                5,
                7,
                6
            ],
            [
                4,
                7,
                6,
                5,
                0,
                3,
                2,
                1
            ],
            [
                5,
                4,
                3,
                0,
                7,
                1,
                2,
                6
            ],
            [
                5,
                3,
                0,
                2,
                1,
                6,
                4,
                7
            ],
            [
                5,
                3,
                6,
                0,
                7,
                2,
                4,
                1
            ],
            [
                4,
                7,
                5,
                6,
                3,
                0,
                1,
                2
            ]
        ]
    }
}