{
    "optimal_time": 83.0,
    "opt_compute_time:": 0.04653623607009649,
    "spt_time": 99,
    "spt_compute_time": 2.1881575901061296,
    "lpt_time": 98,
    "lpt_compute_time": 2.3917888747528195,
    "n_jobs": 8,
    "n_resources": 8,
    "n_ops_per_job": 8,
    "max_op_time": 11,
    "jssp_identification": "8x8_3003_inst.json",
    "solution_optimality": "OPTIMAL",
    "jssp_instance": {
        "durations": [
            [
                6,
                2,
                8,
                3,
                4,
                4,
                9,
                6
            ],
            [
                6,
                10,
                11,
                10,
                2,
                8,
                4,
                4
            ],
            [
                11,
                10,
                7,
                1,
                5,
                10,
                2,
                10
            ],
            [
                4,
                8,
                2,
                5,
                6,
                8,
                5,
                5
            ],
            [
                10,
                3,
                7,
                6,
                8,
                10,
                4,
                8
            ],
            [
                3,
                2,
                4,
                10,
                3,
                11,
                7,
                5
            ],
            [
                3,
                8,
                1,
                4,
                11,
                10,
                10,
                6
            ],
            [
                3,
                1,
                4,
                9,
                10,
                10,
                8,
                11
            ]
        ],
        "machines": [
            [
                5,
                1,
                3,
                4,
                2,
                6,
                7,
                0
            ],
            [
                2,
                5,
                0,
                1,
                6,
                7,
                4,
                3
            ],
            [
                0,
                4,
                3,
                5,
                1,
                7,
                6,
                2
            ],
            [
                1,
                6,
                7,
                3,
                0,
                5,
                2,
                4
            ],
            [
                7,
                1,
                2,
                4,
                5,
                0,
                3,
                6
            ],
            [
                1,
                3,
                2,
                0,
                4,
                5,
                6,
                7
            ],
            [
                3,
                0,
                6,
                7,
                4,
                1,
                5,
                2
            ],
            [
                5,
                6,
                4,
                0,
                2,
                1,
                7,
                3
            ]
        ]
    }
}