{
    "optimal_time": 90.0,
    "opt_compute_time:": 0.0747214169241488,
    "spt_time": 118,
    "spt_compute_time": 2.517805212177336,
    "lpt_time": 119,
    "lpt_compute_time": 3.2618411029689014,
    "n_jobs": 8,
    "n_resources": 8,
    "n_ops_per_job": 8,
    "max_op_time": 11,
    "jssp_identification": "8x8_1807_inst.json",
    "solution_optimality": "OPTIMAL",
    "jssp_instance": {
        "durations": [
            [
                3,
                8,
                5,
                3,
                8,
                9,
                10,
                10
            ],
            [
                6,
                8,
                6,
                11,
                5,
                4,
                8,
                9
            ],
            [
                9,
                8,
                11,
                10,
                10,
                11,
                8,
                2
            ],
            [
                5,
                10,
                5,
                1,
                9,
                5,
                2,
                7
            ],
            [
                7,
                10,
                9,
                3,
                5,
                3,
                3,
                10
            ],
            [
                4,
                11,
                8,
                10,
                8,
                10,
                11,
                11
            ],
            [
                3,
                6,
                1,
                6,
                5,
                8,
                10,
                1
            ],
            [
                9,
                4,
                9,
                2,
                1,
                6,
                9,
                3
            ]
        ],
        "machines": [
            [
                5,
                2,
                6,
                4,
                7,
                3,
                0,
                1
            ],
            [
                6,
                0,
                1,
                4,
                2,
                7,
                5,
                3
            ],
            [
                4,
                1,
                5,
                6,
                2,
                7,
                3,
                0
            ],
            [
                4,
                7,
                5,
                1,
                2,
                3,
                0,
                6
            ],
            [
                3,
                4,
                7,
                1,
                2,
                6,
                0,
                5
            ],
            [
                6,
                7,
                1,
                2,
                0,
                5,
                3,
                4
            ],
            [
                2,
                7,
                5,
                1,
                4,
                0,
                6,
                3
            ],
            [
                4,
                6,
                7,
                5,
                0,
                2,
                3,
                1
            ]
        ]
    }
}