{
    "optimal_time": 77.0,
    "opt_compute_time:": 0.03291600709781051,
    "spt_time": 87,
    "spt_compute_time": 2.015349430963397,
    "lpt_time": 90,
    "lpt_compute_time": 2.0508236158639193,
    "n_jobs": 8,
    "n_resources": 8,
    "n_ops_per_job": 8,
    "max_op_time": 11,
    "jssp_identification": "8x8_3092_inst.json",
    "solution_optimality": "OPTIMAL",
    "jssp_instance": {
        "durations": [
            [
                4,
                3,
                3,
                9,
                3,
                9,
                2,
                5
            ],
            [
                11,
                11,
                6,
                2,
                10,
                11,
                11,
                6
            ],
            [
                3,
                4,
                11,
                3,
                7,
                5,
                9,
                10
            ],
            [
                11,
                9,
                5,
                5,
                2,
                9,
                3,
                6
            ],
            [
                11,
                3,
                10,
                1,
                5,
                4,
                6,
                9
            ],
            [
                1,
                1,
                1,
                4,
                1,
                3,
                8,
                4
            ],
            [
                2,
                1,
                7,
                6,
                3,
                5,
                11,
                4
            ],
            [
                10,
                11,
                10,
                5,
                9,
                8,
                3,
                6
            ]
        ],
        "machines": [
            [
                3,
                2,
                0,
                6,
                4,
                5,
                1,
                7
            ],
            [
                5,
                7,
                1,
                0,
                4,
                6,
                3,
                2
            ],
            [
                7,
                0,
                5,
                6,
                1,
                2,
                4,
                3
            ],
            [
                3,
                0,
                1,
                6,
                4,
                5,
                2,
                7
            ],
            [
                2,
                4,
                3,
                6,
                1,
                7,
                0,
                5
            ],
            [
                0,
                6,
                7,
                2,
                5,
                1,
                3,
                4
            ],
            [
                6,
                5,
                7,
                1,
                3,
                4,
                0,
                2
            ],
            [
                6,
                2,
                4,
                3,
                1,
                5,
                7,
                0
            ]
        ]
    }
}