{
    "optimal_time": 81.0,
    "opt_compute_time:": 0.054163174238055944,
    "spt_time": 98,
    "spt_compute_time": 2.1065637497231364,
    "lpt_time": 102,
    "lpt_compute_time": 2.637569156009704,
    "n_jobs": 8,
    "n_resources": 8,
    "n_ops_per_job": 8,
    "max_op_time": 11,
    "jssp_identification": "8x8_2455_inst.json",
    "solution_optimality": "OPTIMAL",
    "jssp_instance": {
        "durations": [
            [
                11,
                11,
                6,
                8,
                8,
                10,
                11,
                5
            ],
            [
                10,
                7,
                6,
                4,
                9,
                10,
                11,
                7
            ],
            [
                8,
                9,
                2,
                5,
                9,
                10,
                5,
                6
            ],
            [
                4,
                7,
                3,
                1,
                2,
                2,
                1,
                8
            ],
            [
                9,
                4,
                2,
                6,
                3,
                6,
                10,
                10
            ],
            [
                10,
                11,
                11,
                4,
                5,
                6,
                2,
                11
            ],
            [
                9,
                5,
                5,
                6,
                11,
                7,
                2,
                3
            ],
            [
                4,
                6,
                6,
                1,
                10,
                11,
                2,
                2
            ]
        ],
        "machines": [
            [
                1,
                3,
                7,
                4,
                5,
                2,
                0,
                6
            ],
            [
                5,
                6,
                0,
                4,
                2,
                7,
                3,
                1
            ],
            [
                6,
                1,
                5,
                3,
                0,
                7,
                4,
                2
            ],
            [
                1,
                4,
                5,
                6,
                2,
                7,
                3,
                0
            ],
            [
                6,
                0,
                3,
                5,
                7,
                2,
                1,
                4
            ],
            [
                4,
                6,
                2,
                5,
                0,
                1,
                7,
                3
            ],
            [
                2,
                6,
                0,
                3,
                7,
                4,
                5,
                1
            ],
            [
                2,
                3,
                7,
                4,
                5,
                1,
                6,
                0
            ]
        ]
    }
}