{
    "optimal_time": 83.0,
    "opt_compute_time:": 0.028080630116164684,
    "spt_time": 96,
    "spt_compute_time": 2.1155536440201104,
    "lpt_time": 109,
    "lpt_compute_time": 2.529377022292465,
    "n_jobs": 8,
    "n_resources": 8,
    "n_ops_per_job": 8,
    "max_op_time": 11,
    "jssp_identification": "8x8_2537_inst.json",
    "solution_optimality": "OPTIMAL",
    "jssp_instance": {
        "durations": [
            [
                11,
                8,
                9,
                11,
                8,
                7,
                3,
                6
            ],
            [
                6,
                1,
                4,
                8,
                3,
                8,
                3,
                8
            ],
            [
                10,
                11,
                8,
                11,
                2,
                1,
                5,
                10
            ],
            [
                2,
                10,
                10,
                5,
                5,
                5,
                6,
                5
            ],
            [
                6,
                4,
                4,
                7,
                9,
                4,
                11,
                9
            ],
            [
                11,
                2,
                4,
                8,
                7,
                11,
                5,
                9
            ],
            [
                6,
                5,
                5,
                8,
                5,
                5,
                7,
                4
            ],
            [
                9,
                6,
                2,
                8,
                10,
                10,
                4,
                9
            ]
        ],
        "machines": [
            [
                1,
                6,
                3,
                5,
                4,
                2,
                7,
                0
            ],
            [
                6,
                0,
                5,
                7,
                1,
                2,
                3,
                4
            ],
            [
                4,
                0,
                6,
                3,
                5,
                2,
                7,
                1
            ],
            [
                4,
                5,
                2,
                3,
                0,
                1,
                7,
                6
            ],
            [
                4,
                1,
                0,
                7,
                3,
                2,
                6,
                5
            ],
            [
                1,
                2,
                0,
                6,
                7,
                5,
                3,
                4
            ],
            [
                4,
                3,
                5,
                1,
                6,
                2,
                7,
                0
            ],
            [
                4,
                7,
                5,
                1,
                0,
                3,
                6,
                2
            ]
        ]
    }
}