{
    "optimal_time": 76.0,
    "opt_compute_time:": 0.03803286096081138,
    "spt_time": 82,
    "spt_compute_time": 2.2823175410740077,
    "lpt_time": 94,
    "lpt_compute_time": 2.4016449959017336,
    "n_jobs": 8,
    "n_resources": 8,
    "n_ops_per_job": 8,
    "max_op_time": 11,
    "jssp_identification": "8x8_3636_inst.json",
    "solution_optimality": "OPTIMAL",
    "jssp_instance": {
        "durations": [
            [
                10,
                10,
                6,
                8,
                9,
                11,
                9,
                1
            ],
            [
                9,
                8,
                8,
                5,
                3,
                11,
                5,
                1
            ],
            [
                9,
                11,
                3,
                5,
                3,
                7,
                2,
                3
            ],
            [
                3,
                1,
                5,
                8,
                2,
                7,
                6,
                5
            ],
            [
                6,
                3,
                10,
                7,
                3,
                2,
                6,
                9
            ],
            [
                5,
                9,
                1,
                5,
                8,
                5,
                3,
                3
            ],
            [
                5,
                3,
                9,
                2,
                8,
                9,
                10,
                2
            ],
            [
                1,
                5,
                3,
                6,
                8,
                1,
                7,
                9
            ]
        ],
        "machines": [
            [
                4,
                1,
                3,
                6,
                2,
                0,
                5,
                7
            ],
            [
                6,
                4,
                5,
                3,
                1,
                2,
                7,
                0
            ],
            [
                0,
                4,
                3,
                5,
                1,
                6,
                2,
                7
            ],
            [
                1,
                4,
                6,
                0,
                2,
                5,
                3,
                7
            ],
            [
                5,
                6,
                2,
                3,
                7,
                0,
                1,
                4
            ],
            [
                3,
                6,
                1,
                2,
                0,
                4,
                5,
                7
            ],
            [
                0,
                4,
                7,
                6,
                5,
                3,
                2,
                1
            ],
            [
                5,
                6,
                0,
                4,
                1,
                3,
                2,
                7
            ]
        ]
    }
}