{
    "optimal_time": 80.0,
    "opt_compute_time:": 0.041103584226220846,
    "spt_time": 98,
    "spt_compute_time": 2.1080055139027536,
    "lpt_time": 85,
    "lpt_compute_time": 2.3223965261131525,
    "n_jobs": 8,
    "n_resources": 8,
    "n_ops_per_job": 8,
    "max_op_time": 11,
    "jssp_identification": "8x8_1012_inst.json",
    "solution_optimality": "OPTIMAL",
    "jssp_instance": {
        "durations": [
            [
                11,
                3,
                6,
                4,
                1,
                11,
                6,
                6
            ],
            [
                8,
                4,
                10,
                10,
                6,
                10,
                4,
                10
            ],
            [
                1,
                4,
                4,
                8,
                8,
                7,
                7,
                2
            ],
            [
                3,
                6,
                7,
                5,
                2,
                10,
                7,
                5
            ],
            [
                3,
                7,
                9,
                5,
                2,
                3,
                9,
                5
            ],
            [
                6,
                10,
                7,
                4,
                3,
                2,
                10,
                5
            ],
            [
                3,
                7,
                8,
                8,
                1,
                11,
                9,
                8
            ],
            [
                3,
                1,
                4,
                11,
                6,
                6,
                1,
                4
            ]
        ],
        "machines": [
            [
                6,
                7,
                1,
                0,
                3,
                5,
                2,
                4
            ],
            [
                4,
                1,
                3,
                5,
                2,
                6,
                0,
                7
            ],
            [
                2,
                1,
                7,
                6,
                5,
                4,
                3,
                0
            ],
            [
                7,
                6,
                2,
                4,
                1,
                5,
                0,
                3
            ],
            [
                6,
                0,
                4,
                7,
                1,
                3,
                5,
                2
            ],
            [
                1,
                2,
                5,
                4,
                0,
                3,
                6,
                7
            ],
            [
                1,
                7,
                4,
                2,
                0,
                6,
                3,
                5
            ],
            [
                2,
                1,
                3,
                7,
                4,
                6,
                5,
                0
            ]
        ]
    }
}