{
    "optimal_time": 76.0,
    "opt_compute_time:": 0.048058404587209225,
    "spt_time": 78,
    "spt_compute_time": 1.993437530938536,
    "lpt_time": 98,
    "lpt_compute_time": 2.166241599712521,
    "n_jobs": 8,
    "n_resources": 8,
    "n_ops_per_job": 8,
    "max_op_time": 11,
    "jssp_identification": "8x8_1992_inst.json",
    "solution_optimality": "OPTIMAL",
    "jssp_instance": {
        "durations": [
            [
                5,
                11,
                2,
                8,
                4,
                1,
                7,
                9
            ],
            [
                7,
                7,
                10,
                7,
                9,
                6,
                10,
                6
            ],
            [
                8,
                7,
                5,
                3,
                6,
                2,
                1,
                9
            ],
            [
                9,
                5,
                9,
                9,
                2,
                5,
                11,
                5
            ],
            [
                2,
                6,
                5,
                3,
                9,
                6,
                3,
                9
            ],
            [
                7,
                3,
                4,
                10,
                7,
                5,
                4,
                9
            ],
            [
                7,
                6,
                1,
                3,
                7,
                7,
                2,
                7
            ],
            [
                9,
                7,
                9,
                7,
                10,
                6,
                11,
                5
            ]
        ],
        "machines": [
            [
                0,
                5,
                7,
                1,
                2,
                4,
                6,
                3
            ],
            [
                4,
                7,
                5,
                1,
                3,
                6,
                0,
                2
            ],
            [
                1,
                3,
                2,
                4,
                6,
                7,
                0,
                5
            ],
            [
                0,
                4,
                7,
                2,
                6,
                5,
                1,
                3
            ],
            [
                6,
                5,
                7,
                1,
                3,
                0,
                4,
                2
            ],
            [
                6,
                4,
                1,
                0,
                2,
                5,
                7,
                3
            ],
            [
                0,
                1,
                5,
                6,
                7,
                2,
                3,
                4
            ],
            [
                6,
                3,
                2,
                4,
                0,
                7,
                5,
                1
            ]
        ]
    }
}