{
    "optimal_time": 78.0,
    "opt_compute_time:": 0.06224148627370596,
    "spt_time": 88,
    "spt_compute_time": 2.313399186823517,
    "lpt_time": 98,
    "lpt_compute_time": 2.338127003982663,
    "n_jobs": 8,
    "n_resources": 8,
    "n_ops_per_job": 8,
    "max_op_time": 11,
    "jssp_identification": "8x8_3345_inst.json",
    "solution_optimality": "OPTIMAL",
    "jssp_instance": {
        "durations": [
            [
                10,
                6,
                8,
                4,
                7,
                3,
                10,
                1
            ],
            [
                9,
                2,
                9,
                8,
                7,
                7,
                8,
                6
            ],
            [
                7,
                9,
                8,
                1,
                2,
                10,
                11,
                6
            ],
            [
                3,
                6,
                2,
                10,
                6,
                3,
                10,
                1
            ],
            [
                3,
                8,
                9,
                7,
                3,
                3,
                7,
                11
            ],
            [
                7,
                4,
                7,
                9,
                3,
                1,
                10,
                10
            ],
            [
                11,
                4,
                2,
                5,
                11,
                2,
                8,
                9
            ],
            [
                2,
                8,
                4,
                10,
                4,
                5,
                8,
                1
            ]
        ],
        "machines": [
            [
                1,
                5,
                2,
                6,
                0,
                4,
                7,
                3
            ],
            [
                6,
                4,
                0,
                1,
                5,
                3,
                2,
                7
            ],
            [
                5,
                3,
                7,
                4,
                1,
                6,
                2,
                0
            ],
            [
                1,
                2,
                4,
                3,
                6,
                0,
                5,
                7
            ],
            [
                0,
                2,
                1,
                5,
                6,
                7,
                4,
                3
            ],
            [
                0,
                1,
                5,
                3,
                2,
                4,
                6,
                7
            ],
            [
                2,
                0,
                1,
                3,
                4,
                6,
                5,
                7
            ],
            [
                5,
                6,
                7,
                2,
                0,
                3,
                1,
                4
            ]
        ]
    }
}