{
    "optimal_time": 89.0,
    "opt_compute_time:": 0.05654448363929987,
    "spt_time": 97,
    "spt_compute_time": 2.4788224543444812,
    "lpt_time": 119,
    "lpt_compute_time": 3.092535336036235,
    "n_jobs": 8,
    "n_resources": 8,
    "n_ops_per_job": 8,
    "max_op_time": 11,
    "jssp_identification": "8x8_3551_inst.json",
    "solution_optimality": "OPTIMAL",
    "jssp_instance": {
        "durations": [
            [
                7,
                4,
                1,
                6,
                9,
                11,
                11,
                6
            ],
            [
                8,
                10,
                1,
                11,
                8,
                2,
                4,
                6
            ],
            [
                7,
                10,
                8,
                6,
                11,
                11,
                3,
                3
            ],
            [
                4,
                8,
                7,
                2,
                4,
                5,
                9,
                8
            ],
            [
                6,
                4,
                4,
                8,
                6,
                10,
                8,
                6
            ],
            [
                6,
                9,
                9,
                8,
                10,
                5,
                5,
                10
            ],
            [
                9,
                5,
                11,
                7,
                9,
                6,
                6,
                4
            ],
            [
                3,
                7,
                10,
                2,
                6,
                6,
                2,
                2
            ]
        ],
        "machines": [
            [
                7,
                0,
                1,
                3,
                5,
                2,
                6,
                4
            ],
            [
                1,
                7,
                5,
                6,
                0,
                4,
                3,
                2
            ],
            [
                6,
                3,
                5,
                0,
                7,
                2,
                1,
                4
            ],
            [
                1,
                7,
                5,
                0,
                2,
                3,
                6,
                4
            ],
            [
                7,
                1,
                6,
                4,
                3,
                2,
                5,
                0
            ],
            [
                6,
                3,
                7,
                0,
                1,
                2,
                5,
                4
            ],
            [
                7,
                6,
                4,
                1,
                3,
                5,
                2,
                0
            ],
            [
                6,
                5,
                3,
                7,
                2,
                0,
                4,
                1
            ]
        ]
    }
}