{
    "optimal_time": 77.0,
    "opt_compute_time:": 0.08024525316432118,
    "spt_time": 87,
    "spt_compute_time": 2.2008742932230234,
    "lpt_time": 95,
    "lpt_compute_time": 2.5534134469926357,
    "n_jobs": 8,
    "n_resources": 8,
    "n_ops_per_job": 8,
    "max_op_time": 11,
    "jssp_identification": "8x8_3786_inst.json",
    "solution_optimality": "OPTIMAL",
    "jssp_instance": {
        "durations": [
            [
                8,
                2,
                6,
                2,
                7,
                6,
                2,
                8
            ],
            [
                4,
                9,
                5,
                11,
                6,
                3,
                10,
                3
            ],
            [
                10,
                8,
                9,
                8,
                7,
                9,
                6,
                1
            ],
            [
                4,
                7,
                6,
                6,
                3,
                11,
                8,
                1
            ],
            [
                1,
                11,
                10,
                7,
                6,
                4,
                9,
                6
            ],
            [
                8,
                6,
                6,
                1,
                4,
                2,
                8,
                9
            ],
            [
                5,
                8,
                1,
                4,
                1,
                11,
                2,
                7
            ],
            [
                3,
                3,
                5,
                2,
                9,
                7,
                6,
                3
            ]
        ],
        "machines": [
            [
                1,
                5,
                3,
                4,
                0,
                2,
                6,
                7
            ],
            [
                3,
                5,
                4,
                7,
                6,
                1,
                2,
                0
            ],
            [
                0,
                3,
                4,
                2,
                5,
                6,
                1,
                7
            ],
            [
                0,
                3,
                4,
                5,
                2,
                1,
                7,
                6
            ],
            [
                4,
                3,
                6,
                5,
                1,
                2,
                7,
                0
            ],
            [
                1,
                2,
                3,
                0,
                6,
                7,
                5,
                4
            ],
            [
                2,
                0,
                4,
                6,
                3,
                5,
                7,
                1
            ],
            [
                0,
                4,
                1,
                3,
                2,
                5,
                6,
                7
            ]
        ]
    }
}