{
    "optimal_time": 68.0,
    "opt_compute_time:": 0.03623236995190382,
    "spt_time": 74,
    "spt_compute_time": 1.8109675808809698,
    "lpt_time": 99,
    "lpt_compute_time": 2.1917426409199834,
    "n_jobs": 8,
    "n_resources": 8,
    "n_ops_per_job": 8,
    "max_op_time": 11,
    "jssp_identification": "8x8_797_inst.json",
    "solution_optimality": "OPTIMAL",
    "jssp_instance": {
        "durations": [
            [
                3,
                1,
                3,
                4,
                8,
                3,
                7,
                3
            ],
            [
                6,
                7,
                1,
                3,
                9,
                7,
                11,
                8
            ],
            [
                5,
                11,
                6,
                1,
                7,
                3,
                1,
                3
            ],
            [
                9,
                2,
                3,
                2,
                5,
                3,
                10,
                8
            ],
            [
                2,
                7,
                4,
                8,
                9,
                9,
                11,
                2
            ],
            [
                10,
                8,
                6,
                1,
                1,
                8,
                1,
                9
            ],
            [
                5,
                2,
                4,
                6,
                11,
                7,
                4,
                1
            ],
            [
                5,
                1,
                1,
                9,
                3,
                9,
                5,
                8
            ]
        ],
        "machines": [
            [
                5,
                0,
                6,
                2,
                3,
                7,
                1,
                4
            ],
            [
                2,
                0,
                1,
                5,
                4,
                3,
                6,
                7
            ],
            [
                2,
                6,
                1,
                7,
                0,
                3,
                4,
                5
            ],
            [
                0,
                3,
                4,
                1,
                7,
                5,
                2,
                6
            ],
            [
                4,
                7,
                1,
                6,
                3,
                0,
                2,
                5
            ],
            [
                6,
                5,
                7,
                1,
                4,
                2,
                0,
                3
            ],
            [
                4,
                1,
                5,
                6,
                7,
                2,
                3,
                0
            ],
            [
                0,
                6,
                4,
                7,
                2,
                5,
                3,
                1
            ]
        ]
    }
}