{
    "optimal_time": 75.0,
    "opt_compute_time:": 0.06331643601879478,
    "spt_time": 82,
    "spt_compute_time": 1.9031304237432778,
    "lpt_time": 104,
    "lpt_compute_time": 2.0927876830101013,
    "n_jobs": 8,
    "n_resources": 8,
    "n_ops_per_job": 8,
    "max_op_time": 11,
    "jssp_identification": "8x8_601_inst.json",
    "solution_optimality": "OPTIMAL",
    "jssp_instance": {
        "durations": [
            [
                6,
                11,
                1,
                2,
                11,
                5,
                7,
                7
            ],
            [
                2,
                5,
                10,
                9,
                4,
                4,
                6,
                5
            ],
            [
                6,
                8,
                8,
                4,
                8,
                11,
                9,
                2
            ],
            [
                9,
                11,
                4,
                9,
                4,
                10,
                1,
                11
            ],
            [
                1,
                2,
                4,
                1,
                4,
                10,
                4,
                10
            ],
            [
                2,
                4,
                1,
                8,
                6,
                11,
                6,
                6
            ],
            [
                7,
                4,
                1,
                1,
                1,
                8,
                9,
                6
            ],
            [
                1,
                10,
                2,
                9,
                2,
                2,
                3,
                2
            ]
        ],
        "machines": [
            [
                3,
                4,
                0,
                7,
                5,
                1,
                2,
                6
            ],
            [
                5,
                7,
                3,
                2,
                0,
                1,
                4,
                6
            ],
            [
                6,
                5,
                0,
                1,
                4,
                2,
                3,
                7
            ],
            [
                5,
                1,
                2,
                6,
                4,
                0,
                7,
                3
            ],
            [
                5,
                2,
                6,
                1,
                3,
                7,
                4,
                0
            ],
            [
                5,
                1,
                2,
                4,
                0,
                6,
                7,
                3
            ],
            [
                2,
                6,
                1,
                7,
                3,
                4,
                5,
                0
            ],
            [
                7,
                4,
                5,
                2,
                1,
                0,
                6,
                3
            ]
        ]
    }
}