{
    "optimal_time": 86.0,
    "opt_compute_time:": 0.09991203667595983,
    "spt_time": 99,
    "spt_compute_time": 2.5586863150820136,
    "lpt_time": 115,
    "lpt_compute_time": 3.113875100389123,
    "n_jobs": 8,
    "n_resources": 8,
    "n_ops_per_job": 8,
    "max_op_time": 11,
    "jssp_identification": "8x8_3985_inst.json",
    "solution_optimality": "OPTIMAL",
    "jssp_instance": {
        "durations": [
            [
                2,
                11,
                7,
                2,
                3,
                8,
                9,
                4
            ],
            [
                7,
                7,
                4,
                11,
                6,
                11,
                2,
                6
            ],
            [
                5,
                10,
                10,
                7,
                10,
                11,
                7,
                1
            ],
            [
                6,
                5,
                7,
                10,
                4,
                10,
                1,
                2
            ],
            [
                2,
                9,
                9,
                3,
                4,
                1,
                11,
                5
            ],
            [
                7,
                6,
                3,
                3,
                1,
                3,
                9,
                3
            ],
            [
                2,
                7,
                11,
                5,
                10,
                9,
                8,
                4
            ],
            [
                10,
                6,
                10,
                2,
                1,
                7,
                11,
                10
            ]
        ],
        "machines": [
            [
                3,
                1,
                6,
                0,
                7,
                5,
                2,
                4
            ],
            [
                4,
                3,
                6,
                1,
                7,
                5,
                0,
                2
            ],
            [
                4,
                6,
                1,
                5,
                7,
                0,
                2,
                3
            ],
            [
                0,
                6,
                2,
                4,
                3,
                7,
                5,
                1
            ],
            [
                4,
                6,
                5,
                3,
                7,
                1,
                2,
                0
            ],
            [
                4,
                3,
                5,
                7,
                0,
                1,
                6,
                2
            ],
            [
                7,
                5,
                3,
                1,
                2,
                6,
                4,
                0
            ],
            [
                6,
                3,
                5,
                2,
                1,
                0,
                7,
                4
            ]
        ]
    }
}