{
    "optimal_time": 102.0,
    "opt_compute_time:": 0.3209622651338577,
    "spt_time": 119,
    "spt_compute_time": 3.259123846888542,
    "lpt_time": 127,
    "lpt_compute_time": 3.6508851530961692,
    "n_jobs": 10,
    "n_resources": 10,
    "n_ops_per_job": 10,
    "max_op_time": 11,
    "jssp_identification": "10x10_327_inst.json",
    "solution_optimality": "OPTIMAL",
    "jssp_instance": {
        "durations": [
            [
                4,
                6,
                4,
                6,
                11,
                1,
                10,
                7,
                7,
                1
            ],
            [
                4,
                9,
                4,
                3,
                4,
                7,
                5,
                11,
                8,
                6
            ],
            [
                6,
                2,
                6,
                1,
                5,
                5,
                10,
                9,
                11,
                8
            ],
            [
                3,
                9,
                2,
                4,
                9,
                4,
                11,
                6,
                9,
                7
            ],
            [
                2,
                8,
                1,
                7,
                11,
                1,
                11,
                9,
                10,
                10
            ],
            [
                8,
                5,
                1,
                7,
                9,
                8,
                5,
                3,
                11,
                9
            ],
            [
                11,
                6,
                9,
                8,
                5,
                7,
                10,
                9,
                5,
                8
            ],
            [
                3,
                10,
                5,
                4,
                5,
                8,
                2,
                7,
                8,
                1
            ],
            [
                9,
                9,
                2,
                8,
                9,
                6,
                2,
                8,
                4,
                3
            ],
            [
                7,
                1,
                7,
                10,
                5,
                9,
                10,
                6,
                11,
                1
            ]
        ],
        "machines": [
            [
                6,
                9,
                1,
                8,
                4,
                5,
                7,
                3,
                0,
                2
            ],
            [
                7,
                2,
                0,
                1,
                5,
                6,
                3,
                4,
                8,
                9
            ],
            [
                7,
                4,
                2,
                0,
                1,
                6,
                8,
                9,
                5,
                3
            ],
            [
                0,
                7,
                6,
                5,
                8,
                9,
                4,
                1,
                2,
                3
            ],
            [
                4,
                2,
                6,
                1,
                5,
                9,
                8,
                7,
                3,
                0
            ],
            [
                8,
                9,
                3,
                7,
                0,
                1,
                5,
                2,
                4,
                6
            ],
            [
                9,
                0,
                5,
                1,
                4,
                6,
                8,
                3,
                7,
                2
            ],
            [
                5,
                3,
                7,
                9,
                4,
                0,
                8,
                2,
                6,
                1
            ],
            [
                7,
                3,
                5,
                4,
                6,
                8,
                1,
                2,
                0,
                9
            ],
            [
                0,
                2,
                6,
                4,
                9,
                1,
                7,
                3,
                8,
                5
            ]
        ]
    }
}