{
    "optimal_time": 84.0,
    "opt_compute_time:": 0.14074050495401025,
    "spt_time": 98,
    "spt_compute_time": 2.7706332271918654,
    "lpt_time": 126,
    "lpt_compute_time": 3.9087591753341258,
    "n_jobs": 10,
    "n_resources": 10,
    "n_ops_per_job": 10,
    "max_op_time": 11,
    "jssp_identification": "10x10_2038_inst.json",
    "solution_optimality": "OPTIMAL",
    "jssp_instance": {
        "durations": [
            [
                4,
                5,
                2,
                5,
                2,
                2,
                10,
                10,
                5,
                2
            ],
            [
                2,
                2,
                11,
                1,
                2,
                11,
                10,
                7,
                8,
                2
            ],
            [
                8,
                9,
                5,
                9,
                10,
                1,
                6,
                8,
                10,
                3
            ],
            [
                4,
                1,
                10,
                1,
                10,
                2,
                6,
                10,
                10,
                3
            ],
            [
                3,
                3,
                1,
                5,
                4,
                5,
                7,
                10,
                6,
                1
            ],
            [
                2,
                4,
                1,
                1,
                2,
                6,
                4,
                8,
                1,
                2
            ],
            [
                11,
                4,
                3,
                3,
                5,
                1,
                10,
                11,
                4,
                10
            ],
            [
                10,
                1,
                9,
                9,
                9,
                3,
                8,
                8,
                6,
                5
            ],
            [
                10,
                2,
                7,
                5,
                5,
                8,
                4,
                4,
                7,
                6
            ],
            [
                5,
                8,
                3,
                2,
                3,
                3,
                4,
                2,
                2,
                10
            ]
        ],
        "machines": [
            [
                9,
                2,
                8,
                7,
                1,
                4,
                5,
                3,
                0,
                6
            ],
            [
                1,
                8,
                4,
                2,
                5,
                3,
                6,
                7,
                0,
                9
            ],
            [
                5,
                6,
                2,
                8,
                0,
                4,
                9,
                1,
                3,
                7
            ],
            [
                9,
                3,
                2,
                0,
                6,
                1,
                7,
                8,
                4,
                5
            ],
            [
                0,
                8,
                3,
                6,
                1,
                9,
                4,
                7,
                5,
                2
            ],
            [
                1,
                0,
                7,
                8,
                4,
                6,
                3,
                5,
                2,
                9
            ],
            [
                9,
                6,
                7,
                0,
                5,
                4,
                8,
                3,
                2,
                1
            ],
            [
                4,
                7,
                1,
                9,
                0,
                3,
                5,
                6,
                2,
                8
            ],
            [
                7,
                0,
                1,
                2,
                5,
                4,
                3,
                9,
                6,
                8
            ],
            [
                8,
                6,
                4,
                0,
                5,
                1,
                3,
                2,
                9,
                7
            ]
        ]
    }
}