{
    "optimal_time": 92.0,
    "opt_compute_time:": 0.17077163932844996,
    "spt_time": 116,
    "spt_compute_time": 3.2263682349584997,
    "lpt_time": 125,
    "lpt_compute_time": 3.899273064918816,
    "n_jobs": 10,
    "n_resources": 10,
    "n_ops_per_job": 10,
    "max_op_time": 11,
    "jssp_identification": "10x10_1282_inst.json",
    "solution_optimality": "OPTIMAL",
    "jssp_instance": {
        "durations": [
            [
                2,
                6,
                4,
                11,
                11,
                2,
                7,
                9,
                7,
                8
            ],
            [
                11,
                6,
                11,
                4,
                3,
                9,
                10,
                9,
                7,
                5
            ],
            [
                5,
                11,
                3,
                7,
                1,
                8,
                4,
                3,
                3,
                2
            ],
            [
                3,
                9,
                2,
                6,
                3,
                8,
                5,
                3,
                9,
                6
            ],
            [
                8,
                6,
                3,
                5,
                5,
                3,
                6,
                8,
                9,
                1
            ],
            [
                5,
                9,
                3,
                6,
                10,
                5,
                8,
                11,
                11,
                5
            ],
            [
                5,
                7,
                2,
                1,
                6,
                7,
                5,
                5,
                9,
                2
            ],
            [
                1,
                2,
                10,
                6,
                5,
                6,
                8,
                2,
                5,
                6
            ],
            [
                2,
                11,
                7,
                2,
                2,
                2,
                1,
                2,
                2,
                8
            ],
            [
                6,
                10,
                9,
                6,
                8,
                7,
                11,
                4,
                1,
                2
            ]
        ],
        "machines": [
            [
                0,
                8,
                2,
                3,
                5,
                7,
                6,
                1,
                9,
                4
            ],
            [
                7,
                0,
                8,
                3,
                2,
                9,
                6,
                4,
                1,
                5
            ],
            [
                5,
                2,
                0,
                7,
                4,
                1,
                3,
                8,
                6,
                9
            ],
            [
                5,
                2,
                3,
                6,
                4,
                1,
                7,
                8,
                0,
                9
            ],
            [
                0,
                8,
                3,
                5,
                1,
                2,
                7,
                9,
                4,
                6
            ],
            [
                8,
                1,
                3,
                5,
                4,
                0,
                9,
                2,
                6,
                7
            ],
            [
                1,
                7,
                0,
                5,
                9,
                8,
                6,
                2,
                3,
                4
            ],
            [
                4,
                7,
                6,
                8,
                9,
                3,
                5,
                1,
                2,
                0
            ],
            [
                4,
                1,
                3,
                7,
                5,
                6,
                9,
                8,
                0,
                2
            ],
            [
                8,
                4,
                5,
                9,
                3,
                2,
                6,
                0,
                7,
                1
            ]
        ]
    }
}