{
    "optimal_time": 94.0,
    "opt_compute_time:": 0.15493032103404403,
    "spt_time": 117,
    "spt_compute_time": 3.359543897677213,
    "lpt_time": 143,
    "lpt_compute_time": 4.256625740788877,
    "n_jobs": 10,
    "n_resources": 10,
    "n_ops_per_job": 10,
    "max_op_time": 11,
    "jssp_identification": "10x10_3582_inst.json",
    "solution_optimality": "OPTIMAL",
    "jssp_instance": {
        "durations": [
            [
                4,
                3,
                7,
                11,
                1,
                7,
                7,
                4,
                5,
                11
            ],
            [
                5,
                4,
                5,
                8,
                2,
                9,
                9,
                8,
                1,
                8
            ],
            [
                6,
                7,
                4,
                8,
                11,
                4,
                2,
                4,
                1,
                6
            ],
            [
                1,
                6,
                2,
                7,
                8,
                10,
                8,
                10,
                1,
                2
            ],
            [
                3,
                1,
                3,
                2,
                3,
                10,
                5,
                11,
                5,
                9
            ],
            [
                5,
                3,
                2,
                6,
                7,
                7,
                5,
                5,
                4,
                2
            ],
            [
                4,
                6,
                6,
                5,
                1,
                11,
                6,
                1,
                1,
                7
            ],
            [
                2,
                7,
                4,
                1,
                10,
                5,
                1,
                5,
                6,
                7
            ],
            [
                6,
                10,
                10,
                9,
                11,
                10,
                9,
                2,
                11,
                8
            ],
            [
                2,
                7,
                5,
                1,
                11,
                9,
                11,
                7,
                8,
                11
            ]
        ],
        "machines": [
            [
                4,
                5,
                9,
                0,
                8,
                7,
                2,
                6,
                3,
                1
            ],
            [
                1,
                8,
                7,
                6,
                3,
                0,
                4,
                5,
                2,
                9
            ],
            [
                9,
                4,
                2,
                5,
                6,
                8,
                1,
                7,
                3,
                0
            ],
            [
                6,
                3,
                8,
                5,
                4,
                7,
                1,
                2,
                9,
                0
            ],
            [
                3,
                2,
                4,
                9,
                7,
                0,
                6,
                5,
                1,
                8
            ],
            [
                3,
                4,
                5,
                1,
                0,
                8,
                2,
                6,
                9,
                7
            ],
            [
                5,
                2,
                1,
                7,
                6,
                8,
                0,
                3,
                4,
                9
            ],
            [
                8,
                5,
                3,
                2,
                0,
                6,
                9,
                7,
                4,
                1
            ],
            [
                4,
                1,
                5,
                9,
                3,
                8,
                2,
                0,
                7,
                6
            ],
            [
                5,
                3,
                4,
                1,
                9,
                2,
                7,
                8,
                6,
                0
            ]
        ]
    }
}