{
    "optimal_time": 107.0,
    "opt_compute_time:": 0.07703113788738847,
    "spt_time": 125,
    "spt_compute_time": 3.5733772101812065,
    "lpt_time": 135,
    "lpt_compute_time": 4.076588025782257,
    "n_jobs": 10,
    "n_resources": 10,
    "n_ops_per_job": 10,
    "max_op_time": 11,
    "jssp_identification": "10x10_167_inst.json",
    "solution_optimality": "OPTIMAL",
    "jssp_instance": {
        "durations": [
            [
                6,
                3,
                5,
                10,
                5,
                8,
                7,
                4,
                4,
                6
            ],
            [
                10,
                11,
                3,
                2,
                8,
                7,
                3,
                11,
                5,
                8
            ],
            [
                6,
                10,
                9,
                7,
                10,
                1,
                5,
                7,
                9,
                11
            ],
            [
                10,
                11,
                3,
                4,
                2,
                2,
                6,
                6,
                8,
                5
            ],
            [
                5,
                9,
                9,
                1,
                4,
                9,
                10,
                2,
                8,
                1
            ],
            [
                7,
                11,
                1,
                9,
                11,
                6,
                7,
                2,
                10,
                5
            ],
            [
                6,
                7,
                7,
                11,
                3,
                4,
                2,
                4,
                3,
                9
            ],
            [
                10,
                4,
                7,
                2,
                8,
                9,
                10,
                11,
                7,
                5
            ],
            [
                9,
                1,
                7,
                9,
                5,
                2,
                11,
                1,
                9,
                3
            ],
            [
                5,
                2,
                6,
                7,
                10,
                1,
                3,
                9,
                2,
                1
            ]
        ],
        "machines": [
            [
                4,
                3,
                1,
                0,
                9,
                8,
                5,
                7,
                6,
                2
            ],
            [
                1,
                2,
                0,
                3,
                7,
                8,
                9,
                6,
                5,
                4
            ],
            [
                6,
                4,
                7,
                2,
                5,
                0,
                3,
                1,
                8,
                9
            ],
            [
                9,
                2,
                3,
                7,
                8,
                1,
                5,
                4,
                0,
                6
            ],
            [
                1,
                2,
                9,
                8,
                6,
                7,
                5,
                3,
                0,
                4
            ],
            [
                6,
                3,
                1,
                2,
                4,
                0,
                8,
                9,
                7,
                5
            ],
            [
                8,
                1,
                4,
                0,
                5,
                3,
                9,
                6,
                7,
                2
            ],
            [
                3,
                4,
                2,
                8,
                0,
                1,
                7,
                5,
                9,
                6
            ],
            [
                9,
                4,
                7,
                3,
                2,
                0,
                6,
                8,
                5,
                1
            ],
            [
                2,
                1,
                9,
                7,
                3,
                4,
                6,
                5,
                8,
                0
            ]
        ]
    }
}