{
    "optimal_time": 89.0,
    "opt_compute_time:": 0.2835324867628515,
    "spt_time": 133,
    "spt_compute_time": 3.6204393790103495,
    "lpt_time": 103,
    "lpt_compute_time": 3.298624339979142,
    "n_jobs": 10,
    "n_resources": 10,
    "n_ops_per_job": 10,
    "max_op_time": 11,
    "jssp_identification": "10x10_1539_inst.json",
    "solution_optimality": "OPTIMAL",
    "jssp_instance": {
        "durations": [
            [
                11,
                1,
                8,
                9,
                3,
                1,
                3,
                10,
                9,
                2
            ],
            [
                2,
                1,
                7,
                3,
                9,
                11,
                6,
                7,
                10,
                1
            ],
            [
                10,
                4,
                5,
                11,
                10,
                2,
                11,
                8,
                2,
                8
            ],
            [
                4,
                10,
                3,
                8,
                5,
                4,
                7,
                4,
                2,
                6
            ],
            [
                6,
                3,
                2,
                3,
                11,
                2,
                9,
                8,
                9,
                2
            ],
            [
                6,
                2,
                6,
                8,
                2,
                9,
                7,
                8,
                6,
                1
            ],
            [
                9,
                7,
                5,
                4,
                2,
                2,
                3,
                6,
                2,
                1
            ],
            [
                5,
                1,
                5,
                6,
                8,
                6,
                4,
                2,
                6,
                2
            ],
            [
                10,
                11,
                1,
                2,
                10,
                11,
                5,
                9,
                9,
                2
            ],
            [
                8,
                2,
                1,
                1,
                6,
                11,
                11,
                4,
                1,
                9
            ]
        ],
        "machines": [
            [
                7,
                5,
                4,
                9,
                0,
                8,
                1,
                6,
                2,
                3
            ],
            [
                8,
                3,
                9,
                5,
                2,
                1,
                7,
                0,
                4,
                6
            ],
            [
                3,
                9,
                5,
                4,
                7,
                0,
                1,
                8,
                6,
                2
            ],
            [
                7,
                3,
                5,
                6,
                2,
                0,
                4,
                8,
                1,
                9
            ],
            [
                6,
                4,
                9,
                2,
                7,
                5,
                0,
                3,
                1,
                8
            ],
            [
                4,
                3,
                2,
                5,
                7,
                0,
                6,
                8,
                9,
                1
            ],
            [
                2,
                6,
                3,
                1,
                4,
                9,
                7,
                0,
                5,
                8
            ],
            [
                9,
                7,
                5,
                0,
                4,
                1,
                6,
                3,
                8,
                2
            ],
            [
                2,
                9,
                7,
                6,
                0,
                8,
                5,
                3,
                4,
                1
            ],
            [
                3,
                5,
                1,
                7,
                4,
                6,
                9,
                8,
                0,
                2
            ]
        ]
    }
}