{
    "optimal_time": 99.0,
    "opt_compute_time:": 0.22081679198890924,
    "spt_time": 122,
    "spt_compute_time": 3.646940786857158,
    "lpt_time": 130,
    "lpt_compute_time": 4.306177800986916,
    "n_jobs": 10,
    "n_resources": 10,
    "n_ops_per_job": 10,
    "max_op_time": 11,
    "jssp_identification": "10x10_1597_inst.json",
    "solution_optimality": "OPTIMAL",
    "jssp_instance": {
        "durations": [
            [
                4,
                11,
                2,
                9,
                5,
                4,
                4,
                1,
                8,
                3
            ],
            [
                7,
                6,
                8,
                1,
                1,
                7,
                9,
                5,
                5,
                6
            ],
            [
                2,
                2,
                9,
                1,
                11,
                8,
                10,
                3,
                9,
                1
            ],
            [
                7,
                3,
                5,
                5,
                2,
                6,
                8,
                5,
                10,
                5
            ],
            [
                4,
                5,
                7,
                11,
                5,
                9,
                11,
                4,
                9,
                9
            ],
            [
                3,
                5,
                9,
                6,
                4,
                8,
                8,
                4,
                9,
                10
            ],
            [
                4,
                11,
                4,
                11,
                2,
                6,
                7,
                3,
                7,
                6
            ],
            [
                7,
                9,
                4,
                1,
                8,
                10,
                10,
                8,
                7,
                2
            ],
            [
                10,
                2,
                3,
                7,
                7,
                10,
                11,
                3,
                10,
                11
            ],
            [
                1,
                8,
                10,
                9,
                2,
                7,
                9,
                1,
                2,
                11
            ]
        ],
        "machines": [
            [
                6,
                0,
                1,
                2,
                5,
                9,
                8,
                3,
                7,
                4
            ],
            [
                3,
                1,
                7,
                9,
                4,
                2,
                6,
                8,
                5,
                0
            ],
            [
                6,
                3,
                4,
                2,
                1,
                8,
                0,
                9,
                7,
                5
            ],
            [
                0,
                2,
                4,
                3,
                9,
                5,
                1,
                6,
                8,
                7
            ],
            [
                7,
                2,
                9,
                0,
                5,
                4,
                6,
                8,
                3,
                1
            ],
            [
                3,
                6,
                2,
                7,
                9,
                1,
                0,
                4,
                5,
                8
            ],
            [
                6,
                9,
                8,
                5,
                2,
                7,
                4,
                1,
                0,
                3
            ],
            [
                0,
                8,
                7,
                2,
                5,
                9,
                6,
                4,
                3,
                1
            ],
            [
                6,
                4,
                5,
                0,
                9,
                1,
                2,
                7,
                8,
                3
            ],
            [
                8,
                9,
                3,
                4,
                5,
                2,
                7,
                1,
                6,
                0
            ]
        ]
    }
}