{
    "optimal_time": 107.0,
    "opt_compute_time:": 0.2949420092627406,
    "spt_time": 125,
    "spt_compute_time": 3.7700499268248677,
    "lpt_time": 135,
    "lpt_compute_time": 4.436551162973046,
    "n_jobs": 10,
    "n_resources": 10,
    "n_ops_per_job": 10,
    "max_op_time": 11,
    "jssp_identification": "10x10_2260_inst.json",
    "solution_optimality": "OPTIMAL",
    "jssp_instance": {
        "durations": [
            [
                7,
                2,
                8,
                9,
                11,
                5,
                4,
                8,
                2,
                9
            ],
            [
                2,
                8,
                11,
                2,
                5,
                10,
                1,
                9,
                7,
                11
            ],
            [
                7,
                9,
                7,
                7,
                2,
                7,
                7,
                10,
                11,
                11
            ],
            [
                6,
                11,
                4,
                7,
                2,
                11,
                3,
                3,
                11,
                4
            ],
            [
                1,
                6,
                7,
                2,
                1,
                8,
                5,
                6,
                2,
                8
            ],
            [
                5,
                6,
                7,
                3,
                8,
                7,
                1,
                3,
                6,
                7
            ],
            [
                9,
                11,
                6,
                5,
                1,
                1,
                4,
                8,
                2,
                6
            ],
            [
                7,
                5,
                10,
                8,
                8,
                3,
                11,
                10,
                6,
                4
            ],
            [
                7,
                2,
                2,
                5,
                7,
                10,
                4,
                10,
                2,
                9
            ],
            [
                9,
                1,
                10,
                8,
                10,
                6,
                11,
                5,
                11,
                7
            ]
        ],
        "machines": [
            [
                3,
                0,
                9,
                8,
                1,
                2,
                5,
                4,
                7,
                6
            ],
            [
                2,
                7,
                1,
                5,
                8,
                3,
                4,
                0,
                9,
                6
            ],
            [
                7,
                5,
                6,
                1,
                4,
                3,
                2,
                9,
                0,
                8
            ],
            [
                6,
                3,
                7,
                8,
                2,
                4,
                5,
                1,
                9,
                0
            ],
            [
                5,
                0,
                1,
                4,
                9,
                8,
                3,
                6,
                2,
                7
            ],
            [
                1,
                3,
                0,
                4,
                2,
                9,
                7,
                6,
                8,
                5
            ],
            [
                4,
                5,
                9,
                7,
                1,
                8,
                6,
                3,
                2,
                0
            ],
            [
                4,
                1,
                7,
                8,
                9,
                3,
                5,
                2,
                6,
                0
            ],
            [
                9,
                4,
                8,
                1,
                7,
                5,
                3,
                6,
                2,
                0
            ],
            [
                5,
                0,
                1,
                4,
                9,
                2,
                7,
                3,
                8,
                6
            ]
        ]
    }
}