{
    "optimal_time": 106.0,
    "opt_compute_time:": 0.23387462878599763,
    "spt_time": 127,
    "spt_compute_time": 3.8018993572331965,
    "lpt_time": 151,
    "lpt_compute_time": 4.377223819959909,
    "n_jobs": 10,
    "n_resources": 10,
    "n_ops_per_job": 10,
    "max_op_time": 11,
    "jssp_identification": "10x10_1687_inst.json",
    "solution_optimality": "OPTIMAL",
    "jssp_instance": {
        "durations": [
            [
                11,
                6,
                4,
                3,
                4,
                4,
                8,
                10,
                8,
                1
            ],
            [
                3,
                4,
                7,
                11,
                10,
                10,
                10,
                4,
                5,
                1
            ],
            [
                3,
                3,
                6,
                5,
                6,
                11,
                3,
                4,
                4,
                9
            ],
            [
                2,
                4,
                5,
                6,
                3,
                11,
                3,
                6,
                4,
                4
            ],
            [
                4,
                4,
                5,
                10,
                1,
                5,
                1,
                10,
                9,
                3
            ],
            [
                5,
                2,
                4,
                9,
                4,
                8,
                9,
                10,
                3,
                11
            ],
            [
                5,
                5,
                3,
                1,
                10,
                8,
                9,
                8,
                7,
                1
            ],
            [
                10,
                2,
                11,
                10,
                3,
                4,
                9,
                3,
                9,
                10
            ],
            [
                11,
                11,
                11,
                6,
                10,
                9,
                4,
                9,
                8,
                3
            ],
            [
                7,
                8,
                6,
                8,
                5,
                10,
                5,
                8,
                9,
                4
            ]
        ],
        "machines": [
            [
                1,
                2,
                9,
                3,
                6,
                0,
                7,
                4,
                5,
                8
            ],
            [
                9,
                4,
                3,
                6,
                0,
                8,
                2,
                5,
                1,
                7
            ],
            [
                8,
                1,
                3,
                0,
                7,
                2,
                5,
                4,
                6,
                9
            ],
            [
                8,
                6,
                1,
                5,
                2,
                7,
                9,
                3,
                0,
                4
            ],
            [
                5,
                6,
                9,
                8,
                2,
                3,
                4,
                0,
                1,
                7
            ],
            [
                5,
                6,
                4,
                9,
                2,
                7,
                0,
                8,
                3,
                1
            ],
            [
                3,
                0,
                1,
                8,
                7,
                9,
                4,
                6,
                5,
                2
            ],
            [
                6,
                2,
                9,
                1,
                5,
                4,
                0,
                8,
                3,
                7
            ],
            [
                6,
                3,
                0,
                9,
                8,
                2,
                7,
                1,
                4,
                5
            ],
            [
                1,
                8,
                9,
                7,
                6,
                3,
                0,
                2,
                5,
                4
            ]
        ]
    }
}