{
    "optimal_time": 90.0,
    "opt_compute_time:": 0.21954360092058778,
    "spt_time": 103,
    "spt_compute_time": 2.89911353867501,
    "lpt_time": 118,
    "lpt_compute_time": 3.897938532754779,
    "n_jobs": 10,
    "n_resources": 10,
    "n_ops_per_job": 10,
    "max_op_time": 11,
    "jssp_identification": "10x10_3495_inst.json",
    "solution_optimality": "OPTIMAL",
    "jssp_instance": {
        "durations": [
            [
                6,
                7,
                9,
                9,
                8,
                5,
                1,
                5,
                7,
                1
            ],
            [
                6,
                10,
                6,
                7,
                8,
                2,
                10,
                10,
                11,
                4
            ],
            [
                6,
                7,
                9,
                5,
                7,
                4,
                9,
                9,
                11,
                3
            ],
            [
                11,
                9,
                3,
                1,
                5,
                11,
                3,
                5,
                3,
                3
            ],
            [
                3,
                11,
                2,
                1,
                11,
                5,
                4,
                3,
                5,
                3
            ],
            [
                4,
                3,
                8,
                3,
                8,
                6,
                8,
                11,
                1,
                9
            ],
            [
                10,
                1,
                9,
                1,
                3,
                5,
                5,
                11,
                5,
                11
            ],
            [
                2,
                11,
                1,
                6,
                7,
                7,
                6,
                3,
                8,
                6
            ],
            [
                6,
                3,
                8,
                4,
                2,
                5,
                2,
                4,
                2,
                11
            ],
            [
                5,
                4,
                9,
                9,
                6,
                2,
                10,
                3,
                10,
                7
            ]
        ],
        "machines": [
            [
                7,
                0,
                6,
                9,
                2,
                3,
                1,
                4,
                5,
                8
            ],
            [
                9,
                3,
                2,
                6,
                0,
                5,
                4,
                1,
                7,
                8
            ],
            [
                4,
                2,
                0,
                9,
                5,
                3,
                8,
                6,
                7,
                1
            ],
            [
                2,
                7,
                9,
                6,
                0,
                8,
                4,
                3,
                5,
                1
            ],
            [
                4,
                1,
                8,
                5,
                2,
                7,
                9,
                0,
                6,
                3
            ],
            [
                0,
                6,
                7,
                5,
                4,
                1,
                2,
                9,
                3,
                8
            ],
            [
                3,
                1,
                4,
                0,
                7,
                9,
                8,
                6,
                5,
                2
            ],
            [
                7,
                2,
                1,
                4,
                3,
                8,
                0,
                9,
                6,
                5
            ],
            [
                0,
                5,
                1,
                4,
                9,
                7,
                2,
                8,
                6,
                3
            ],
            [
                6,
                8,
                1,
                3,
                0,
                9,
                7,
                4,
                5,
                2
            ]
        ]
    }
}