{
    "optimal_time": 105.0,
    "opt_compute_time:": 0.17973906407132745,
    "spt_time": 132,
    "spt_compute_time": 3.4840910378843546,
    "lpt_time": 132,
    "lpt_compute_time": 3.475772788282484,
    "n_jobs": 10,
    "n_resources": 10,
    "n_ops_per_job": 10,
    "max_op_time": 11,
    "jssp_identification": "10x10_1575_inst.json",
    "solution_optimality": "OPTIMAL",
    "jssp_instance": {
        "durations": [
            [
                10,
                6,
                9,
                8,
                9,
                4,
                7,
                10,
                11,
                4
            ],
            [
                2,
                1,
                6,
                10,
                9,
                2,
                8,
                1,
                6,
                2
            ],
            [
                4,
                9,
                8,
                4,
                6,
                7,
                11,
                4,
                8,
                1
            ],
            [
                5,
                10,
                1,
                3,
                9,
                4,
                9,
                1,
                10,
                6
            ],
            [
                4,
                8,
                10,
                5,
                7,
                6,
                11,
                7,
                3,
                9
            ],
            [
                6,
                2,
                2,
                3,
                11,
                5,
                3,
                4,
                6,
                6
            ],
            [
                10,
                4,
                2,
                2,
                9,
                6,
                7,
                3,
                8,
                8
            ],
            [
                11,
                7,
                11,
                4,
                11,
                9,
                2,
                10,
                5,
                9
            ],
            [
                10,
                8,
                7,
                10,
                2,
                3,
                11,
                9,
                2,
                9
            ],
            [
                7,
                8,
                5,
                10,
                2,
                4,
                4,
                8,
                3,
                3
            ]
        ],
        "machines": [
            [
                2,
                1,
                5,
                7,
                4,
                0,
                3,
                9,
                6,
                8
            ],
            [
                2,
                4,
                5,
                0,
                6,
                3,
                7,
                8,
                9,
                1
            ],
            [
                4,
                8,
                9,
                0,
                5,
                7,
                2,
                6,
                1,
                3
            ],
            [
                5,
                7,
                4,
                0,
                1,
                8,
                6,
                3,
                9,
                2
            ],
            [
                0,
                4,
                8,
                6,
                1,
                9,
                2,
                5,
                7,
                3
            ],
            [
                2,
                3,
                9,
                1,
                7,
                5,
                4,
                6,
                0,
                8
            ],
            [
                7,
                1,
                5,
                3,
                8,
                6,
                0,
                2,
                4,
                9
            ],
            [
                1,
                5,
                2,
                0,
                7,
                8,
                4,
                6,
                3,
                9
            ],
            [
                0,
                4,
                5,
                7,
                6,
                8,
                2,
                1,
                3,
                9
            ],
            [
                6,
                2,
                0,
                7,
                9,
                3,
                1,
                4,
                8,
                5
            ]
        ]
    }
}