{
    "optimal_time": 100.0,
    "opt_compute_time:": 0.08688756264746189,
    "spt_time": 116,
    "spt_compute_time": 3.492471134290099,
    "lpt_time": 121,
    "lpt_compute_time": 3.874951434787363,
    "n_jobs": 10,
    "n_resources": 10,
    "n_ops_per_job": 10,
    "max_op_time": 11,
    "jssp_identification": "10x10_1189_inst.json",
    "solution_optimality": "OPTIMAL",
    "jssp_instance": {
        "durations": [
            [
                11,
                1,
                2,
                6,
                11,
                7,
                4,
                1,
                2,
                8
            ],
            [
                1,
                2,
                6,
                4,
                6,
                10,
                3,
                5,
                7,
                3
            ],
            [
                8,
                11,
                7,
                9,
                3,
                4,
                8,
                4,
                4,
                11
            ],
            [
                9,
                3,
                10,
                10,
                9,
                1,
                4,
                4,
                11,
                11
            ],
            [
                2,
                2,
                9,
                1,
                4,
                2,
                6,
                3,
                11,
                1
            ],
            [
                5,
                3,
                11,
                4,
                11,
                11,
                7,
                2,
                7,
                1
            ],
            [
                9,
                1,
                7,
                2,
                5,
                4,
                5,
                6,
                2,
                1
            ],
            [
                1,
                7,
                8,
                11,
                11,
                4,
                6,
                11,
                6,
                6
            ],
            [
                4,
                11,
                5,
                10,
                6,
                2,
                3,
                4,
                11,
                4
            ],
            [
                3,
                2,
                8,
                3,
                7,
                8,
                9,
                5,
                3,
                3
            ]
        ],
        "machines": [
            [
                9,
                0,
                5,
                3,
                4,
                8,
                2,
                1,
                6,
                7
            ],
            [
                6,
                7,
                4,
                2,
                3,
                0,
                9,
                5,
                8,
                1
            ],
            [
                2,
                0,
                5,
                9,
                7,
                3,
                8,
                6,
                4,
                1
            ],
            [
                0,
                7,
                1,
                4,
                6,
                2,
                3,
                5,
                8,
                9
            ],
            [
                9,
                5,
                3,
                6,
                7,
                1,
                2,
                0,
                8,
                4
            ],
            [
                5,
                6,
                3,
                4,
                1,
                9,
                0,
                8,
                2,
                7
            ],
            [
                1,
                4,
                0,
                5,
                9,
                8,
                7,
                2,
                6,
                3
            ],
            [
                4,
                8,
                3,
                2,
                9,
                1,
                0,
                5,
                6,
                7
            ],
            [
                7,
                0,
                9,
                2,
                5,
                1,
                4,
                3,
                8,
                6
            ],
            [
                3,
                2,
                6,
                9,
                7,
                1,
                8,
                5,
                0,
                4
            ]
        ]
    }
}