{
    "optimal_time": 98.0,
    "opt_compute_time:": 0.17610328365117311,
    "spt_time": 121,
    "spt_compute_time": 3.221778815612197,
    "lpt_time": 112,
    "lpt_compute_time": 3.4488043948076665,
    "n_jobs": 10,
    "n_resources": 10,
    "n_ops_per_job": 10,
    "max_op_time": 11,
    "jssp_identification": "10x10_2422_inst.json",
    "solution_optimality": "OPTIMAL",
    "jssp_instance": {
        "durations": [
            [
                3,
                2,
                5,
                3,
                7,
                3,
                3,
                4,
                5,
                8
            ],
            [
                10,
                11,
                3,
                9,
                4,
                8,
                5,
                5,
                8,
                11
            ],
            [
                2,
                11,
                6,
                5,
                4,
                5,
                8,
                3,
                5,
                1
            ],
            [
                8,
                4,
                3,
                8,
                11,
                2,
                4,
                10,
                5,
                9
            ],
            [
                6,
                8,
                1,
                1,
                6,
                1,
                8,
                1,
                6,
                3
            ],
            [
                11,
                4,
                3,
                9,
                2,
                7,
                10,
                6,
                5,
                8
            ],
            [
                7,
                7,
                5,
                6,
                9,
                6,
                3,
                10,
                6,
                4
            ],
            [
                5,
                9,
                8,
                1,
                9,
                8,
                3,
                7,
                11,
                5
            ],
            [
                5,
                9,
                3,
                9,
                8,
                2,
                1,
                3,
                6,
                5
            ],
            [
                1,
                3,
                11,
                11,
                9,
                6,
                5,
                5,
                11,
                9
            ]
        ],
        "machines": [
            [
                1,
                3,
                4,
                7,
                6,
                9,
                8,
                2,
                5,
                0
            ],
            [
                1,
                4,
                6,
                9,
                8,
                2,
                0,
                5,
                7,
                3
            ],
            [
                6,
                7,
                5,
                3,
                9,
                2,
                1,
                8,
                0,
                4
            ],
            [
                7,
                1,
                0,
                4,
                9,
                6,
                2,
                5,
                3,
                8
            ],
            [
                2,
                7,
                3,
                6,
                0,
                1,
                9,
                8,
                4,
                5
            ],
            [
                9,
                0,
                2,
                3,
                1,
                5,
                4,
                6,
                7,
                8
            ],
            [
                1,
                8,
                0,
                4,
                6,
                5,
                9,
                3,
                7,
                2
            ],
            [
                2,
                6,
                0,
                9,
                5,
                3,
                4,
                1,
                7,
                8
            ],
            [
                9,
                4,
                2,
                8,
                1,
                0,
                6,
                7,
                5,
                3
            ],
            [
                9,
                4,
                1,
                7,
                3,
                5,
                6,
                0,
                2,
                8
            ]
        ]
    }
}