{
    "optimal_time": 110.0,
    "opt_compute_time:": 0.11672527203336358,
    "spt_time": 143,
    "spt_compute_time": 4.320124491117895,
    "lpt_time": 137,
    "lpt_compute_time": 4.098653111141175,
    "n_jobs": 10,
    "n_resources": 10,
    "n_ops_per_job": 10,
    "max_op_time": 11,
    "jssp_identification": "10x10_3711_inst.json",
    "solution_optimality": "OPTIMAL",
    "jssp_instance": {
        "durations": [
            [
                7,
                3,
                7,
                11,
                5,
                10,
                7,
                8,
                2,
                6
            ],
            [
                3,
                5,
                11,
                3,
                2,
                6,
                11,
                8,
                9,
                10
            ],
            [
                1,
                1,
                8,
                8,
                11,
                4,
                2,
                1,
                6,
                3
            ],
            [
                3,
                5,
                11,
                2,
                9,
                10,
                10,
                5,
                11,
                11
            ],
            [
                10,
                10,
                1,
                10,
                8,
                1,
                9,
                5,
                9,
                2
            ],
            [
                6,
                8,
                9,
                5,
                9,
                2,
                7,
                3,
                8,
                4
            ],
            [
                10,
                10,
                2,
                2,
                1,
                10,
                9,
                4,
                8,
                2
            ],
            [
                5,
                10,
                11,
                9,
                10,
                4,
                4,
                3,
                3,
                1
            ],
            [
                1,
                10,
                9,
                11,
                10,
                10,
                8,
                9,
                1,
                6
            ],
            [
                8,
                8,
                10,
                8,
                6,
                2,
                10,
                7,
                1,
                7
            ]
        ],
        "machines": [
            [
                6,
                3,
                9,
                4,
                1,
                7,
                0,
                5,
                2,
                8
            ],
            [
                6,
                2,
                4,
                1,
                7,
                8,
                3,
                0,
                5,
                9
            ],
            [
                2,
                0,
                3,
                8,
                6,
                4,
                5,
                7,
                1,
                9
            ],
            [
                6,
                9,
                3,
                8,
                7,
                5,
                4,
                1,
                2,
                0
            ],
            [
                2,
                5,
                7,
                3,
                1,
                4,
                0,
                8,
                6,
                9
            ],
            [
                6,
                4,
                8,
                1,
                3,
                0,
                7,
                9,
                5,
                2
            ],
            [
                0,
                5,
                2,
                8,
                6,
                4,
                1,
                9,
                3,
                7
            ],
            [
                7,
                2,
                4,
                9,
                0,
                6,
                5,
                8,
                1,
                3
            ],
            [
                7,
                9,
                2,
                4,
                1,
                6,
                8,
                0,
                3,
                5
            ],
            [
                8,
                9,
                2,
                6,
                3,
                5,
                4,
                7,
                0,
                1
            ]
        ]
    }
}