{
    "optimal_time": 96.0,
    "opt_compute_time:": 0.23236525664106011,
    "spt_time": 119,
    "spt_compute_time": 3.6976822149008512,
    "lpt_time": 131,
    "lpt_compute_time": 4.3090358399786055,
    "n_jobs": 10,
    "n_resources": 10,
    "n_ops_per_job": 10,
    "max_op_time": 11,
    "jssp_identification": "10x10_3463_inst.json",
    "solution_optimality": "OPTIMAL",
    "jssp_instance": {
        "durations": [
            [
                7,
                3,
                9,
                8,
                8,
                9,
                1,
                9,
                6,
                8
            ],
            [
                4,
                8,
                11,
                2,
                4,
                10,
                8,
                8,
                1,
                4
            ],
            [
                6,
                7,
                6,
                1,
                4,
                8,
                10,
                5,
                1,
                1
            ],
            [
                11,
                10,
                6,
                6,
                10,
                5,
                7,
                1,
                8,
                9
            ],
            [
                7,
                7,
                9,
                11,
                7,
                1,
                2,
                1,
                3,
                10
            ],
            [
                5,
                5,
                11,
                10,
                10,
                4,
                2,
                4,
                3,
                11
            ],
            [
                10,
                5,
                2,
                7,
                6,
                3,
                1,
                10,
                6,
                8
            ],
            [
                10,
                10,
                3,
                5,
                7,
                3,
                2,
                4,
                4,
                10
            ],
            [
                8,
                9,
                7,
                7,
                1,
                2,
                8,
                11,
                11,
                4
            ],
            [
                8,
                9,
                10,
                4,
                8,
                4,
                2,
                4,
                4,
                1
            ]
        ],
        "machines": [
            [
                7,
                1,
                2,
                0,
                6,
                3,
                9,
                4,
                5,
                8
            ],
            [
                9,
                1,
                6,
                8,
                2,
                7,
                4,
                5,
                3,
                0
            ],
            [
                0,
                4,
                5,
                6,
                8,
                9,
                7,
                2,
                3,
                1
            ],
            [
                7,
                3,
                6,
                1,
                9,
                0,
                4,
                8,
                5,
                2
            ],
            [
                7,
                3,
                5,
                4,
                8,
                0,
                2,
                1,
                9,
                6
            ],
            [
                0,
                3,
                7,
                9,
                1,
                8,
                5,
                6,
                2,
                4
            ],
            [
                3,
                9,
                2,
                0,
                1,
                4,
                5,
                7,
                6,
                8
            ],
            [
                6,
                3,
                0,
                2,
                5,
                4,
                9,
                7,
                8,
                1
            ],
            [
                0,
                6,
                4,
                9,
                3,
                8,
                5,
                2,
                1,
                7
            ],
            [
                1,
                0,
                3,
                5,
                9,
                2,
                7,
                4,
                8,
                6
            ]
        ]
    }
}