{
    "optimal_time": 108.0,
    "opt_compute_time:": 0.263650338165462,
    "spt_time": 135,
    "spt_compute_time": 3.666757688857615,
    "lpt_time": 141,
    "lpt_compute_time": 4.113125538919121,
    "n_jobs": 10,
    "n_resources": 10,
    "n_ops_per_job": 10,
    "max_op_time": 11,
    "jssp_identification": "10x10_1930_inst.json",
    "solution_optimality": "OPTIMAL",
    "jssp_instance": {
        "durations": [
            [
                6,
                6,
                4,
                4,
                5,
                4,
                6,
                3,
                7,
                7
            ],
            [
                2,
                6,
                6,
                4,
                4,
                7,
                9,
                4,
                2,
                3
            ],
            [
                1,
                2,
                9,
                8,
                7,
                9,
                7,
                5,
                6,
                8
            ],
            [
                8,
                6,
                9,
                1,
                3,
                11,
                9,
                4,
                3,
                11
            ],
            [
                3,
                7,
                5,
                1,
                3,
                3,
                2,
                9,
                2,
                8
            ],
            [
                11,
                8,
                10,
                2,
                4,
                10,
                9,
                7,
                7,
                11
            ],
            [
                9,
                4,
                5,
                10,
                6,
                3,
                11,
                7,
                10,
                11
            ],
            [
                8,
                11,
                6,
                10,
                8,
                1,
                10,
                8,
                8,
                11
            ],
            [
                10,
                10,
                5,
                9,
                10,
                6,
                10,
                3,
                9,
                10
            ],
            [
                9,
                10,
                11,
                6,
                8,
                11,
                11,
                2,
                11,
                11
            ]
        ],
        "machines": [
            [
                5,
                0,
                7,
                2,
                6,
                3,
                4,
                8,
                1,
                9
            ],
            [
                7,
                4,
                5,
                3,
                6,
                2,
                0,
                8,
                1,
                9
            ],
            [
                3,
                1,
                0,
                9,
                7,
                8,
                5,
                6,
                2,
                4
            ],
            [
                7,
                5,
                1,
                8,
                3,
                4,
                9,
                0,
                6,
                2
            ],
            [
                4,
                0,
                6,
                5,
                2,
                3,
                1,
                9,
                8,
                7
            ],
            [
                0,
                5,
                8,
                3,
                7,
                6,
                9,
                1,
                2,
                4
            ],
            [
                8,
                9,
                7,
                4,
                2,
                3,
                1,
                0,
                6,
                5
            ],
            [
                7,
                6,
                8,
                3,
                1,
                5,
                2,
                0,
                9,
                4
            ],
            [
                8,
                5,
                2,
                1,
                4,
                7,
                9,
                3,
                0,
                6
            ],
            [
                6,
                2,
                0,
                5,
                9,
                3,
                4,
                1,
                8,
                7
            ]
        ]
    }
}