{
    "optimal_time": 98.0,
    "opt_compute_time:": 0.24739517690613866,
    "spt_time": 112,
    "spt_compute_time": 3.431944765150547,
    "lpt_time": 124,
    "lpt_compute_time": 4.287997801788151,
    "n_jobs": 10,
    "n_resources": 10,
    "n_ops_per_job": 10,
    "max_op_time": 11,
    "jssp_identification": "10x10_1472_inst.json",
    "solution_optimality": "OPTIMAL",
    "jssp_instance": {
        "durations": [
            [
                8,
                9,
                1,
                1,
                6,
                4,
                11,
                2,
                10,
                2
            ],
            [
                4,
                8,
                10,
                3,
                9,
                9,
                11,
                5,
                11,
                11
            ],
            [
                4,
                5,
                6,
                6,
                4,
                1,
                11,
                3,
                1,
                10
            ],
            [
                3,
                9,
                1,
                4,
                8,
                2,
                2,
                10,
                2,
                8
            ],
            [
                7,
                6,
                7,
                4,
                3,
                2,
                1,
                8,
                6,
                8
            ],
            [
                2,
                10,
                1,
                5,
                2,
                1,
                11,
                1,
                2,
                4
            ],
            [
                7,
                8,
                2,
                2,
                8,
                3,
                1,
                9,
                7,
                4
            ],
            [
                8,
                2,
                2,
                9,
                10,
                5,
                11,
                11,
                5,
                9
            ],
            [
                10,
                10,
                6,
                11,
                6,
                11,
                2,
                3,
                7,
                10
            ],
            [
                1,
                10,
                4,
                5,
                7,
                8,
                1,
                7,
                9,
                3
            ]
        ],
        "machines": [
            [
                2,
                0,
                6,
                5,
                3,
                4,
                9,
                8,
                7,
                1
            ],
            [
                7,
                9,
                2,
                0,
                5,
                4,
                8,
                3,
                1,
                6
            ],
            [
                5,
                9,
                7,
                6,
                1,
                3,
                4,
                2,
                8,
                0
            ],
            [
                8,
                1,
                9,
                2,
                3,
                5,
                4,
                0,
                7,
                6
            ],
            [
                9,
                0,
                8,
                4,
                2,
                6,
                3,
                1,
                7,
                5
            ],
            [
                6,
                9,
                3,
                1,
                8,
                2,
                0,
                4,
                5,
                7
            ],
            [
                4,
                9,
                6,
                2,
                3,
                1,
                5,
                8,
                0,
                7
            ],
            [
                4,
                0,
                1,
                3,
                7,
                5,
                9,
                2,
                6,
                8
            ],
            [
                4,
                9,
                8,
                3,
                6,
                1,
                0,
                7,
                5,
                2
            ],
            [
                9,
                4,
                6,
                7,
                0,
                2,
                3,
                1,
                5,
                8
            ]
        ]
    }
}