{
    "optimal_time": 91.0,
    "opt_compute_time:": 0.1516540190204978,
    "spt_time": 94,
    "spt_compute_time": 2.727464348077774,
    "lpt_time": 132,
    "lpt_compute_time": 3.374606801196933,
    "n_jobs": 10,
    "n_resources": 10,
    "n_ops_per_job": 10,
    "max_op_time": 11,
    "jssp_identification": "10x10_183_inst.json",
    "solution_optimality": "OPTIMAL",
    "jssp_instance": {
        "durations": [
            [
                4,
                9,
                8,
                5,
                6,
                5,
                10,
                1,
                5,
                4
            ],
            [
                6,
                7,
                7,
                8,
                7,
                6,
                6,
                4,
                2,
                5
            ],
            [
                1,
                6,
                5,
                1,
                1,
                10,
                11,
                3,
                9,
                11
            ],
            [
                3,
                11,
                11,
                6,
                3,
                3,
                7,
                5,
                2,
                9
            ],
            [
                10,
                7,
                7,
                8,
                11,
                2,
                11,
                2,
                3,
                4
            ],
            [
                7,
                10,
                5,
                9,
                10,
                7,
                1,
                5,
                8,
                1
            ],
            [
                5,
                5,
                8,
                1,
                8,
                1,
                9,
                6,
                8,
                10
            ],
            [
                1,
                11,
                8,
                8,
                8,
                7,
                11,
                4,
                7,
                3
            ],
            [
                8,
                3,
                10,
                10,
                4,
                11,
                5,
                5,
                8,
                7
            ],
            [
                1,
                10,
                3,
                6,
                1,
                3,
                10,
                9,
                11,
                9
            ]
        ],
        "machines": [
            [
                4,
                9,
                1,
                2,
                3,
                5,
                0,
                7,
                8,
                6
            ],
            [
                3,
                5,
                0,
                2,
                8,
                1,
                9,
                6,
                7,
                4
            ],
            [
                6,
                4,
                7,
                8,
                3,
                1,
                9,
                0,
                2,
                5
            ],
            [
                2,
                0,
                8,
                1,
                6,
                7,
                3,
                5,
                9,
                4
            ],
            [
                8,
                4,
                1,
                6,
                3,
                7,
                0,
                9,
                2,
                5
            ],
            [
                6,
                4,
                1,
                0,
                5,
                7,
                9,
                3,
                2,
                8
            ],
            [
                2,
                7,
                8,
                3,
                0,
                4,
                5,
                1,
                6,
                9
            ],
            [
                5,
                7,
                8,
                3,
                2,
                4,
                6,
                0,
                9,
                1
            ],
            [
                0,
                9,
                5,
                3,
                4,
                2,
                8,
                1,
                7,
                6
            ],
            [
                4,
                3,
                8,
                6,
                9,
                0,
                5,
                2,
                1,
                7
            ]
        ]
    }
}