{
    "optimal_time": 99.0,
    "opt_compute_time:": 0.137057825922966,
    "spt_time": 116,
    "spt_compute_time": 3.1815184699371457,
    "lpt_time": 128,
    "lpt_compute_time": 3.6726684672757983,
    "n_jobs": 10,
    "n_resources": 10,
    "n_ops_per_job": 10,
    "max_op_time": 11,
    "jssp_identification": "10x10_2384_inst.json",
    "solution_optimality": "OPTIMAL",
    "jssp_instance": {
        "durations": [
            [
                9,
                6,
                4,
                9,
                7,
                9,
                1,
                2,
                9,
                10
            ],
            [
                10,
                7,
                6,
                9,
                3,
                10,
                1,
                4,
                2,
                8
            ],
            [
                10,
                11,
                10,
                6,
                10,
                10,
                1,
                2,
                3,
                2
            ],
            [
                1,
                1,
                4,
                3,
                1,
                6,
                7,
                3,
                9,
                10
            ],
            [
                5,
                2,
                10,
                7,
                9,
                4,
                4,
                7,
                10,
                7
            ],
            [
                9,
                11,
                5,
                5,
                10,
                2,
                10,
                3,
                7,
                7
            ],
            [
                4,
                3,
                7,
                10,
                9,
                6,
                6,
                7,
                4,
                10
            ],
            [
                1,
                11,
                2,
                5,
                1,
                10,
                2,
                1,
                3,
                4
            ],
            [
                6,
                1,
                4,
                7,
                1,
                2,
                4,
                11,
                11,
                9
            ],
            [
                8,
                5,
                8,
                6,
                3,
                6,
                11,
                8,
                8,
                10
            ]
        ],
        "machines": [
            [
                2,
                8,
                9,
                4,
                0,
                5,
                7,
                6,
                1,
                3
            ],
            [
                2,
                8,
                0,
                1,
                6,
                4,
                9,
                5,
                7,
                3
            ],
            [
                4,
                6,
                5,
                3,
                1,
                2,
                7,
                0,
                8,
                9
            ],
            [
                7,
                1,
                6,
                3,
                0,
                2,
                8,
                4,
                5,
                9
            ],
            [
                4,
                8,
                9,
                3,
                5,
                2,
                1,
                0,
                6,
                7
            ],
            [
                6,
                5,
                8,
                7,
                9,
                3,
                4,
                1,
                2,
                0
            ],
            [
                7,
                0,
                2,
                9,
                8,
                4,
                6,
                1,
                5,
                3
            ],
            [
                2,
                4,
                1,
                3,
                7,
                9,
                6,
                0,
                8,
                5
            ],
            [
                5,
                0,
                3,
                9,
                6,
                8,
                7,
                2,
                1,
                4
            ],
            [
                0,
                9,
                7,
                1,
                2,
                5,
                8,
                6,
                4,
                3
            ]
        ]
    }
}