{
    "optimal_time": 96.0,
    "opt_compute_time:": 0.18317438382655382,
    "spt_time": 107,
    "spt_compute_time": 3.383349440060556,
    "lpt_time": 139,
    "lpt_compute_time": 3.9166384250856936,
    "n_jobs": 10,
    "n_resources": 10,
    "n_ops_per_job": 10,
    "max_op_time": 11,
    "jssp_identification": "10x10_785_inst.json",
    "solution_optimality": "OPTIMAL",
    "jssp_instance": {
        "durations": [
            [
                9,
                11,
                10,
                1,
                6,
                10,
                3,
                3,
                10,
                9
            ],
            [
                9,
                7,
                2,
                11,
                1,
                4,
                2,
                1,
                7,
                7
            ],
            [
                10,
                1,
                9,
                1,
                6,
                3,
                6,
                7,
                9,
                1
            ],
            [
                8,
                6,
                9,
                4,
                4,
                7,
                6,
                8,
                8,
                4
            ],
            [
                4,
                6,
                2,
                5,
                5,
                8,
                9,
                2,
                10,
                11
            ],
            [
                2,
                3,
                4,
                7,
                9,
                4,
                4,
                2,
                10,
                11
            ],
            [
                4,
                6,
                7,
                1,
                4,
                8,
                11,
                2,
                3,
                9
            ],
            [
                4,
                9,
                3,
                1,
                7,
                9,
                4,
                4,
                11,
                8
            ],
            [
                6,
                11,
                9,
                7,
                3,
                5,
                4,
                7,
                1,
                8
            ],
            [
                2,
                8,
                5,
                8,
                10,
                7,
                7,
                10,
                1,
                2
            ]
        ],
        "machines": [
            [
                7,
                0,
                6,
                4,
                9,
                3,
                1,
                8,
                2,
                5
            ],
            [
                3,
                6,
                8,
                1,
                2,
                5,
                9,
                0,
                4,
                7
            ],
            [
                8,
                2,
                9,
                6,
                1,
                3,
                5,
                0,
                7,
                4
            ],
            [
                3,
                2,
                1,
                4,
                6,
                0,
                9,
                8,
                5,
                7
            ],
            [
                6,
                9,
                7,
                2,
                3,
                1,
                5,
                4,
                8,
                0
            ],
            [
                3,
                1,
                9,
                7,
                2,
                4,
                6,
                8,
                0,
                5
            ],
            [
                4,
                9,
                5,
                0,
                2,
                6,
                7,
                3,
                1,
                8
            ],
            [
                6,
                1,
                0,
                2,
                5,
                8,
                7,
                9,
                4,
                3
            ],
            [
                5,
                1,
                9,
                7,
                4,
                2,
                0,
                6,
                3,
                8
            ],
            [
                0,
                6,
                7,
                9,
                4,
                8,
                1,
                5,
                2,
                3
            ]
        ]
    }
}