{
    "optimal_time": 109.0,
    "opt_compute_time:": 0.21229648077860475,
    "spt_time": 145,
    "spt_compute_time": 4.161830321885645,
    "lpt_time": 141,
    "lpt_compute_time": 3.9450949151068926,
    "n_jobs": 10,
    "n_resources": 10,
    "n_ops_per_job": 10,
    "max_op_time": 11,
    "jssp_identification": "10x10_3589_inst.json",
    "solution_optimality": "OPTIMAL",
    "jssp_instance": {
        "durations": [
            [
                9,
                2,
                10,
                10,
                6,
                8,
                6,
                11,
                7,
                11
            ],
            [
                2,
                10,
                3,
                8,
                11,
                1,
                1,
                6,
                8,
                7
            ],
            [
                1,
                4,
                6,
                6,
                6,
                11,
                8,
                6,
                6,
                7
            ],
            [
                1,
                10,
                5,
                3,
                7,
                2,
                6,
                2,
                3,
                8
            ],
            [
                6,
                7,
                1,
                9,
                4,
                3,
                11,
                7,
                5,
                8
            ],
            [
                7,
                6,
                7,
                6,
                8,
                8,
                4,
                9,
                4,
                3
            ],
            [
                2,
                9,
                4,
                8,
                1,
                10,
                11,
                3,
                7,
                7
            ],
            [
                11,
                4,
                1,
                10,
                3,
                11,
                7,
                3,
                10,
                7
            ],
            [
                3,
                10,
                8,
                3,
                1,
                2,
                10,
                10,
                11,
                9
            ],
            [
                6,
                3,
                7,
                5,
                7,
                8,
                10,
                6,
                9,
                3
            ]
        ],
        "machines": [
            [
                1,
                8,
                9,
                4,
                5,
                0,
                2,
                3,
                7,
                6
            ],
            [
                0,
                1,
                7,
                3,
                2,
                5,
                6,
                4,
                9,
                8
            ],
            [
                7,
                3,
                4,
                0,
                8,
                9,
                1,
                2,
                5,
                6
            ],
            [
                6,
                2,
                1,
                3,
                4,
                5,
                8,
                7,
                9,
                0
            ],
            [
                3,
                8,
                9,
                7,
                6,
                4,
                2,
                5,
                0,
                1
            ],
            [
                9,
                3,
                0,
                1,
                2,
                6,
                8,
                4,
                7,
                5
            ],
            [
                3,
                9,
                8,
                2,
                5,
                6,
                0,
                4,
                1,
                7
            ],
            [
                9,
                7,
                4,
                2,
                8,
                6,
                3,
                5,
                0,
                1
            ],
            [
                7,
                2,
                8,
                1,
                5,
                9,
                3,
                4,
                0,
                6
            ],
            [
                9,
                8,
                3,
                4,
                7,
                0,
                2,
                1,
                6,
                5
            ]
        ]
    }
}