{
    "optimal_time": 102.0,
    "opt_compute_time:": 0.13468776689842343,
    "spt_time": 125,
    "spt_compute_time": 3.1928518800996244,
    "lpt_time": 137,
    "lpt_compute_time": 4.515737687703222,
    "n_jobs": 10,
    "n_resources": 10,
    "n_ops_per_job": 10,
    "max_op_time": 11,
    "jssp_identification": "10x10_3026_inst.json",
    "solution_optimality": "OPTIMAL",
    "jssp_instance": {
        "durations": [
            [
                10,
                11,
                6,
                2,
                1,
                6,
                5,
                10,
                11,
                4
            ],
            [
                3,
                1,
                8,
                5,
                4,
                3,
                3,
                11,
                2,
                2
            ],
            [
                6,
                8,
                10,
                4,
                8,
                10,
                11,
                7,
                7,
                3
            ],
            [
                6,
                3,
                8,
                8,
                6,
                7,
                11,
                11,
                2,
                11
            ],
            [
                4,
                10,
                9,
                5,
                2,
                6,
                9,
                11,
                11,
                8
            ],
            [
                8,
                7,
                9,
                3,
                9,
                11,
                11,
                6,
                5,
                11
            ],
            [
                1,
                5,
                9,
                1,
                10,
                5,
                2,
                3,
                3,
                6
            ],
            [
                5,
                8,
                1,
                9,
                7,
                4,
                5,
                6,
                3,
                9
            ],
            [
                5,
                2,
                9,
                5,
                3,
                8,
                5,
                3,
                10,
                2
            ],
            [
                11,
                3,
                2,
                7,
                5,
                11,
                9,
                8,
                7,
                4
            ]
        ],
        "machines": [
            [
                2,
                0,
                1,
                4,
                6,
                5,
                9,
                3,
                8,
                7
            ],
            [
                1,
                8,
                7,
                6,
                4,
                2,
                9,
                3,
                5,
                0
            ],
            [
                4,
                5,
                3,
                8,
                2,
                1,
                6,
                7,
                9,
                0
            ],
            [
                6,
                9,
                2,
                3,
                8,
                1,
                4,
                0,
                5,
                7
            ],
            [
                8,
                0,
                2,
                9,
                3,
                6,
                1,
                4,
                5,
                7
            ],
            [
                1,
                7,
                8,
                2,
                9,
                6,
                4,
                3,
                5,
                0
            ],
            [
                3,
                4,
                7,
                0,
                9,
                6,
                2,
                1,
                5,
                8
            ],
            [
                3,
                8,
                5,
                9,
                1,
                7,
                6,
                4,
                0,
                2
            ],
            [
                6,
                9,
                7,
                3,
                1,
                8,
                0,
                5,
                4,
                2
            ],
            [
                2,
                8,
                4,
                0,
                6,
                7,
                5,
                1,
                3,
                9
            ]
        ]
    }
}