{
    "optimal_time": 98.0,
    "opt_compute_time:": 0.17199202813208103,
    "spt_time": 111,
    "spt_compute_time": 3.108763115014881,
    "lpt_time": 124,
    "lpt_compute_time": 3.6724808029830456,
    "n_jobs": 10,
    "n_resources": 10,
    "n_ops_per_job": 10,
    "max_op_time": 11,
    "jssp_identification": "10x10_691_inst.json",
    "solution_optimality": "OPTIMAL",
    "jssp_instance": {
        "durations": [
            [
                8,
                10,
                7,
                1,
                7,
                8,
                7,
                3,
                8,
                3
            ],
            [
                10,
                7,
                4,
                7,
                10,
                8,
                2,
                1,
                1,
                3
            ],
            [
                2,
                1,
                4,
                11,
                9,
                9,
                6,
                4,
                10,
                5
            ],
            [
                7,
                6,
                1,
                10,
                11,
                4,
                1,
                6,
                5,
                9
            ],
            [
                9,
                2,
                4,
                11,
                2,
                9,
                5,
                1,
                6,
                8
            ],
            [
                1,
                4,
                6,
                6,
                10,
                3,
                10,
                4,
                4,
                9
            ],
            [
                6,
                9,
                9,
                1,
                6,
                8,
                5,
                11,
                11,
                10
            ],
            [
                11,
                8,
                9,
                9,
                6,
                5,
                8,
                7,
                3,
                2
            ],
            [
                4,
                9,
                11,
                7,
                9,
                11,
                11,
                3,
                4,
                8
            ],
            [
                6,
                5,
                8,
                4,
                5,
                10,
                2,
                7,
                3,
                2
            ]
        ],
        "machines": [
            [
                9,
                2,
                0,
                3,
                4,
                5,
                7,
                1,
                6,
                8
            ],
            [
                4,
                1,
                9,
                8,
                7,
                0,
                3,
                6,
                2,
                5
            ],
            [
                4,
                9,
                5,
                0,
                2,
                1,
                8,
                3,
                6,
                7
            ],
            [
                8,
                7,
                5,
                2,
                1,
                0,
                6,
                4,
                3,
                9
            ],
            [
                2,
                1,
                7,
                4,
                0,
                3,
                6,
                9,
                8,
                5
            ],
            [
                3,
                4,
                9,
                2,
                8,
                1,
                6,
                7,
                0,
                5
            ],
            [
                3,
                7,
                8,
                0,
                6,
                4,
                1,
                9,
                2,
                5
            ],
            [
                3,
                4,
                2,
                6,
                0,
                9,
                1,
                7,
                8,
                5
            ],
            [
                5,
                7,
                6,
                2,
                9,
                4,
                3,
                0,
                8,
                1
            ],
            [
                0,
                1,
                8,
                9,
                7,
                2,
                5,
                3,
                4,
                6
            ]
        ]
    }
}