{
    "optimal_time": 95.0,
    "opt_compute_time:": 0.11765276081860065,
    "spt_time": 113,
    "spt_compute_time": 3.1004672930575907,
    "lpt_time": 112,
    "lpt_compute_time": 3.5783155038952827,
    "n_jobs": 10,
    "n_resources": 10,
    "n_ops_per_job": 10,
    "max_op_time": 11,
    "jssp_identification": "10x10_2518_inst.json",
    "solution_optimality": "OPTIMAL",
    "jssp_instance": {
        "durations": [
            [
                7,
                11,
                11,
                11,
                8,
                11,
                5,
                4,
                6,
                11
            ],
            [
                1,
                6,
                6,
                7,
                8,
                11,
                6,
                1,
                6,
                2
            ],
            [
                9,
                3,
                5,
                4,
                8,
                2,
                2,
                9,
                10,
                9
            ],
            [
                8,
                9,
                9,
                10,
                10,
                5,
                7,
                1,
                5,
                9
            ],
            [
                4,
                11,
                8,
                10,
                2,
                7,
                8,
                4,
                1,
                5
            ],
            [
                3,
                7,
                5,
                1,
                10,
                3,
                4,
                2,
                5,
                11
            ],
            [
                5,
                5,
                1,
                11,
                10,
                6,
                8,
                9,
                4,
                7
            ],
            [
                11,
                7,
                3,
                8,
                2,
                7,
                11,
                4,
                2,
                6
            ],
            [
                6,
                5,
                11,
                4,
                1,
                5,
                10,
                9,
                8,
                11
            ],
            [
                11,
                6,
                3,
                11,
                6,
                4,
                2,
                3,
                2,
                10
            ]
        ],
        "machines": [
            [
                8,
                0,
                2,
                3,
                9,
                5,
                7,
                1,
                4,
                6
            ],
            [
                3,
                1,
                9,
                5,
                8,
                7,
                4,
                6,
                0,
                2
            ],
            [
                0,
                6,
                4,
                1,
                5,
                8,
                3,
                9,
                2,
                7
            ],
            [
                2,
                6,
                4,
                8,
                7,
                0,
                3,
                9,
                1,
                5
            ],
            [
                7,
                1,
                6,
                5,
                8,
                4,
                0,
                2,
                3,
                9
            ],
            [
                8,
                0,
                3,
                2,
                4,
                5,
                6,
                7,
                1,
                9
            ],
            [
                9,
                7,
                4,
                5,
                1,
                8,
                6,
                2,
                3,
                0
            ],
            [
                7,
                5,
                6,
                0,
                2,
                4,
                8,
                3,
                9,
                1
            ],
            [
                9,
                2,
                8,
                7,
                5,
                1,
                0,
                6,
                3,
                4
            ],
            [
                3,
                8,
                7,
                1,
                4,
                2,
                5,
                0,
                6,
                9
            ]
        ]
    }
}