{
    "optimal_time": 88.0,
    "opt_compute_time:": 0.19329749885946512,
    "spt_time": 124,
    "spt_compute_time": 3.104825956746936,
    "lpt_time": 112,
    "lpt_compute_time": 3.4627160988748074,
    "n_jobs": 10,
    "n_resources": 10,
    "n_ops_per_job": 10,
    "max_op_time": 11,
    "jssp_identification": "10x10_3025_inst.json",
    "solution_optimality": "OPTIMAL",
    "jssp_instance": {
        "durations": [
            [
                4,
                2,
                2,
                2,
                4,
                7,
                3,
                8,
                7,
                5
            ],
            [
                4,
                2,
                2,
                5,
                4,
                3,
                2,
                2,
                1,
                7
            ],
            [
                6,
                5,
                7,
                5,
                6,
                8,
                2,
                2,
                8,
                3
            ],
            [
                8,
                5,
                5,
                5,
                3,
                10,
                4,
                3,
                2,
                6
            ],
            [
                11,
                11,
                5,
                8,
                5,
                5,
                1,
                9,
                3,
                2
            ],
            [
                4,
                4,
                7,
                8,
                3,
                9,
                1,
                4,
                3,
                7
            ],
            [
                5,
                6,
                3,
                5,
                10,
                1,
                5,
                9,
                7,
                8
            ],
            [
                4,
                9,
                11,
                2,
                11,
                9,
                3,
                11,
                8,
                5
            ],
            [
                1,
                3,
                4,
                5,
                4,
                10,
                11,
                2,
                10,
                11
            ],
            [
                10,
                4,
                6,
                5,
                8,
                4,
                10,
                3,
                9,
                3
            ]
        ],
        "machines": [
            [
                5,
                3,
                9,
                2,
                0,
                8,
                1,
                6,
                4,
                7
            ],
            [
                6,
                9,
                1,
                3,
                7,
                8,
                4,
                0,
                5,
                2
            ],
            [
                7,
                2,
                1,
                0,
                5,
                6,
                9,
                3,
                4,
                8
            ],
            [
                2,
                9,
                0,
                4,
                7,
                6,
                1,
                5,
                8,
                3
            ],
            [
                4,
                0,
                2,
                7,
                1,
                8,
                5,
                9,
                6,
                3
            ],
            [
                6,
                3,
                0,
                4,
                7,
                5,
                8,
                2,
                9,
                1
            ],
            [
                8,
                9,
                3,
                7,
                6,
                0,
                1,
                4,
                2,
                5
            ],
            [
                6,
                5,
                4,
                7,
                8,
                3,
                9,
                1,
                2,
                0
            ],
            [
                2,
                9,
                5,
                6,
                7,
                1,
                4,
                8,
                0,
                3
            ],
            [
                8,
                2,
                4,
                5,
                0,
                7,
                1,
                9,
                6,
                3
            ]
        ]
    }
}