{
    "optimal_time": 109.0,
    "opt_compute_time:": 0.3981315749697387,
    "spt_time": 144,
    "spt_compute_time": 4.061084832064807,
    "lpt_time": 145,
    "lpt_compute_time": 4.248335212934762,
    "n_jobs": 10,
    "n_resources": 10,
    "n_ops_per_job": 10,
    "max_op_time": 11,
    "jssp_identification": "10x10_35_inst.json",
    "solution_optimality": "OPTIMAL",
    "jssp_instance": {
        "durations": [
            [
                10,
                8,
                3,
                4,
                7,
                1,
                6,
                1,
                1,
                3
            ],
            [
                8,
                11,
                10,
                3,
                7,
                8,
                4,
                6,
                4,
                9
            ],
            [
                4,
                10,
                3,
                7,
                11,
                2,
                7,
                11,
                9,
                4
            ],
            [
                11,
                10,
                9,
                2,
                9,
                6,
                7,
                7,
                6,
                6
            ],
            [
                1,
                6,
                6,
                4,
                8,
                6,
                6,
                3,
                3,
                1
            ],
            [
                9,
                5,
                6,
                1,
                9,
                6,
                1,
                11,
                4,
                8
            ],
            [
                10,
                4,
                6,
                8,
                8,
                11,
                4,
                8,
                9,
                10
            ],
            [
                3,
                7,
                6,
                9,
                8,
                8,
                9,
                6,
                5,
                11
            ],
            [
                7,
                2,
                9,
                8,
                9,
                3,
                2,
                5,
                7,
                5
            ],
            [
                3,
                5,
                8,
                10,
                5,
                5,
                2,
                2,
                10,
                5
            ]
        ],
        "machines": [
            [
                0,
                8,
                4,
                2,
                6,
                1,
                9,
                7,
                5,
                3
            ],
            [
                7,
                0,
                8,
                5,
                4,
                1,
                9,
                6,
                3,
                2
            ],
            [
                2,
                8,
                4,
                9,
                1,
                7,
                0,
                3,
                5,
                6
            ],
            [
                8,
                5,
                3,
                7,
                0,
                1,
                2,
                4,
                9,
                6
            ],
            [
                8,
                5,
                4,
                1,
                0,
                7,
                6,
                9,
                3,
                2
            ],
            [
                4,
                5,
                9,
                1,
                7,
                6,
                3,
                2,
                0,
                8
            ],
            [
                5,
                6,
                9,
                8,
                3,
                4,
                2,
                7,
                1,
                0
            ],
            [
                9,
                2,
                8,
                7,
                4,
                1,
                6,
                3,
                5,
                0
            ],
            [
                8,
                5,
                9,
                7,
                4,
                3,
                0,
                1,
                6,
                2
            ],
            [
                5,
                3,
                8,
                1,
                7,
                9,
                2,
                4,
                6,
                0
            ]
        ]
    }
}