{
    "optimal_time": 110.0,
    "opt_compute_time:": 0.1543994564563036,
    "spt_time": 138,
    "spt_compute_time": 3.911463395226747,
    "lpt_time": 138,
    "lpt_compute_time": 4.090280318167061,
    "n_jobs": 10,
    "n_resources": 10,
    "n_ops_per_job": 10,
    "max_op_time": 11,
    "jssp_identification": "10x10_911_inst.json",
    "solution_optimality": "OPTIMAL",
    "jssp_instance": {
        "durations": [
            [
                1,
                10,
                3,
                10,
                11,
                2,
                6,
                3,
                3,
                5
            ],
            [
                3,
                10,
                11,
                11,
                5,
                7,
                2,
                11,
                6,
                6
            ],
            [
                10,
                9,
                1,
                11,
                8,
                5,
                3,
                6,
                5,
                3
            ],
            [
                6,
                5,
                10,
                5,
                10,
                10,
                9,
                11,
                10,
                10
            ],
            [
                10,
                7,
                7,
                7,
                2,
                7,
                9,
                5,
                5,
                5
            ],
            [
                6,
                3,
                11,
                4,
                3,
                11,
                6,
                4,
                9,
                8
            ],
            [
                10,
                11,
                1,
                8,
                7,
                11,
                9,
                3,
                9,
                7
            ],
            [
                11,
                5,
                1,
                10,
                6,
                6,
                11,
                5,
                6,
                8
            ],
            [
                8,
                2,
                7,
                1,
                7,
                8,
                11,
                1,
                1,
                11
            ],
            [
                2,
                1,
                1,
                10,
                6,
                1,
                11,
                11,
                3,
                4
            ]
        ],
        "machines": [
            [
                6,
                9,
                8,
                0,
                4,
                5,
                1,
                3,
                2,
                7
            ],
            [
                3,
                9,
                0,
                4,
                5,
                6,
                1,
                2,
                8,
                7
            ],
            [
                4,
                3,
                1,
                9,
                0,
                8,
                2,
                6,
                7,
                5
            ],
            [
                0,
                8,
                3,
                4,
                9,
                6,
                2,
                5,
                1,
                7
            ],
            [
                6,
                8,
                0,
                2,
                3,
                7,
                9,
                5,
                1,
                4
            ],
            [
                7,
                4,
                0,
                1,
                6,
                9,
                2,
                5,
                8,
                3
            ],
            [
                6,
                9,
                8,
                1,
                7,
                0,
                2,
                5,
                3,
                4
            ],
            [
                1,
                2,
                3,
                9,
                7,
                0,
                6,
                4,
                5,
                8
            ],
            [
                3,
                7,
                1,
                4,
                2,
                5,
                0,
                9,
                8,
                6
            ],
            [
                8,
                1,
                3,
                7,
                6,
                4,
                0,
                5,
                9,
                2
            ]
        ]
    }
}