{
    "optimal_time": 99.0,
    "opt_compute_time:": 0.26486518513411283,
    "spt_time": 129,
    "spt_compute_time": 3.7052798364311457,
    "lpt_time": 151,
    "lpt_compute_time": 4.858431068249047,
    "n_jobs": 10,
    "n_resources": 10,
    "n_ops_per_job": 10,
    "max_op_time": 11,
    "jssp_identification": "10x10_1469_inst.json",
    "solution_optimality": "OPTIMAL",
    "jssp_instance": {
        "durations": [
            [
                4,
                2,
                10,
                6,
                7,
                11,
                6,
                3,
                6,
                7
            ],
            [
                6,
                7,
                2,
                3,
                11,
                3,
                10,
                3,
                6,
                6
            ],
            [
                6,
                9,
                2,
                5,
                1,
                9,
                1,
                4,
                6,
                4
            ],
            [
                7,
                11,
                4,
                7,
                1,
                1,
                7,
                6,
                2,
                7
            ],
            [
                5,
                1,
                5,
                6,
                11,
                9,
                10,
                10,
                6,
                7
            ],
            [
                4,
                10,
                2,
                9,
                1,
                6,
                4,
                1,
                9,
                4
            ],
            [
                8,
                1,
                5,
                11,
                9,
                5,
                2,
                9,
                9,
                11
            ],
            [
                1,
                9,
                2,
                7,
                6,
                2,
                6,
                8,
                4,
                4
            ],
            [
                1,
                4,
                11,
                1,
                6,
                2,
                8,
                3,
                4,
                11
            ],
            [
                6,
                2,
                11,
                7,
                6,
                2,
                7,
                10,
                11,
                9
            ]
        ],
        "machines": [
            [
                3,
                0,
                8,
                5,
                2,
                9,
                1,
                7,
                4,
                6
            ],
            [
                2,
                8,
                3,
                7,
                4,
                9,
                0,
                1,
                6,
                5
            ],
            [
                7,
                4,
                3,
                9,
                0,
                2,
                1,
                6,
                8,
                5
            ],
            [
                4,
                8,
                1,
                6,
                2,
                5,
                7,
                0,
                9,
                3
            ],
            [
                9,
                5,
                3,
                6,
                8,
                4,
                2,
                0,
                1,
                7
            ],
            [
                3,
                7,
                5,
                8,
                4,
                2,
                6,
                0,
                9,
                1
            ],
            [
                8,
                4,
                7,
                1,
                2,
                5,
                3,
                9,
                0,
                6
            ],
            [
                8,
                9,
                7,
                1,
                5,
                6,
                4,
                0,
                2,
                3
            ],
            [
                8,
                9,
                6,
                7,
                3,
                4,
                2,
                5,
                0,
                1
            ],
            [
                6,
                3,
                1,
                5,
                8,
                0,
                2,
                4,
                7,
                9
            ]
        ]
    }
}