{
    "optimal_time": 89.0,
    "opt_compute_time:": 0.0748719098046422,
    "spt_time": 99,
    "spt_compute_time": 3.0613083941861987,
    "lpt_time": 115,
    "lpt_compute_time": 3.076621034182608,
    "n_jobs": 10,
    "n_resources": 10,
    "n_ops_per_job": 10,
    "max_op_time": 11,
    "jssp_identification": "10x10_3241_inst.json",
    "solution_optimality": "OPTIMAL",
    "jssp_instance": {
        "durations": [
            [
                11,
                2,
                10,
                4,
                2,
                5,
                10,
                8,
                3,
                11
            ],
            [
                10,
                6,
                5,
                6,
                9,
                2,
                7,
                6,
                6,
                3
            ],
            [
                5,
                3,
                3,
                7,
                10,
                6,
                9,
                3,
                5,
                8
            ],
            [
                7,
                10,
                11,
                2,
                2,
                8,
                11,
                6,
                5,
                6
            ],
            [
                1,
                7,
                4,
                3,
                7,
                4,
                7,
                4,
                6,
                3
            ],
            [
                11,
                7,
                5,
                6,
                1,
                4,
                7,
                3,
                4,
                2
            ],
            [
                8,
                5,
                1,
                1,
                5,
                4,
                10,
                2,
                1,
                5
            ],
            [
                8,
                3,
                4,
                1,
                11,
                6,
                9,
                6,
                6,
                6
            ],
            [
                2,
                5,
                2,
                2,
                7,
                8,
                4,
                2,
                11,
                1
            ],
            [
                1,
                2,
                6,
                1,
                3,
                1,
                4,
                2,
                5,
                11
            ]
        ],
        "machines": [
            [
                0,
                7,
                1,
                2,
                8,
                3,
                6,
                4,
                9,
                5
            ],
            [
                3,
                7,
                4,
                6,
                8,
                2,
                0,
                1,
                9,
                5
            ],
            [
                9,
                5,
                0,
                3,
                4,
                6,
                2,
                1,
                7,
                8
            ],
            [
                4,
                8,
                2,
                7,
                3,
                6,
                9,
                1,
                0,
                5
            ],
            [
                2,
                6,
                1,
                0,
                8,
                4,
                5,
                7,
                9,
                3
            ],
            [
                6,
                4,
                3,
                0,
                9,
                2,
                5,
                8,
                1,
                7
            ],
            [
                8,
                5,
                0,
                2,
                7,
                6,
                4,
                3,
                9,
                1
            ],
            [
                5,
                9,
                0,
                4,
                6,
                1,
                2,
                3,
                8,
                7
            ],
            [
                2,
                9,
                6,
                1,
                3,
                8,
                5,
                0,
                7,
                4
            ],
            [
                8,
                9,
                4,
                0,
                6,
                2,
                7,
                1,
                5,
                3
            ]
        ]
    }
}