{
    "optimal_time": 85.0,
    "opt_compute_time:": 0.11932313023135066,
    "spt_time": 104,
    "spt_compute_time": 3.409786380827427,
    "lpt_time": 103,
    "lpt_compute_time": 3.2010425310581923,
    "n_jobs": 10,
    "n_resources": 10,
    "n_ops_per_job": 10,
    "max_op_time": 11,
    "jssp_identification": "10x10_3383_inst.json",
    "solution_optimality": "OPTIMAL",
    "jssp_instance": {
        "durations": [
            [
                1,
                6,
                5,
                2,
                5,
                5,
                7,
                1,
                1,
                10
            ],
            [
                1,
                7,
                11,
                5,
                11,
                10,
                1,
                4,
                3,
                6
            ],
            [
                5,
                10,
                10,
                10,
                3,
                6,
                5,
                4,
                11,
                6
            ],
            [
                3,
                11,
                4,
                7,
                6,
                4,
                2,
                5,
                3,
                9
            ],
            [
                1,
                2,
                10,
                3,
                3,
                2,
                10,
                5,
                8,
                2
            ],
            [
                4,
                1,
                4,
                7,
                11,
                6,
                5,
                8,
                9,
                2
            ],
            [
                9,
                6,
                4,
                11,
                1,
                11,
                3,
                10,
                7,
                9
            ],
            [
                7,
                3,
                9,
                1,
                10,
                4,
                9,
                8,
                3,
                2
            ],
            [
                7,
                3,
                7,
                4,
                4,
                4,
                1,
                4,
                3,
                2
            ],
            [
                4,
                4,
                2,
                3,
                1,
                11,
                2,
                11,
                8,
                3
            ]
        ],
        "machines": [
            [
                6,
                2,
                8,
                0,
                1,
                3,
                9,
                5,
                7,
                4
            ],
            [
                8,
                1,
                7,
                0,
                3,
                5,
                9,
                4,
                6,
                2
            ],
            [
                1,
                7,
                4,
                2,
                9,
                8,
                6,
                5,
                0,
                3
            ],
            [
                3,
                2,
                7,
                9,
                6,
                8,
                5,
                4,
                0,
                1
            ],
            [
                1,
                4,
                7,
                0,
                8,
                3,
                5,
                2,
                6,
                9
            ],
            [
                6,
                1,
                8,
                4,
                9,
                2,
                0,
                7,
                3,
                5
            ],
            [
                9,
                5,
                0,
                3,
                2,
                4,
                6,
                1,
                8,
                7
            ],
            [
                8,
                9,
                4,
                3,
                0,
                7,
                1,
                2,
                6,
                5
            ],
            [
                1,
                3,
                0,
                7,
                4,
                6,
                5,
                9,
                8,
                2
            ],
            [
                7,
                6,
                3,
                2,
                9,
                0,
                8,
                5,
                1,
                4
            ]
        ]
    }
}