{
    "optimal_time": 100.0,
    "opt_compute_time:": 0.2385443840175867,
    "spt_time": 111,
    "spt_compute_time": 3.4045310420915484,
    "lpt_time": 118,
    "lpt_compute_time": 3.4883010489866138,
    "n_jobs": 10,
    "n_resources": 10,
    "n_ops_per_job": 10,
    "max_op_time": 11,
    "jssp_identification": "10x10_1243_inst.json",
    "solution_optimality": "OPTIMAL",
    "jssp_instance": {
        "durations": [
            [
                8,
                1,
                1,
                10,
                9,
                3,
                9,
                11,
                9,
                1
            ],
            [
                5,
                4,
                7,
                8,
                4,
                8,
                6,
                3,
                5,
                5
            ],
            [
                4,
                6,
                2,
                5,
                10,
                10,
                5,
                11,
                10,
                2
            ],
            [
                10,
                7,
                10,
                9,
                1,
                11,
                10,
                5,
                1,
                11
            ],
            [
                6,
                1,
                10,
                2,
                9,
                4,
                11,
                8,
                4,
                10
            ],
            [
                3,
                7,
                6,
                9,
                8,
                4,
                6,
                7,
                5,
                5
            ],
            [
                2,
                9,
                4,
                1,
                6,
                6,
                3,
                1,
                11,
                10
            ],
            [
                7,
                1,
                2,
                11,
                4,
                10,
                2,
                7,
                11,
                1
            ],
            [
                10,
                8,
                10,
                3,
                10,
                9,
                3,
                4,
                1,
                7
            ],
            [
                9,
                4,
                2,
                3,
                5,
                2,
                2,
                11,
                3,
                7
            ]
        ],
        "machines": [
            [
                4,
                3,
                7,
                1,
                6,
                9,
                2,
                5,
                0,
                8
            ],
            [
                1,
                0,
                4,
                3,
                8,
                5,
                2,
                7,
                6,
                9
            ],
            [
                2,
                6,
                8,
                7,
                9,
                5,
                0,
                3,
                1,
                4
            ],
            [
                8,
                9,
                5,
                0,
                6,
                2,
                1,
                7,
                3,
                4
            ],
            [
                2,
                5,
                0,
                3,
                8,
                7,
                4,
                6,
                9,
                1
            ],
            [
                0,
                1,
                7,
                4,
                5,
                3,
                8,
                9,
                2,
                6
            ],
            [
                6,
                3,
                9,
                1,
                4,
                2,
                0,
                7,
                8,
                5
            ],
            [
                7,
                3,
                1,
                4,
                2,
                5,
                0,
                6,
                9,
                8
            ],
            [
                7,
                5,
                4,
                3,
                0,
                2,
                8,
                9,
                1,
                6
            ],
            [
                3,
                0,
                5,
                9,
                4,
                7,
                1,
                2,
                8,
                6
            ]
        ]
    }
}