{
    "optimal_time": 94.0,
    "opt_compute_time:": 0.13348741037771106,
    "spt_time": 108,
    "spt_compute_time": 3.4561754427850246,
    "lpt_time": 112,
    "lpt_compute_time": 3.3662831196561456,
    "n_jobs": 10,
    "n_resources": 10,
    "n_ops_per_job": 10,
    "max_op_time": 11,
    "jssp_identification": "10x10_2287_inst.json",
    "solution_optimality": "OPTIMAL",
    "jssp_instance": {
        "durations": [
            [
                9,
                11,
                6,
                9,
                6,
                4,
                2,
                2,
                1,
                9
            ],
            [
                5,
                3,
                7,
                3,
                5,
                10,
                9,
                3,
                11,
                7
            ],
            [
                7,
                6,
                8,
                2,
                8,
                6,
                8,
                5,
                6,
                2
            ],
            [
                6,
                7,
                1,
                4,
                9,
                8,
                9,
                9,
                3,
                4
            ],
            [
                11,
                9,
                5,
                10,
                5,
                8,
                9,
                6,
                10,
                6
            ],
            [
                6,
                4,
                11,
                4,
                5,
                3,
                4,
                5,
                9,
                1
            ],
            [
                6,
                6,
                4,
                11,
                11,
                3,
                3,
                4,
                9,
                4
            ],
            [
                7,
                5,
                11,
                8,
                10,
                11,
                8,
                10,
                1,
                2
            ],
            [
                7,
                1,
                8,
                10,
                7,
                4,
                6,
                8,
                1,
                6
            ],
            [
                11,
                4,
                10,
                1,
                1,
                4,
                2,
                7,
                6,
                3
            ]
        ],
        "machines": [
            [
                3,
                1,
                0,
                8,
                4,
                2,
                6,
                5,
                9,
                7
            ],
            [
                1,
                3,
                7,
                9,
                8,
                2,
                4,
                5,
                6,
                0
            ],
            [
                3,
                0,
                5,
                4,
                7,
                6,
                2,
                8,
                9,
                1
            ],
            [
                3,
                1,
                0,
                8,
                5,
                4,
                2,
                7,
                9,
                6
            ],
            [
                5,
                9,
                2,
                1,
                8,
                3,
                4,
                7,
                0,
                6
            ],
            [
                3,
                5,
                9,
                8,
                1,
                0,
                6,
                2,
                4,
                7
            ],
            [
                0,
                7,
                2,
                9,
                3,
                5,
                8,
                6,
                1,
                4
            ],
            [
                9,
                2,
                5,
                4,
                0,
                6,
                8,
                7,
                3,
                1
            ],
            [
                0,
                1,
                8,
                2,
                4,
                7,
                3,
                5,
                6,
                9
            ],
            [
                7,
                4,
                6,
                9,
                5,
                3,
                2,
                8,
                0,
                1
            ]
        ]
    }
}