{
    "optimal_time": 97.0,
    "opt_compute_time:": 0.09206446073949337,
    "spt_time": 120,
    "spt_compute_time": 3.3250150699168444,
    "lpt_time": 149,
    "lpt_compute_time": 4.191687658894807,
    "n_jobs": 10,
    "n_resources": 10,
    "n_ops_per_job": 10,
    "max_op_time": 11,
    "jssp_identification": "10x10_854_inst.json",
    "solution_optimality": "OPTIMAL",
    "jssp_instance": {
        "durations": [
            [
                4,
                1,
                7,
                6,
                11,
                11,
                5,
                3,
                8,
                7
            ],
            [
                11,
                8,
                9,
                6,
                9,
                3,
                3,
                5,
                7,
                9
            ],
            [
                10,
                7,
                10,
                8,
                5,
                9,
                7,
                8,
                4,
                7
            ],
            [
                10,
                4,
                8,
                11,
                8,
                8,
                11,
                3,
                4,
                2
            ],
            [
                6,
                5,
                6,
                8,
                7,
                11,
                2,
                5,
                1,
                7
            ],
            [
                8,
                4,
                4,
                5,
                8,
                7,
                5,
                3,
                5,
                1
            ],
            [
                5,
                5,
                2,
                9,
                4,
                4,
                4,
                11,
                3,
                3
            ],
            [
                5,
                11,
                5,
                5,
                2,
                11,
                11,
                7,
                2,
                10
            ],
            [
                8,
                7,
                7,
                1,
                6,
                3,
                11,
                3,
                8,
                9
            ],
            [
                4,
                2,
                5,
                5,
                2,
                5,
                6,
                10,
                3,
                9
            ]
        ],
        "machines": [
            [
                9,
                7,
                8,
                5,
                3,
                6,
                4,
                1,
                0,
                2
            ],
            [
                8,
                9,
                0,
                2,
                1,
                7,
                6,
                5,
                4,
                3
            ],
            [
                5,
                6,
                0,
                2,
                7,
                8,
                3,
                1,
                9,
                4
            ],
            [
                2,
                4,
                5,
                3,
                8,
                9,
                7,
                6,
                0,
                1
            ],
            [
                4,
                5,
                1,
                2,
                9,
                3,
                7,
                8,
                6,
                0
            ],
            [
                4,
                5,
                2,
                7,
                9,
                6,
                3,
                8,
                1,
                0
            ],
            [
                1,
                4,
                5,
                0,
                2,
                7,
                6,
                9,
                3,
                8
            ],
            [
                0,
                6,
                3,
                7,
                9,
                5,
                2,
                8,
                4,
                1
            ],
            [
                0,
                8,
                7,
                9,
                4,
                6,
                3,
                5,
                1,
                2
            ],
            [
                5,
                8,
                9,
                6,
                2,
                4,
                3,
                1,
                7,
                0
            ]
        ]
    }
}