{
    "optimal_time": 92.0,
    "opt_compute_time:": 0.20476304413750768,
    "spt_time": 107,
    "spt_compute_time": 3.4461094331927598,
    "lpt_time": 150,
    "lpt_compute_time": 4.345042299944907,
    "n_jobs": 10,
    "n_resources": 10,
    "n_ops_per_job": 10,
    "max_op_time": 11,
    "jssp_identification": "10x10_927_inst.json",
    "solution_optimality": "OPTIMAL",
    "jssp_instance": {
        "durations": [
            [
                11,
                2,
                10,
                9,
                2,
                7,
                6,
                4,
                9,
                6
            ],
            [
                11,
                4,
                2,
                11,
                8,
                2,
                7,
                5,
                7,
                5
            ],
            [
                6,
                4,
                4,
                5,
                11,
                10,
                2,
                8,
                4,
                4
            ],
            [
                9,
                2,
                9,
                6,
                8,
                1,
                9,
                3,
                11,
                3
            ],
            [
                2,
                6,
                11,
                7,
                1,
                9,
                11,
                3,
                8,
                5
            ],
            [
                1,
                2,
                7,
                7,
                11,
                8,
                10,
                8,
                3,
                11
            ],
            [
                8,
                1,
                2,
                10,
                5,
                10,
                8,
                3,
                9,
                7
            ],
            [
                2,
                3,
                1,
                9,
                11,
                5,
                9,
                4,
                8,
                1
            ],
            [
                3,
                3,
                8,
                9,
                7,
                10,
                2,
                3,
                9,
                9
            ],
            [
                5,
                4,
                3,
                6,
                10,
                3,
                1,
                4,
                10,
                3
            ]
        ],
        "machines": [
            [
                3,
                5,
                0,
                1,
                2,
                7,
                8,
                6,
                4,
                9
            ],
            [
                4,
                7,
                0,
                2,
                5,
                8,
                6,
                3,
                9,
                1
            ],
            [
                9,
                7,
                4,
                0,
                6,
                2,
                1,
                8,
                5,
                3
            ],
            [
                2,
                9,
                5,
                8,
                7,
                3,
                4,
                1,
                6,
                0
            ],
            [
                2,
                8,
                3,
                9,
                6,
                5,
                4,
                1,
                0,
                7
            ],
            [
                4,
                9,
                5,
                8,
                2,
                3,
                1,
                7,
                6,
                0
            ],
            [
                0,
                3,
                9,
                5,
                2,
                7,
                6,
                4,
                8,
                1
            ],
            [
                0,
                5,
                1,
                9,
                3,
                8,
                6,
                4,
                7,
                2
            ],
            [
                8,
                0,
                3,
                6,
                1,
                5,
                9,
                4,
                2,
                7
            ],
            [
                2,
                5,
                8,
                7,
                1,
                4,
                9,
                6,
                0,
                3
            ]
        ]
    }
}