{
    "optimal_time": 84.0,
    "opt_compute_time:": 0.1674078358337283,
    "spt_time": 95,
    "spt_compute_time": 3.313499834854156,
    "lpt_time": 114,
    "lpt_compute_time": 3.4785757628269494,
    "n_jobs": 10,
    "n_resources": 10,
    "n_ops_per_job": 10,
    "max_op_time": 11,
    "jssp_identification": "10x10_1074_inst.json",
    "solution_optimality": "OPTIMAL",
    "jssp_instance": {
        "durations": [
            [
                8,
                7,
                2,
                3,
                4,
                2,
                10,
                2,
                5,
                5
            ],
            [
                1,
                3,
                10,
                11,
                1,
                3,
                7,
                5,
                9,
                3
            ],
            [
                11,
                11,
                5,
                1,
                2,
                4,
                4,
                10,
                10,
                4
            ],
            [
                2,
                3,
                3,
                4,
                6,
                2,
                7,
                7,
                7,
                10
            ],
            [
                9,
                1,
                7,
                5,
                3,
                11,
                6,
                6,
                5,
                1
            ],
            [
                7,
                6,
                9,
                6,
                2,
                5,
                5,
                3,
                7,
                10
            ],
            [
                10,
                2,
                2,
                10,
                2,
                8,
                10,
                10,
                5,
                4
            ],
            [
                3,
                7,
                6,
                9,
                10,
                4,
                9,
                9,
                5,
                2
            ],
            [
                3,
                7,
                3,
                7,
                3,
                4,
                1,
                3,
                5,
                3
            ],
            [
                2,
                6,
                7,
                7,
                8,
                4,
                4,
                5,
                3,
                8
            ]
        ],
        "machines": [
            [
                0,
                9,
                8,
                2,
                6,
                4,
                1,
                7,
                5,
                3
            ],
            [
                0,
                3,
                7,
                8,
                4,
                6,
                2,
                9,
                1,
                5
            ],
            [
                1,
                4,
                6,
                5,
                8,
                3,
                7,
                9,
                2,
                0
            ],
            [
                6,
                3,
                8,
                2,
                7,
                4,
                1,
                9,
                5,
                0
            ],
            [
                9,
                0,
                3,
                8,
                7,
                6,
                4,
                2,
                5,
                1
            ],
            [
                4,
                3,
                0,
                9,
                7,
                8,
                5,
                2,
                1,
                6
            ],
            [
                2,
                1,
                3,
                7,
                8,
                9,
                6,
                0,
                4,
                5
            ],
            [
                3,
                9,
                1,
                6,
                4,
                0,
                7,
                5,
                2,
                8
            ],
            [
                6,
                2,
                5,
                8,
                0,
                9,
                3,
                4,
                7,
                1
            ],
            [
                5,
                1,
                7,
                0,
                3,
                2,
                9,
                6,
                4,
                8
            ]
        ]
    }
}