{
    "optimal_time": 109.0,
    "opt_compute_time:": 0.1451250370591879,
    "spt_time": 124,
    "spt_compute_time": 3.303508949931711,
    "lpt_time": 137,
    "lpt_compute_time": 4.323287485167384,
    "n_jobs": 10,
    "n_resources": 10,
    "n_ops_per_job": 10,
    "max_op_time": 11,
    "jssp_identification": "10x10_1406_inst.json",
    "solution_optimality": "OPTIMAL",
    "jssp_instance": {
        "durations": [
            [
                4,
                2,
                7,
                7,
                9,
                6,
                7,
                6,
                1,
                4
            ],
            [
                10,
                11,
                7,
                6,
                9,
                3,
                6,
                11,
                8,
                8
            ],
            [
                4,
                7,
                7,
                3,
                8,
                10,
                4,
                5,
                4,
                1
            ],
            [
                8,
                9,
                9,
                1,
                11,
                11,
                8,
                10,
                9,
                8
            ],
            [
                10,
                8,
                10,
                5,
                4,
                1,
                9,
                3,
                2,
                4
            ],
            [
                3,
                7,
                2,
                11,
                3,
                3,
                2,
                3,
                7,
                3
            ],
            [
                10,
                11,
                5,
                3,
                2,
                11,
                10,
                11,
                9,
                11
            ],
            [
                1,
                8,
                8,
                9,
                9,
                4,
                5,
                3,
                9,
                9
            ],
            [
                5,
                8,
                10,
                5,
                3,
                4,
                4,
                2,
                8,
                5
            ],
            [
                8,
                8,
                11,
                3,
                7,
                10,
                4,
                10,
                8,
                2
            ]
        ],
        "machines": [
            [
                6,
                9,
                8,
                3,
                0,
                7,
                1,
                2,
                5,
                4
            ],
            [
                0,
                7,
                2,
                4,
                1,
                6,
                8,
                5,
                9,
                3
            ],
            [
                7,
                2,
                1,
                9,
                0,
                4,
                6,
                5,
                8,
                3
            ],
            [
                0,
                1,
                9,
                4,
                2,
                7,
                8,
                5,
                6,
                3
            ],
            [
                4,
                0,
                2,
                8,
                7,
                6,
                5,
                1,
                3,
                9
            ],
            [
                1,
                3,
                2,
                4,
                5,
                9,
                8,
                6,
                7,
                0
            ],
            [
                7,
                4,
                6,
                8,
                3,
                2,
                9,
                0,
                5,
                1
            ],
            [
                4,
                2,
                6,
                3,
                0,
                9,
                5,
                1,
                7,
                8
            ],
            [
                1,
                4,
                9,
                7,
                0,
                2,
                8,
                3,
                6,
                5
            ],
            [
                7,
                2,
                6,
                3,
                4,
                8,
                0,
                1,
                9,
                5
            ]
        ]
    }
}