{
    "optimal_time": 100.0,
    "opt_compute_time:": 0.11284453189000487,
    "spt_time": 122,
    "spt_compute_time": 3.221808971837163,
    "lpt_time": 140,
    "lpt_compute_time": 3.8699785242788494,
    "n_jobs": 10,
    "n_resources": 10,
    "n_ops_per_job": 10,
    "max_op_time": 11,
    "jssp_identification": "10x10_64_inst.json",
    "solution_optimality": "OPTIMAL",
    "jssp_instance": {
        "durations": [
            [
                7,
                2,
                5,
                2,
                7,
                3,
                11,
                11,
                9,
                6
            ],
            [
                6,
                10,
                2,
                7,
                8,
                5,
                6,
                8,
                3,
                10
            ],
            [
                2,
                4,
                8,
                3,
                2,
                5,
                11,
                4,
                5,
                7
            ],
            [
                4,
                7,
                4,
                9,
                9,
                5,
                5,
                1,
                9,
                8
            ],
            [
                2,
                8,
                3,
                7,
                2,
                4,
                1,
                9,
                4,
                2
            ],
            [
                7,
                1,
                4,
                8,
                3,
                10,
                6,
                11,
                6,
                10
            ],
            [
                9,
                8,
                8,
                11,
                9,
                7,
                10,
                8,
                9,
                5
            ],
            [
                7,
                8,
                2,
                9,
                6,
                4,
                10,
                2,
                4,
                8
            ],
            [
                6,
                2,
                11,
                11,
                1,
                2,
                4,
                7,
                7,
                9
            ],
            [
                7,
                3,
                1,
                4,
                9,
                9,
                11,
                10,
                10,
                9
            ]
        ],
        "machines": [
            [
                1,
                7,
                3,
                9,
                2,
                8,
                6,
                5,
                4,
                0
            ],
            [
                2,
                4,
                5,
                3,
                1,
                8,
                9,
                0,
                7,
                6
            ],
            [
                0,
                6,
                7,
                3,
                1,
                9,
                2,
                4,
                8,
                5
            ],
            [
                6,
                9,
                1,
                4,
                2,
                7,
                3,
                5,
                8,
                0
            ],
            [
                2,
                6,
                4,
                7,
                9,
                0,
                5,
                1,
                3,
                8
            ],
            [
                4,
                6,
                2,
                3,
                8,
                9,
                7,
                5,
                1,
                0
            ],
            [
                4,
                6,
                2,
                7,
                1,
                5,
                0,
                3,
                9,
                8
            ],
            [
                5,
                0,
                9,
                2,
                3,
                4,
                1,
                7,
                8,
                6
            ],
            [
                3,
                4,
                0,
                6,
                1,
                8,
                2,
                7,
                9,
                5
            ],
            [
                8,
                6,
                0,
                5,
                4,
                3,
                2,
                7,
                9,
                1
            ]
        ]
    }
}