{
    "optimal_time": 97.0,
    "opt_compute_time:": 0.35365030029788613,
    "spt_time": 125,
    "spt_compute_time": 3.8494635610841215,
    "lpt_time": 135,
    "lpt_compute_time": 4.225633020047098,
    "n_jobs": 10,
    "n_resources": 10,
    "n_ops_per_job": 10,
    "max_op_time": 11,
    "jssp_identification": "10x10_3096_inst.json",
    "solution_optimality": "OPTIMAL",
    "jssp_instance": {
        "durations": [
            [
                1,
                11,
                3,
                10,
                11,
                4,
                4,
                8,
                5,
                7
            ],
            [
                3,
                5,
                3,
                7,
                8,
                3,
                9,
                7,
                7,
                3
            ],
            [
                2,
                5,
                4,
                4,
                10,
                1,
                10,
                2,
                10,
                6
            ],
            [
                9,
                9,
                6,
                11,
                5,
                11,
                5,
                4,
                3,
                1
            ],
            [
                9,
                7,
                3,
                3,
                7,
                6,
                11,
                8,
                5,
                3
            ],
            [
                6,
                3,
                9,
                6,
                2,
                9,
                8,
                11,
                10,
                2
            ],
            [
                6,
                9,
                6,
                1,
                4,
                3,
                1,
                9,
                1,
                3
            ],
            [
                8,
                3,
                10,
                10,
                7,
                3,
                11,
                5,
                6,
                8
            ],
            [
                3,
                11,
                4,
                2,
                3,
                11,
                10,
                1,
                5,
                10
            ],
            [
                6,
                4,
                1,
                11,
                3,
                2,
                11,
                2,
                8,
                9
            ]
        ],
        "machines": [
            [
                6,
                9,
                7,
                1,
                5,
                2,
                3,
                4,
                8,
                0
            ],
            [
                1,
                9,
                7,
                5,
                3,
                6,
                2,
                4,
                8,
                0
            ],
            [
                9,
                3,
                8,
                0,
                4,
                6,
                7,
                2,
                5,
                1
            ],
            [
                0,
                4,
                8,
                7,
                1,
                3,
                9,
                6,
                2,
                5
            ],
            [
                9,
                4,
                3,
                2,
                6,
                8,
                0,
                7,
                5,
                1
            ],
            [
                7,
                8,
                5,
                9,
                0,
                3,
                4,
                2,
                1,
                6
            ],
            [
                3,
                8,
                9,
                0,
                7,
                2,
                6,
                5,
                1,
                4
            ],
            [
                9,
                8,
                3,
                2,
                1,
                6,
                4,
                5,
                7,
                0
            ],
            [
                1,
                4,
                8,
                5,
                9,
                2,
                6,
                0,
                7,
                3
            ],
            [
                8,
                3,
                9,
                1,
                7,
                4,
                5,
                0,
                2,
                6
            ]
        ]
    }
}