{
    "optimal_time": 91.0,
    "opt_compute_time:": 0.10976373171433806,
    "spt_time": 96,
    "spt_compute_time": 2.973158737644553,
    "lpt_time": 117,
    "lpt_compute_time": 3.6672058049589396,
    "n_jobs": 10,
    "n_resources": 10,
    "n_ops_per_job": 10,
    "max_op_time": 11,
    "jssp_identification": "10x10_3295_inst.json",
    "solution_optimality": "OPTIMAL",
    "jssp_instance": {
        "durations": [
            [
                9,
                4,
                8,
                4,
                1,
                9,
                3,
                5,
                9,
                9
            ],
            [
                2,
                9,
                10,
                10,
                5,
                8,
                6,
                9,
                2,
                5
            ],
            [
                11,
                3,
                9,
                3,
                8,
                4,
                6,
                7,
                2,
                10
            ],
            [
                9,
                3,
                3,
                11,
                7,
                2,
                11,
                3,
                3,
                4
            ],
            [
                5,
                8,
                7,
                3,
                4,
                2,
                9,
                1,
                1,
                1
            ],
            [
                3,
                9,
                7,
                3,
                10,
                7,
                9,
                5,
                5,
                5
            ],
            [
                7,
                5,
                6,
                1,
                9,
                11,
                9,
                7,
                3,
                8
            ],
            [
                6,
                1,
                6,
                6,
                8,
                7,
                3,
                6,
                1,
                11
            ],
            [
                2,
                10,
                9,
                1,
                4,
                2,
                4,
                7,
                8,
                7
            ],
            [
                8,
                8,
                4,
                3,
                6,
                2,
                6,
                5,
                1,
                6
            ]
        ],
        "machines": [
            [
                1,
                2,
                6,
                5,
                9,
                7,
                0,
                4,
                3,
                8
            ],
            [
                6,
                1,
                8,
                0,
                4,
                5,
                2,
                3,
                7,
                9
            ],
            [
                5,
                1,
                3,
                6,
                0,
                4,
                9,
                7,
                2,
                8
            ],
            [
                6,
                3,
                9,
                0,
                4,
                8,
                1,
                2,
                7,
                5
            ],
            [
                4,
                0,
                1,
                7,
                3,
                8,
                9,
                6,
                5,
                2
            ],
            [
                0,
                8,
                3,
                2,
                6,
                4,
                9,
                7,
                1,
                5
            ],
            [
                7,
                3,
                2,
                1,
                8,
                5,
                6,
                4,
                9,
                0
            ],
            [
                5,
                6,
                0,
                2,
                7,
                4,
                8,
                3,
                9,
                1
            ],
            [
                6,
                0,
                8,
                1,
                3,
                2,
                7,
                4,
                9,
                5
            ],
            [
                9,
                3,
                2,
                6,
                5,
                7,
                0,
                8,
                4,
                1
            ]
        ]
    }
}