{
    "optimal_time": 104.0,
    "opt_compute_time:": 0.09153498616069555,
    "spt_time": 134,
    "spt_compute_time": 3.6038992260582745,
    "lpt_time": 142,
    "lpt_compute_time": 4.245854738168418,
    "n_jobs": 10,
    "n_resources": 10,
    "n_ops_per_job": 10,
    "max_op_time": 11,
    "jssp_identification": "10x10_918_inst.json",
    "solution_optimality": "OPTIMAL",
    "jssp_instance": {
        "durations": [
            [
                3,
                9,
                7,
                11,
                9,
                10,
                7,
                5,
                4,
                1
            ],
            [
                10,
                1,
                11,
                7,
                4,
                3,
                10,
                8,
                10,
                10
            ],
            [
                3,
                8,
                8,
                3,
                9,
                10,
                3,
                4,
                5,
                7
            ],
            [
                9,
                3,
                7,
                11,
                8,
                9,
                10,
                10,
                10,
                1
            ],
            [
                8,
                4,
                10,
                10,
                3,
                11,
                7,
                6,
                10,
                8
            ],
            [
                6,
                7,
                3,
                1,
                9,
                7,
                8,
                10,
                4,
                2
            ],
            [
                2,
                11,
                6,
                1,
                4,
                3,
                3,
                5,
                7,
                5
            ],
            [
                9,
                8,
                11,
                9,
                7,
                10,
                3,
                1,
                9,
                2
            ],
            [
                9,
                11,
                5,
                4,
                4,
                6,
                3,
                7,
                4,
                4
            ],
            [
                11,
                6,
                10,
                1,
                3,
                1,
                11,
                10,
                4,
                4
            ]
        ],
        "machines": [
            [
                2,
                1,
                4,
                8,
                5,
                6,
                7,
                3,
                0,
                9
            ],
            [
                4,
                6,
                1,
                3,
                2,
                0,
                8,
                9,
                7,
                5
            ],
            [
                3,
                5,
                7,
                1,
                4,
                9,
                8,
                2,
                6,
                0
            ],
            [
                6,
                5,
                2,
                7,
                3,
                4,
                1,
                0,
                8,
                9
            ],
            [
                4,
                9,
                3,
                8,
                0,
                6,
                7,
                1,
                5,
                2
            ],
            [
                8,
                9,
                3,
                4,
                6,
                2,
                1,
                7,
                5,
                0
            ],
            [
                2,
                9,
                6,
                0,
                1,
                3,
                5,
                8,
                7,
                4
            ],
            [
                5,
                2,
                8,
                6,
                9,
                3,
                0,
                7,
                4,
                1
            ],
            [
                9,
                7,
                8,
                1,
                4,
                2,
                5,
                0,
                3,
                6
            ],
            [
                9,
                6,
                8,
                3,
                2,
                4,
                5,
                1,
                0,
                7
            ]
        ]
    }
}