{
    "optimal_time": 100.0,
    "opt_compute_time:": 0.12740190885961056,
    "spt_time": 143,
    "spt_compute_time": 3.5468404348939657,
    "lpt_time": 122,
    "lpt_compute_time": 4.088278390001506,
    "n_jobs": 10,
    "n_resources": 10,
    "n_ops_per_job": 10,
    "max_op_time": 11,
    "jssp_identification": "10x10_1496_inst.json",
    "solution_optimality": "OPTIMAL",
    "jssp_instance": {
        "durations": [
            [
                5,
                1,
                10,
                10,
                10,
                2,
                3,
                1,
                2,
                2
            ],
            [
                8,
                2,
                7,
                9,
                3,
                11,
                9,
                7,
                7,
                9
            ],
            [
                7,
                2,
                8,
                2,
                5,
                4,
                3,
                3,
                1,
                11
            ],
            [
                4,
                9,
                11,
                2,
                11,
                10,
                10,
                10,
                9,
                7
            ],
            [
                5,
                2,
                2,
                11,
                6,
                11,
                10,
                5,
                4,
                3
            ],
            [
                4,
                11,
                1,
                5,
                6,
                10,
                5,
                6,
                1,
                5
            ],
            [
                3,
                9,
                10,
                8,
                1,
                8,
                7,
                6,
                9,
                3
            ],
            [
                3,
                2,
                8,
                8,
                3,
                1,
                9,
                8,
                1,
                3
            ],
            [
                9,
                11,
                2,
                11,
                11,
                11,
                5,
                5,
                8,
                6
            ],
            [
                5,
                7,
                10,
                10,
                6,
                5,
                7,
                2,
                8,
                3
            ]
        ],
        "machines": [
            [
                1,
                5,
                2,
                4,
                6,
                8,
                0,
                9,
                7,
                3
            ],
            [
                4,
                2,
                7,
                1,
                9,
                8,
                5,
                0,
                6,
                3
            ],
            [
                1,
                5,
                6,
                2,
                8,
                0,
                7,
                9,
                4,
                3
            ],
            [
                3,
                5,
                2,
                8,
                1,
                6,
                0,
                7,
                9,
                4
            ],
            [
                1,
                6,
                0,
                8,
                9,
                2,
                3,
                5,
                4,
                7
            ],
            [
                5,
                9,
                0,
                7,
                2,
                1,
                6,
                8,
                4,
                3
            ],
            [
                7,
                9,
                3,
                6,
                5,
                0,
                2,
                4,
                1,
                8
            ],
            [
                0,
                8,
                1,
                9,
                4,
                7,
                6,
                2,
                3,
                5
            ],
            [
                4,
                5,
                1,
                2,
                3,
                6,
                9,
                0,
                8,
                7
            ],
            [
                8,
                3,
                0,
                5,
                9,
                6,
                4,
                1,
                2,
                7
            ]
        ]
    }
}