{
    "optimal_time": 89.0,
    "opt_compute_time:": 0.20531229814514518,
    "spt_time": 111,
    "spt_compute_time": 3.2370810117572546,
    "lpt_time": 102,
    "lpt_compute_time": 3.082599481102079,
    "n_jobs": 10,
    "n_resources": 10,
    "n_ops_per_job": 10,
    "max_op_time": 11,
    "jssp_identification": "10x10_664_inst.json",
    "solution_optimality": "OPTIMAL",
    "jssp_instance": {
        "durations": [
            [
                3,
                6,
                4,
                4,
                1,
                8,
                6,
                1,
                8,
                9
            ],
            [
                3,
                9,
                5,
                1,
                2,
                11,
                7,
                8,
                9,
                10
            ],
            [
                4,
                7,
                4,
                6,
                9,
                7,
                9,
                7,
                9,
                6
            ],
            [
                6,
                2,
                4,
                4,
                1,
                1,
                5,
                4,
                5,
                2
            ],
            [
                7,
                1,
                4,
                8,
                5,
                4,
                5,
                1,
                4,
                4
            ],
            [
                1,
                5,
                10,
                3,
                3,
                5,
                11,
                6,
                11,
                1
            ],
            [
                2,
                6,
                7,
                4,
                2,
                7,
                4,
                8,
                6,
                7
            ],
            [
                7,
                5,
                5,
                9,
                10,
                10,
                4,
                2,
                3,
                11
            ],
            [
                1,
                9,
                6,
                8,
                1,
                3,
                1,
                1,
                7,
                10
            ],
            [
                8,
                7,
                6,
                8,
                4,
                11,
                1,
                1,
                7,
                6
            ]
        ],
        "machines": [
            [
                1,
                8,
                9,
                4,
                3,
                5,
                7,
                0,
                6,
                2
            ],
            [
                4,
                0,
                7,
                6,
                8,
                5,
                2,
                1,
                3,
                9
            ],
            [
                7,
                3,
                4,
                6,
                8,
                1,
                9,
                5,
                0,
                2
            ],
            [
                2,
                8,
                5,
                9,
                3,
                7,
                6,
                1,
                0,
                4
            ],
            [
                5,
                2,
                3,
                8,
                7,
                1,
                0,
                6,
                9,
                4
            ],
            [
                3,
                5,
                1,
                6,
                8,
                7,
                0,
                9,
                4,
                2
            ],
            [
                2,
                1,
                7,
                9,
                0,
                3,
                4,
                6,
                8,
                5
            ],
            [
                1,
                3,
                9,
                0,
                8,
                4,
                7,
                6,
                2,
                5
            ],
            [
                5,
                3,
                6,
                7,
                2,
                8,
                1,
                9,
                0,
                4
            ],
            [
                0,
                3,
                8,
                1,
                4,
                6,
                2,
                9,
                7,
                5
            ]
        ]
    }
}