{
    "optimal_time": 110.0,
    "opt_compute_time:": 0.3277511917985976,
    "spt_time": 154,
    "spt_compute_time": 4.250424820929766,
    "lpt_time": 155,
    "lpt_compute_time": 5.209282302297652,
    "n_jobs": 10,
    "n_resources": 10,
    "n_ops_per_job": 10,
    "max_op_time": 11,
    "jssp_identification": "10x10_3957_inst.json",
    "solution_optimality": "OPTIMAL",
    "jssp_instance": {
        "durations": [
            [
                3,
                11,
                3,
                2,
                4,
                2,
                9,
                3,
                11,
                9
            ],
            [
                4,
                11,
                7,
                10,
                11,
                11,
                11,
                8,
                3,
                11
            ],
            [
                4,
                6,
                7,
                5,
                9,
                10,
                1,
                11,
                3,
                4
            ],
            [
                9,
                10,
                9,
                10,
                11,
                7,
                9,
                9,
                4,
                7
            ],
            [
                1,
                3,
                5,
                6,
                7,
                2,
                1,
                7,
                10,
                5
            ],
            [
                10,
                2,
                5,
                10,
                6,
                7,
                1,
                9,
                10,
                9
            ],
            [
                8,
                11,
                2,
                3,
                4,
                11,
                11,
                10,
                2,
                3
            ],
            [
                10,
                10,
                1,
                11,
                1,
                11,
                7,
                5,
                6,
                1
            ],
            [
                9,
                1,
                6,
                10,
                2,
                5,
                11,
                1,
                3,
                5
            ],
            [
                11,
                5,
                3,
                8,
                6,
                3,
                4,
                8,
                3,
                11
            ]
        ],
        "machines": [
            [
                0,
                8,
                4,
                7,
                6,
                3,
                1,
                5,
                9,
                2
            ],
            [
                4,
                2,
                7,
                1,
                6,
                0,
                8,
                9,
                5,
                3
            ],
            [
                7,
                2,
                1,
                3,
                5,
                9,
                0,
                6,
                4,
                8
            ],
            [
                5,
                9,
                8,
                0,
                6,
                1,
                3,
                7,
                4,
                2
            ],
            [
                7,
                1,
                2,
                8,
                6,
                9,
                0,
                4,
                3,
                5
            ],
            [
                1,
                2,
                5,
                0,
                8,
                4,
                7,
                3,
                9,
                6
            ],
            [
                1,
                9,
                4,
                8,
                5,
                2,
                0,
                6,
                3,
                7
            ],
            [
                2,
                5,
                1,
                7,
                3,
                4,
                8,
                6,
                0,
                9
            ],
            [
                1,
                2,
                8,
                5,
                3,
                4,
                9,
                0,
                6,
                7
            ],
            [
                5,
                6,
                4,
                1,
                0,
                7,
                9,
                3,
                8,
                2
            ]
        ]
    }
}