{
    "optimal_time": 90.0,
    "opt_compute_time:": 0.27773142606019974,
    "spt_time": 103,
    "spt_compute_time": 3.2481278679333627,
    "lpt_time": 140,
    "lpt_compute_time": 3.6724464036524296,
    "n_jobs": 10,
    "n_resources": 10,
    "n_ops_per_job": 10,
    "max_op_time": 11,
    "jssp_identification": "10x10_3821_inst.json",
    "solution_optimality": "OPTIMAL",
    "jssp_instance": {
        "durations": [
            [
                9,
                7,
                1,
                1,
                7,
                5,
                6,
                5,
                10,
                7
            ],
            [
                5,
                4,
                8,
                9,
                1,
                7,
                1,
                10,
                3,
                3
            ],
            [
                5,
                10,
                3,
                1,
                8,
                5,
                1,
                3,
                9,
                5
            ],
            [
                3,
                2,
                1,
                5,
                11,
                1,
                9,
                7,
                3,
                11
            ],
            [
                11,
                3,
                5,
                8,
                4,
                6,
                5,
                5,
                9,
                10
            ],
            [
                7,
                4,
                4,
                10,
                7,
                3,
                4,
                11,
                5,
                11
            ],
            [
                10,
                6,
                10,
                11,
                7,
                3,
                4,
                6,
                7,
                5
            ],
            [
                2,
                2,
                4,
                8,
                5,
                11,
                8,
                11,
                8,
                1
            ],
            [
                6,
                4,
                1,
                4,
                11,
                10,
                1,
                5,
                6,
                1
            ],
            [
                4,
                8,
                1,
                4,
                9,
                9,
                3,
                5,
                10,
                8
            ]
        ],
        "machines": [
            [
                2,
                3,
                5,
                0,
                7,
                4,
                8,
                1,
                9,
                6
            ],
            [
                2,
                3,
                7,
                1,
                0,
                6,
                9,
                8,
                4,
                5
            ],
            [
                9,
                4,
                6,
                2,
                5,
                3,
                8,
                7,
                1,
                0
            ],
            [
                2,
                1,
                6,
                7,
                3,
                9,
                5,
                0,
                4,
                8
            ],
            [
                8,
                9,
                2,
                7,
                1,
                0,
                4,
                6,
                3,
                5
            ],
            [
                1,
                6,
                5,
                3,
                2,
                7,
                0,
                9,
                8,
                4
            ],
            [
                6,
                0,
                4,
                2,
                7,
                9,
                3,
                8,
                1,
                5
            ],
            [
                8,
                2,
                7,
                4,
                9,
                1,
                0,
                5,
                6,
                3
            ],
            [
                1,
                2,
                0,
                5,
                7,
                6,
                3,
                9,
                8,
                4
            ],
            [
                7,
                1,
                6,
                3,
                8,
                9,
                0,
                5,
                2,
                4
            ]
        ]
    }
}