{
    "optimal_time": 109.0,
    "opt_compute_time:": 0.3877981221303344,
    "spt_time": 140,
    "spt_compute_time": 4.179700792301446,
    "lpt_time": 153,
    "lpt_compute_time": 5.18994704913348,
    "n_jobs": 10,
    "n_resources": 10,
    "n_ops_per_job": 10,
    "max_op_time": 11,
    "jssp_identification": "10x10_1897_inst.json",
    "solution_optimality": "OPTIMAL",
    "jssp_instance": {
        "durations": [
            [
                3,
                5,
                6,
                7,
                11,
                9,
                10,
                6,
                11,
                5
            ],
            [
                8,
                9,
                10,
                9,
                1,
                7,
                3,
                2,
                6,
                9
            ],
            [
                9,
                5,
                2,
                7,
                6,
                9,
                3,
                7,
                1,
                11
            ],
            [
                9,
                3,
                11,
                7,
                6,
                9,
                6,
                3,
                7,
                9
            ],
            [
                2,
                10,
                8,
                4,
                6,
                6,
                1,
                5,
                8,
                11
            ],
            [
                9,
                9,
                10,
                3,
                4,
                7,
                7,
                1,
                11,
                1
            ],
            [
                3,
                8,
                7,
                6,
                6,
                11,
                4,
                7,
                7,
                8
            ],
            [
                10,
                8,
                10,
                3,
                11,
                9,
                8,
                10,
                9,
                4
            ],
            [
                9,
                1,
                10,
                3,
                9,
                8,
                6,
                10,
                6,
                5
            ],
            [
                2,
                6,
                9,
                8,
                4,
                4,
                1,
                3,
                8,
                1
            ]
        ],
        "machines": [
            [
                7,
                6,
                0,
                2,
                4,
                1,
                5,
                3,
                9,
                8
            ],
            [
                1,
                0,
                5,
                2,
                7,
                9,
                6,
                3,
                4,
                8
            ],
            [
                6,
                5,
                8,
                2,
                7,
                0,
                3,
                4,
                1,
                9
            ],
            [
                7,
                6,
                0,
                3,
                9,
                8,
                1,
                4,
                2,
                5
            ],
            [
                7,
                0,
                4,
                6,
                9,
                8,
                1,
                2,
                3,
                5
            ],
            [
                0,
                1,
                3,
                8,
                4,
                7,
                6,
                5,
                2,
                9
            ],
            [
                2,
                8,
                3,
                4,
                0,
                6,
                1,
                5,
                7,
                9
            ],
            [
                9,
                2,
                4,
                0,
                7,
                1,
                5,
                3,
                8,
                6
            ],
            [
                0,
                6,
                9,
                8,
                5,
                2,
                1,
                3,
                7,
                4
            ],
            [
                3,
                9,
                4,
                7,
                0,
                8,
                2,
                5,
                6,
                1
            ]
        ]
    }
}