{
    "optimal_time": 102.0,
    "opt_compute_time:": 0.14331742795184255,
    "spt_time": 112,
    "spt_compute_time": 3.1765942443162203,
    "lpt_time": 136,
    "lpt_compute_time": 4.235155468340963,
    "n_jobs": 10,
    "n_resources": 10,
    "n_ops_per_job": 10,
    "max_op_time": 11,
    "jssp_identification": "10x10_1777_inst.json",
    "solution_optimality": "OPTIMAL",
    "jssp_instance": {
        "durations": [
            [
                10,
                3,
                8,
                1,
                7,
                4,
                7,
                7,
                5,
                4
            ],
            [
                7,
                11,
                2,
                11,
                6,
                10,
                10,
                2,
                2,
                8
            ],
            [
                1,
                5,
                4,
                3,
                1,
                8,
                1,
                5,
                8,
                3
            ],
            [
                6,
                3,
                11,
                6,
                1,
                10,
                3,
                10,
                6,
                6
            ],
            [
                6,
                4,
                11,
                6,
                9,
                10,
                8,
                7,
                1,
                2
            ],
            [
                3,
                11,
                5,
                5,
                6,
                4,
                6,
                6,
                11,
                4
            ],
            [
                5,
                9,
                11,
                11,
                8,
                3,
                8,
                9,
                9,
                9
            ],
            [
                8,
                8,
                3,
                11,
                5,
                7,
                6,
                11,
                10,
                1
            ],
            [
                8,
                9,
                2,
                8,
                7,
                5,
                5,
                5,
                8,
                4
            ],
            [
                10,
                8,
                8,
                11,
                9,
                10,
                4,
                4,
                1,
                4
            ]
        ],
        "machines": [
            [
                4,
                7,
                3,
                9,
                8,
                5,
                2,
                1,
                6,
                0
            ],
            [
                1,
                5,
                6,
                3,
                8,
                0,
                2,
                7,
                4,
                9
            ],
            [
                0,
                7,
                5,
                9,
                1,
                4,
                2,
                8,
                6,
                3
            ],
            [
                4,
                3,
                8,
                7,
                2,
                0,
                9,
                1,
                5,
                6
            ],
            [
                8,
                1,
                5,
                7,
                9,
                3,
                6,
                2,
                4,
                0
            ],
            [
                7,
                0,
                9,
                3,
                6,
                5,
                8,
                1,
                2,
                4
            ],
            [
                0,
                8,
                3,
                6,
                4,
                9,
                1,
                5,
                7,
                2
            ],
            [
                2,
                0,
                9,
                5,
                8,
                7,
                4,
                1,
                3,
                6
            ],
            [
                9,
                6,
                2,
                0,
                5,
                3,
                7,
                8,
                4,
                1
            ],
            [
                8,
                7,
                1,
                4,
                2,
                3,
                0,
                5,
                9,
                6
            ]
        ]
    }
}