{
    "optimal_time": 91.0,
    "opt_compute_time:": 0.08347455691546202,
    "spt_time": 115,
    "spt_compute_time": 3.403418291825801,
    "lpt_time": 108,
    "lpt_compute_time": 3.48036569589749,
    "n_jobs": 10,
    "n_resources": 10,
    "n_ops_per_job": 10,
    "max_op_time": 11,
    "jssp_identification": "10x10_2244_inst.json",
    "solution_optimality": "OPTIMAL",
    "jssp_instance": {
        "durations": [
            [
                3,
                2,
                4,
                5,
                7,
                10,
                4,
                11,
                11,
                1
            ],
            [
                9,
                1,
                4,
                11,
                10,
                7,
                9,
                1,
                6,
                3
            ],
            [
                10,
                10,
                8,
                2,
                6,
                3,
                7,
                10,
                9,
                8
            ],
            [
                7,
                6,
                7,
                6,
                3,
                7,
                8,
                1,
                10,
                4
            ],
            [
                7,
                2,
                11,
                5,
                7,
                2,
                10,
                8,
                8,
                4
            ],
            [
                3,
                11,
                5,
                9,
                11,
                8,
                11,
                7,
                1,
                6
            ],
            [
                11,
                10,
                3,
                6,
                1,
                2,
                8,
                1,
                1,
                5
            ],
            [
                9,
                2,
                9,
                11,
                1,
                8,
                2,
                6,
                1,
                4
            ],
            [
                4,
                2,
                11,
                10,
                7,
                7,
                4,
                5,
                2,
                2
            ],
            [
                4,
                10,
                8,
                9,
                7,
                3,
                7,
                1,
                8,
                4
            ]
        ],
        "machines": [
            [
                5,
                0,
                1,
                7,
                3,
                8,
                9,
                2,
                4,
                6
            ],
            [
                8,
                9,
                0,
                5,
                3,
                6,
                1,
                4,
                2,
                7
            ],
            [
                8,
                1,
                4,
                7,
                0,
                6,
                5,
                2,
                9,
                3
            ],
            [
                2,
                5,
                9,
                6,
                4,
                7,
                0,
                8,
                1,
                3
            ],
            [
                6,
                7,
                2,
                4,
                1,
                0,
                3,
                8,
                5,
                9
            ],
            [
                9,
                4,
                1,
                7,
                6,
                2,
                5,
                8,
                3,
                0
            ],
            [
                4,
                7,
                9,
                2,
                3,
                1,
                8,
                6,
                0,
                5
            ],
            [
                4,
                6,
                3,
                9,
                1,
                0,
                7,
                2,
                5,
                8
            ],
            [
                1,
                3,
                5,
                9,
                7,
                6,
                0,
                8,
                2,
                4
            ],
            [
                6,
                5,
                0,
                8,
                2,
                3,
                9,
                1,
                4,
                7
            ]
        ]
    }
}