{
    "optimal_time": 98.0,
    "opt_compute_time:": 0.1431514471769333,
    "spt_time": 145,
    "spt_compute_time": 3.6699043507687747,
    "lpt_time": 133,
    "lpt_compute_time": 3.8722336017526686,
    "n_jobs": 10,
    "n_resources": 10,
    "n_ops_per_job": 10,
    "max_op_time": 11,
    "jssp_identification": "10x10_194_inst.json",
    "solution_optimality": "OPTIMAL",
    "jssp_instance": {
        "durations": [
            [
                8,
                10,
                5,
                7,
                3,
                2,
                1,
                2,
                6,
                8
            ],
            [
                9,
                4,
                4,
                8,
                10,
                4,
                6,
                5,
                1,
                4
            ],
            [
                5,
                11,
                9,
                4,
                3,
                3,
                2,
                11,
                9,
                1
            ],
            [
                1,
                11,
                10,
                11,
                3,
                10,
                6,
                5,
                7,
                4
            ],
            [
                4,
                3,
                4,
                2,
                1,
                2,
                2,
                8,
                6,
                8
            ],
            [
                1,
                9,
                8,
                3,
                9,
                5,
                2,
                4,
                4,
                3
            ],
            [
                7,
                1,
                2,
                9,
                9,
                6,
                11,
                3,
                1,
                9
            ],
            [
                7,
                10,
                5,
                5,
                10,
                2,
                11,
                5,
                11,
                6
            ],
            [
                9,
                11,
                8,
                4,
                11,
                7,
                5,
                1,
                4,
                10
            ],
            [
                10,
                7,
                11,
                6,
                2,
                1,
                7,
                11,
                3,
                10
            ]
        ],
        "machines": [
            [
                3,
                2,
                1,
                0,
                6,
                8,
                5,
                7,
                4,
                9
            ],
            [
                8,
                4,
                9,
                0,
                5,
                3,
                6,
                7,
                2,
                1
            ],
            [
                0,
                9,
                2,
                6,
                4,
                3,
                8,
                5,
                7,
                1
            ],
            [
                9,
                8,
                1,
                5,
                3,
                2,
                4,
                7,
                0,
                6
            ],
            [
                9,
                3,
                0,
                4,
                5,
                2,
                7,
                8,
                1,
                6
            ],
            [
                1,
                7,
                2,
                0,
                3,
                5,
                4,
                9,
                6,
                8
            ],
            [
                5,
                0,
                1,
                3,
                9,
                8,
                4,
                6,
                7,
                2
            ],
            [
                1,
                7,
                2,
                9,
                5,
                8,
                4,
                0,
                3,
                6
            ],
            [
                2,
                0,
                6,
                9,
                5,
                4,
                1,
                3,
                8,
                7
            ],
            [
                8,
                6,
                0,
                5,
                3,
                4,
                9,
                1,
                7,
                2
            ]
        ]
    }
}