{
    "optimal_time": 92.0,
    "opt_compute_time:": 0.26167221181094646,
    "spt_time": 104,
    "spt_compute_time": 2.879874740727246,
    "lpt_time": 115,
    "lpt_compute_time": 3.8859381969086826,
    "n_jobs": 10,
    "n_resources": 10,
    "n_ops_per_job": 10,
    "max_op_time": 11,
    "jssp_identification": "10x10_1949_inst.json",
    "solution_optimality": "OPTIMAL",
    "jssp_instance": {
        "durations": [
            [
                9,
                7,
                4,
                10,
                6,
                8,
                11,
                1,
                8,
                4
            ],
            [
                3,
                3,
                9,
                1,
                8,
                7,
                10,
                5,
                6,
                2
            ],
            [
                2,
                8,
                11,
                6,
                8,
                10,
                3,
                1,
                8,
                3
            ],
            [
                4,
                4,
                6,
                11,
                7,
                1,
                11,
                11,
                5,
                2
            ],
            [
                7,
                11,
                7,
                1,
                7,
                5,
                2,
                4,
                5,
                11
            ],
            [
                1,
                4,
                4,
                4,
                8,
                9,
                4,
                6,
                9,
                4
            ],
            [
                6,
                11,
                11,
                11,
                7,
                6,
                1,
                2,
                7,
                7
            ],
            [
                7,
                2,
                5,
                10,
                3,
                9,
                4,
                7,
                9,
                5
            ],
            [
                8,
                11,
                4,
                9,
                2,
                10,
                3,
                9,
                6,
                3
            ],
            [
                8,
                2,
                10,
                4,
                10,
                7,
                1,
                5,
                4,
                8
            ]
        ],
        "machines": [
            [
                0,
                8,
                5,
                7,
                4,
                9,
                6,
                2,
                1,
                3
            ],
            [
                8,
                4,
                3,
                7,
                0,
                9,
                2,
                1,
                6,
                5
            ],
            [
                8,
                7,
                9,
                3,
                6,
                0,
                5,
                4,
                2,
                1
            ],
            [
                2,
                7,
                1,
                5,
                3,
                4,
                8,
                9,
                0,
                6
            ],
            [
                9,
                6,
                1,
                4,
                2,
                8,
                0,
                3,
                7,
                5
            ],
            [
                1,
                3,
                2,
                9,
                7,
                0,
                6,
                4,
                5,
                8
            ],
            [
                8,
                1,
                3,
                5,
                4,
                2,
                7,
                9,
                6,
                0
            ],
            [
                2,
                6,
                3,
                0,
                4,
                1,
                8,
                7,
                9,
                5
            ],
            [
                2,
                6,
                0,
                5,
                8,
                3,
                9,
                4,
                7,
                1
            ],
            [
                7,
                3,
                8,
                6,
                0,
                9,
                1,
                2,
                5,
                4
            ]
        ]
    }
}