{
    "optimal_time": 93.0,
    "opt_compute_time:": 0.09607072733342648,
    "spt_time": 108,
    "spt_compute_time": 3.0471047619357705,
    "lpt_time": 117,
    "lpt_compute_time": 3.5711705088615417,
    "n_jobs": 10,
    "n_resources": 10,
    "n_ops_per_job": 10,
    "max_op_time": 11,
    "jssp_identification": "10x10_489_inst.json",
    "solution_optimality": "OPTIMAL",
    "jssp_instance": {
        "durations": [
            [
                3,
                11,
                11,
                7,
                2,
                6,
                8,
                5,
                5,
                7
            ],
            [
                5,
                10,
                10,
                9,
                8,
                5,
                3,
                10,
                1,
                10
            ],
            [
                5,
                6,
                6,
                7,
                8,
                4,
                10,
                11,
                2,
                5
            ],
            [
                3,
                1,
                3,
                11,
                3,
                8,
                2,
                3,
                1,
                5
            ],
            [
                4,
                2,
                10,
                8,
                10,
                1,
                7,
                4,
                5,
                8
            ],
            [
                2,
                6,
                6,
                1,
                6,
                5,
                9,
                9,
                6,
                9
            ],
            [
                9,
                5,
                8,
                5,
                9,
                7,
                5,
                1,
                6,
                2
            ],
            [
                6,
                5,
                2,
                10,
                11,
                1,
                8,
                9,
                1,
                9
            ],
            [
                6,
                8,
                2,
                4,
                10,
                9,
                1,
                6,
                11,
                7
            ],
            [
                10,
                3,
                2,
                5,
                1,
                10,
                8,
                11,
                3,
                1
            ]
        ],
        "machines": [
            [
                5,
                0,
                1,
                2,
                6,
                8,
                7,
                3,
                9,
                4
            ],
            [
                6,
                9,
                8,
                7,
                5,
                1,
                2,
                4,
                3,
                0
            ],
            [
                4,
                3,
                2,
                7,
                9,
                6,
                1,
                0,
                5,
                8
            ],
            [
                1,
                8,
                5,
                0,
                3,
                9,
                6,
                7,
                4,
                2
            ],
            [
                1,
                7,
                2,
                5,
                4,
                8,
                3,
                9,
                0,
                6
            ],
            [
                6,
                8,
                2,
                3,
                4,
                9,
                1,
                0,
                7,
                5
            ],
            [
                5,
                4,
                8,
                0,
                1,
                2,
                3,
                9,
                6,
                7
            ],
            [
                3,
                7,
                8,
                1,
                6,
                9,
                4,
                5,
                0,
                2
            ],
            [
                7,
                8,
                5,
                9,
                6,
                0,
                3,
                4,
                2,
                1
            ],
            [
                4,
                3,
                5,
                1,
                2,
                0,
                8,
                9,
                7,
                6
            ]
        ]
    }
}