{
    "optimal_time": 94.0,
    "opt_compute_time:": 0.15971445990726352,
    "spt_time": 126,
    "spt_compute_time": 3.3608140111900866,
    "lpt_time": 124,
    "lpt_compute_time": 3.9248411571606994,
    "n_jobs": 10,
    "n_resources": 10,
    "n_ops_per_job": 10,
    "max_op_time": 11,
    "jssp_identification": "10x10_1328_inst.json",
    "solution_optimality": "OPTIMAL",
    "jssp_instance": {
        "durations": [
            [
                4,
                9,
                11,
                4,
                11,
                4,
                8,
                1,
                3,
                9
            ],
            [
                2,
                8,
                7,
                10,
                11,
                9,
                3,
                6,
                2,
                7
            ],
            [
                2,
                3,
                9,
                8,
                7,
                9,
                6,
                9,
                2,
                10
            ],
            [
                5,
                2,
                11,
                6,
                11,
                8,
                2,
                8,
                4,
                9
            ],
            [
                2,
                6,
                6,
                1,
                8,
                2,
                11,
                5,
                11,
                11
            ],
            [
                8,
                4,
                5,
                3,
                4,
                3,
                11,
                9,
                4,
                4
            ],
            [
                5,
                5,
                5,
                3,
                7,
                10,
                4,
                9,
                6,
                7
            ],
            [
                4,
                8,
                1,
                8,
                11,
                6,
                1,
                7,
                11,
                10
            ],
            [
                4,
                9,
                5,
                8,
                10,
                1,
                11,
                7,
                5,
                2
            ],
            [
                6,
                9,
                7,
                4,
                3,
                5,
                1,
                4,
                2,
                8
            ]
        ],
        "machines": [
            [
                3,
                1,
                9,
                7,
                4,
                8,
                0,
                6,
                2,
                5
            ],
            [
                0,
                6,
                3,
                1,
                2,
                8,
                7,
                9,
                5,
                4
            ],
            [
                4,
                8,
                3,
                2,
                1,
                0,
                6,
                7,
                9,
                5
            ],
            [
                8,
                0,
                3,
                7,
                9,
                6,
                1,
                5,
                4,
                2
            ],
            [
                4,
                2,
                5,
                0,
                8,
                3,
                7,
                9,
                1,
                6
            ],
            [
                7,
                9,
                5,
                8,
                3,
                6,
                0,
                4,
                1,
                2
            ],
            [
                9,
                0,
                8,
                3,
                5,
                1,
                4,
                6,
                2,
                7
            ],
            [
                1,
                7,
                9,
                5,
                8,
                2,
                0,
                6,
                4,
                3
            ],
            [
                5,
                4,
                1,
                8,
                9,
                3,
                6,
                7,
                2,
                0
            ],
            [
                6,
                7,
                9,
                1,
                5,
                8,
                4,
                2,
                3,
                0
            ]
        ]
    }
}