{
    "optimal_time": 92.0,
    "opt_compute_time:": 0.10028571402654052,
    "spt_time": 110,
    "spt_compute_time": 3.178808168042451,
    "lpt_time": 108,
    "lpt_compute_time": 3.4907406829297543,
    "n_jobs": 10,
    "n_resources": 10,
    "n_ops_per_job": 10,
    "max_op_time": 11,
    "jssp_identification": "10x10_1797_inst.json",
    "solution_optimality": "OPTIMAL",
    "jssp_instance": {
        "durations": [
            [
                8,
                9,
                7,
                9,
                7,
                2,
                10,
                11,
                11,
                5
            ],
            [
                9,
                3,
                11,
                1,
                10,
                7,
                11,
                7,
                2,
                7
            ],
            [
                1,
                2,
                1,
                2,
                3,
                8,
                5,
                7,
                6,
                10
            ],
            [
                4,
                10,
                6,
                5,
                8,
                10,
                8,
                2,
                2,
                1
            ],
            [
                9,
                1,
                8,
                2,
                8,
                2,
                10,
                11,
                11,
                8
            ],
            [
                5,
                6,
                3,
                1,
                3,
                6,
                10,
                8,
                3,
                2
            ],
            [
                4,
                7,
                4,
                7,
                9,
                4,
                8,
                10,
                9,
                1
            ],
            [
                6,
                6,
                10,
                1,
                1,
                1,
                4,
                5,
                8,
                3
            ],
            [
                2,
                9,
                7,
                10,
                9,
                5,
                11,
                9,
                1,
                11
            ],
            [
                2,
                7,
                1,
                4,
                1,
                1,
                2,
                4,
                1,
                1
            ]
        ],
        "machines": [
            [
                0,
                6,
                1,
                8,
                3,
                7,
                5,
                9,
                2,
                4
            ],
            [
                1,
                8,
                7,
                3,
                5,
                9,
                6,
                2,
                0,
                4
            ],
            [
                4,
                5,
                3,
                1,
                7,
                8,
                2,
                0,
                9,
                6
            ],
            [
                2,
                9,
                4,
                0,
                5,
                3,
                6,
                7,
                8,
                1
            ],
            [
                3,
                5,
                8,
                4,
                9,
                6,
                0,
                1,
                7,
                2
            ],
            [
                7,
                1,
                8,
                4,
                6,
                2,
                5,
                9,
                0,
                3
            ],
            [
                4,
                3,
                6,
                0,
                5,
                7,
                8,
                1,
                9,
                2
            ],
            [
                4,
                8,
                0,
                7,
                9,
                6,
                2,
                3,
                1,
                5
            ],
            [
                5,
                2,
                1,
                0,
                7,
                9,
                6,
                3,
                4,
                8
            ],
            [
                6,
                4,
                1,
                7,
                3,
                2,
                9,
                5,
                0,
                8
            ]
        ]
    }
}