{
    "optimal_time": 98.0,
    "opt_compute_time:": 0.24492080509662628,
    "spt_time": 126,
    "spt_compute_time": 3.577612273860723,
    "lpt_time": 151,
    "lpt_compute_time": 4.374337743036449,
    "n_jobs": 10,
    "n_resources": 10,
    "n_ops_per_job": 10,
    "max_op_time": 11,
    "jssp_identification": "10x10_3552_inst.json",
    "solution_optimality": "OPTIMAL",
    "jssp_instance": {
        "durations": [
            [
                3,
                1,
                5,
                7,
                11,
                5,
                8,
                9,
                8,
                9
            ],
            [
                11,
                1,
                5,
                1,
                1,
                8,
                11,
                7,
                1,
                1
            ],
            [
                8,
                11,
                5,
                9,
                9,
                2,
                5,
                9,
                11,
                8
            ],
            [
                7,
                8,
                7,
                8,
                6,
                1,
                10,
                10,
                6,
                2
            ],
            [
                3,
                5,
                11,
                9,
                7,
                9,
                9,
                8,
                3,
                11
            ],
            [
                9,
                8,
                4,
                7,
                9,
                2,
                11,
                1,
                5,
                9
            ],
            [
                6,
                6,
                10,
                6,
                8,
                5,
                7,
                2,
                1,
                4
            ],
            [
                5,
                11,
                10,
                8,
                11,
                2,
                7,
                2,
                3,
                1
            ],
            [
                2,
                2,
                2,
                9,
                8,
                9,
                11,
                3,
                9,
                6
            ],
            [
                11,
                7,
                1,
                3,
                9,
                5,
                4,
                4,
                11,
                7
            ]
        ],
        "machines": [
            [
                5,
                2,
                8,
                3,
                6,
                9,
                0,
                4,
                7,
                1
            ],
            [
                2,
                0,
                4,
                9,
                8,
                3,
                7,
                5,
                1,
                6
            ],
            [
                9,
                4,
                5,
                3,
                1,
                7,
                2,
                6,
                8,
                0
            ],
            [
                9,
                4,
                2,
                5,
                0,
                8,
                6,
                7,
                3,
                1
            ],
            [
                3,
                0,
                7,
                9,
                5,
                4,
                1,
                8,
                2,
                6
            ],
            [
                8,
                1,
                3,
                9,
                0,
                6,
                2,
                5,
                4,
                7
            ],
            [
                2,
                9,
                6,
                3,
                4,
                5,
                8,
                7,
                1,
                0
            ],
            [
                7,
                1,
                8,
                4,
                6,
                0,
                9,
                5,
                3,
                2
            ],
            [
                2,
                1,
                4,
                9,
                6,
                8,
                7,
                5,
                3,
                0
            ],
            [
                1,
                2,
                7,
                0,
                9,
                3,
                8,
                4,
                5,
                6
            ]
        ]
    }
}