{
    "optimal_time": 108.0,
    "opt_compute_time:": 0.14808633085340261,
    "spt_time": 122,
    "spt_compute_time": 3.850698043126613,
    "lpt_time": 136,
    "lpt_compute_time": 4.504642511717975,
    "n_jobs": 10,
    "n_resources": 10,
    "n_ops_per_job": 10,
    "max_op_time": 11,
    "jssp_identification": "10x10_2469_inst.json",
    "solution_optimality": "OPTIMAL",
    "jssp_instance": {
        "durations": [
            [
                10,
                11,
                6,
                4,
                5,
                4,
                4,
                11,
                9,
                3
            ],
            [
                5,
                9,
                8,
                3,
                4,
                2,
                8,
                7,
                5,
                11
            ],
            [
                2,
                11,
                7,
                9,
                1,
                8,
                1,
                11,
                3,
                7
            ],
            [
                3,
                3,
                9,
                1,
                2,
                10,
                9,
                2,
                2,
                7
            ],
            [
                2,
                9,
                4,
                11,
                5,
                6,
                5,
                9,
                9,
                3
            ],
            [
                7,
                7,
                1,
                2,
                5,
                2,
                1,
                5,
                3,
                10
            ],
            [
                3,
                3,
                8,
                8,
                2,
                11,
                10,
                5,
                10,
                6
            ],
            [
                5,
                9,
                6,
                4,
                9,
                11,
                6,
                5,
                7,
                10
            ],
            [
                5,
                3,
                9,
                8,
                3,
                3,
                11,
                7,
                9,
                11
            ],
            [
                5,
                2,
                9,
                1,
                7,
                4,
                9,
                3,
                6,
                8
            ]
        ],
        "machines": [
            [
                5,
                1,
                4,
                2,
                0,
                8,
                6,
                3,
                7,
                9
            ],
            [
                6,
                0,
                7,
                4,
                3,
                2,
                5,
                1,
                9,
                8
            ],
            [
                6,
                9,
                5,
                2,
                7,
                4,
                1,
                3,
                8,
                0
            ],
            [
                7,
                0,
                6,
                9,
                1,
                5,
                4,
                2,
                8,
                3
            ],
            [
                3,
                6,
                1,
                2,
                0,
                9,
                5,
                4,
                8,
                7
            ],
            [
                8,
                4,
                6,
                5,
                9,
                0,
                2,
                7,
                1,
                3
            ],
            [
                5,
                8,
                1,
                0,
                4,
                6,
                7,
                9,
                3,
                2
            ],
            [
                7,
                4,
                5,
                0,
                6,
                2,
                9,
                8,
                1,
                3
            ],
            [
                6,
                0,
                4,
                8,
                2,
                5,
                7,
                1,
                9,
                3
            ],
            [
                3,
                8,
                1,
                9,
                5,
                2,
                6,
                7,
                0,
                4
            ]
        ]
    }
}