{
    "optimal_time": 101.0,
    "opt_compute_time:": 0.3648883756250143,
    "spt_time": 129,
    "spt_compute_time": 3.370071962941438,
    "lpt_time": 132,
    "lpt_compute_time": 3.98095940425992,
    "n_jobs": 10,
    "n_resources": 10,
    "n_ops_per_job": 10,
    "max_op_time": 11,
    "jssp_identification": "10x10_159_inst.json",
    "solution_optimality": "OPTIMAL",
    "jssp_instance": {
        "durations": [
            [
                4,
                8,
                7,
                10,
                2,
                1,
                9,
                9,
                5,
                6
            ],
            [
                11,
                11,
                10,
                7,
                5,
                3,
                6,
                9,
                6,
                4
            ],
            [
                8,
                6,
                8,
                8,
                6,
                7,
                7,
                4,
                11,
                5
            ],
            [
                6,
                1,
                8,
                11,
                4,
                7,
                6,
                4,
                6,
                1
            ],
            [
                2,
                6,
                5,
                6,
                11,
                8,
                2,
                7,
                11,
                1
            ],
            [
                2,
                2,
                10,
                11,
                8,
                10,
                10,
                3,
                7,
                1
            ],
            [
                11,
                9,
                1,
                8,
                3,
                2,
                6,
                10,
                4,
                10
            ],
            [
                1,
                9,
                5,
                7,
                5,
                1,
                8,
                3,
                4,
                8
            ],
            [
                5,
                10,
                5,
                9,
                8,
                6,
                6,
                4,
                3,
                6
            ],
            [
                6,
                10,
                4,
                6,
                10,
                2,
                9,
                4,
                5,
                1
            ]
        ],
        "machines": [
            [
                2,
                1,
                4,
                7,
                3,
                6,
                5,
                8,
                9,
                0
            ],
            [
                9,
                7,
                6,
                0,
                5,
                2,
                3,
                1,
                8,
                4
            ],
            [
                4,
                9,
                7,
                8,
                3,
                0,
                5,
                1,
                6,
                2
            ],
            [
                3,
                1,
                5,
                4,
                7,
                8,
                9,
                2,
                6,
                0
            ],
            [
                2,
                4,
                1,
                8,
                9,
                5,
                7,
                6,
                3,
                0
            ],
            [
                3,
                8,
                6,
                2,
                9,
                7,
                5,
                1,
                4,
                0
            ],
            [
                4,
                1,
                7,
                6,
                2,
                5,
                0,
                8,
                9,
                3
            ],
            [
                5,
                9,
                1,
                6,
                8,
                4,
                7,
                2,
                3,
                0
            ],
            [
                4,
                1,
                7,
                3,
                8,
                0,
                6,
                9,
                5,
                2
            ],
            [
                0,
                4,
                2,
                5,
                6,
                8,
                1,
                7,
                3,
                9
            ]
        ]
    }
}