{
    "optimal_time": 97.0,
    "opt_compute_time:": 0.1447486849501729,
    "spt_time": 109,
    "spt_compute_time": 3.084145753644407,
    "lpt_time": 124,
    "lpt_compute_time": 3.806011605076492,
    "n_jobs": 10,
    "n_resources": 10,
    "n_ops_per_job": 10,
    "max_op_time": 11,
    "jssp_identification": "10x10_2395_inst.json",
    "solution_optimality": "OPTIMAL",
    "jssp_instance": {
        "durations": [
            [
                8,
                3,
                2,
                7,
                8,
                11,
                9,
                1,
                10,
                2
            ],
            [
                8,
                5,
                9,
                3,
                9,
                5,
                11,
                5,
                6,
                11
            ],
            [
                8,
                10,
                9,
                2,
                11,
                6,
                4,
                5,
                11,
                7
            ],
            [
                10,
                6,
                3,
                7,
                9,
                3,
                3,
                5,
                7,
                9
            ],
            [
                11,
                9,
                11,
                7,
                9,
                7,
                1,
                10,
                8,
                4
            ],
            [
                8,
                1,
                8,
                10,
                7,
                7,
                6,
                9,
                9,
                11
            ],
            [
                8,
                9,
                6,
                2,
                10,
                2,
                7,
                4,
                2,
                7
            ],
            [
                2,
                7,
                5,
                7,
                3,
                3,
                6,
                8,
                5,
                8
            ],
            [
                1,
                8,
                9,
                2,
                4,
                6,
                4,
                7,
                2,
                10
            ],
            [
                5,
                5,
                9,
                4,
                7,
                6,
                9,
                10,
                5,
                6
            ]
        ],
        "machines": [
            [
                4,
                2,
                8,
                0,
                7,
                6,
                3,
                5,
                9,
                1
            ],
            [
                0,
                9,
                5,
                4,
                3,
                2,
                8,
                6,
                1,
                7
            ],
            [
                1,
                3,
                6,
                2,
                8,
                7,
                5,
                9,
                0,
                4
            ],
            [
                5,
                8,
                7,
                4,
                0,
                3,
                1,
                9,
                6,
                2
            ],
            [
                2,
                7,
                6,
                1,
                4,
                3,
                0,
                8,
                9,
                5
            ],
            [
                6,
                1,
                5,
                4,
                9,
                0,
                7,
                8,
                2,
                3
            ],
            [
                0,
                7,
                5,
                1,
                3,
                6,
                9,
                2,
                4,
                8
            ],
            [
                8,
                2,
                9,
                1,
                3,
                5,
                4,
                6,
                0,
                7
            ],
            [
                3,
                8,
                1,
                7,
                0,
                9,
                4,
                2,
                5,
                6
            ],
            [
                4,
                2,
                5,
                1,
                7,
                3,
                9,
                0,
                8,
                6
            ]
        ]
    }
}