{
    "optimal_time": 95.0,
    "opt_compute_time:": 0.16607751278206706,
    "spt_time": 115,
    "spt_compute_time": 3.3648627777583897,
    "lpt_time": 141,
    "lpt_compute_time": 4.306838646065444,
    "n_jobs": 10,
    "n_resources": 10,
    "n_ops_per_job": 10,
    "max_op_time": 11,
    "jssp_identification": "10x10_1618_inst.json",
    "solution_optimality": "OPTIMAL",
    "jssp_instance": {
        "durations": [
            [
                2,
                1,
                7,
                2,
                2,
                11,
                2,
                9,
                3,
                9
            ],
            [
                5,
                4,
                9,
                7,
                1,
                4,
                9,
                8,
                9,
                8
            ],
            [
                11,
                1,
                9,
                11,
                7,
                2,
                10,
                4,
                4,
                5
            ],
            [
                3,
                9,
                6,
                10,
                7,
                2,
                11,
                5,
                9,
                2
            ],
            [
                1,
                6,
                6,
                9,
                8,
                4,
                3,
                1,
                8,
                3
            ],
            [
                6,
                4,
                7,
                11,
                3,
                3,
                8,
                9,
                1,
                6
            ],
            [
                11,
                11,
                6,
                11,
                1,
                9,
                3,
                7,
                9,
                7
            ],
            [
                8,
                2,
                4,
                8,
                11,
                8,
                11,
                8,
                10,
                7
            ],
            [
                9,
                10,
                8,
                7,
                7,
                7,
                3,
                4,
                4,
                10
            ],
            [
                2,
                5,
                3,
                3,
                9,
                2,
                10,
                3,
                3,
                3
            ]
        ],
        "machines": [
            [
                5,
                3,
                0,
                4,
                1,
                9,
                6,
                8,
                2,
                7
            ],
            [
                8,
                6,
                2,
                7,
                5,
                0,
                1,
                9,
                3,
                4
            ],
            [
                2,
                3,
                9,
                6,
                8,
                0,
                7,
                1,
                4,
                5
            ],
            [
                8,
                9,
                0,
                4,
                7,
                3,
                5,
                6,
                2,
                1
            ],
            [
                1,
                3,
                7,
                9,
                4,
                8,
                2,
                0,
                6,
                5
            ],
            [
                4,
                1,
                7,
                6,
                3,
                0,
                8,
                2,
                5,
                9
            ],
            [
                4,
                2,
                7,
                8,
                5,
                0,
                1,
                9,
                3,
                6
            ],
            [
                8,
                5,
                7,
                3,
                4,
                1,
                0,
                2,
                6,
                9
            ],
            [
                3,
                4,
                0,
                9,
                6,
                5,
                7,
                8,
                2,
                1
            ],
            [
                3,
                5,
                8,
                9,
                2,
                7,
                6,
                4,
                1,
                0
            ]
        ]
    }
}