{
    "optimal_time": 110.0,
    "opt_compute_time:": 0.3017876297235489,
    "spt_time": 136,
    "spt_compute_time": 3.5866447649896145,
    "lpt_time": 150,
    "lpt_compute_time": 4.759592025075108,
    "n_jobs": 10,
    "n_resources": 10,
    "n_ops_per_job": 10,
    "max_op_time": 11,
    "jssp_identification": "10x10_3122_inst.json",
    "solution_optimality": "OPTIMAL",
    "jssp_instance": {
        "durations": [
            [
                9,
                10,
                5,
                7,
                5,
                5,
                4,
                10,
                6,
                1
            ],
            [
                3,
                5,
                2,
                11,
                1,
                6,
                9,
                4,
                3,
                8
            ],
            [
                9,
                4,
                5,
                6,
                5,
                3,
                7,
                5,
                4,
                5
            ],
            [
                11,
                6,
                2,
                9,
                2,
                5,
                11,
                11,
                10,
                8
            ],
            [
                5,
                7,
                11,
                6,
                7,
                6,
                3,
                7,
                6,
                5
            ],
            [
                7,
                6,
                9,
                7,
                9,
                11,
                3,
                8,
                5,
                6
            ],
            [
                10,
                7,
                7,
                11,
                11,
                1,
                1,
                11,
                11,
                9
            ],
            [
                10,
                8,
                6,
                7,
                4,
                1,
                10,
                8,
                3,
                1
            ],
            [
                9,
                3,
                7,
                9,
                1,
                8,
                6,
                3,
                11,
                6
            ],
            [
                5,
                11,
                1,
                5,
                8,
                10,
                11,
                4,
                10,
                8
            ]
        ],
        "machines": [
            [
                6,
                0,
                4,
                9,
                7,
                3,
                1,
                5,
                2,
                8
            ],
            [
                4,
                0,
                3,
                2,
                6,
                9,
                1,
                7,
                8,
                5
            ],
            [
                9,
                8,
                1,
                7,
                5,
                3,
                2,
                0,
                6,
                4
            ],
            [
                1,
                9,
                8,
                7,
                3,
                0,
                4,
                2,
                6,
                5
            ],
            [
                4,
                3,
                9,
                1,
                2,
                7,
                5,
                6,
                0,
                8
            ],
            [
                1,
                0,
                3,
                7,
                6,
                4,
                5,
                9,
                8,
                2
            ],
            [
                0,
                3,
                9,
                1,
                7,
                4,
                6,
                8,
                5,
                2
            ],
            [
                9,
                5,
                0,
                7,
                2,
                3,
                4,
                1,
                6,
                8
            ],
            [
                3,
                0,
                5,
                2,
                4,
                7,
                6,
                1,
                8,
                9
            ],
            [
                0,
                5,
                6,
                8,
                3,
                7,
                4,
                9,
                1,
                2
            ]
        ]
    }
}