{
    "optimal_time": 108.0,
    "opt_compute_time:": 0.26245772978290915,
    "spt_time": 125,
    "spt_compute_time": 3.8888096222653985,
    "lpt_time": 147,
    "lpt_compute_time": 4.119533469900489,
    "n_jobs": 10,
    "n_resources": 10,
    "n_ops_per_job": 10,
    "max_op_time": 11,
    "jssp_identification": "10x10_1414_inst.json",
    "solution_optimality": "OPTIMAL",
    "jssp_instance": {
        "durations": [
            [
                6,
                5,
                6,
                2,
                8,
                9,
                1,
                4,
                7,
                9
            ],
            [
                11,
                1,
                3,
                4,
                6,
                8,
                11,
                8,
                6,
                4
            ],
            [
                10,
                6,
                5,
                3,
                11,
                11,
                8,
                4,
                8,
                10
            ],
            [
                3,
                10,
                2,
                6,
                1,
                10,
                10,
                7,
                6,
                4
            ],
            [
                11,
                6,
                2,
                1,
                10,
                10,
                7,
                9,
                5,
                11
            ],
            [
                1,
                3,
                6,
                5,
                9,
                9,
                11,
                4,
                2,
                9
            ],
            [
                5,
                10,
                3,
                2,
                10,
                11,
                10,
                9,
                5,
                1
            ],
            [
                5,
                9,
                9,
                3,
                4,
                7,
                4,
                3,
                8,
                4
            ],
            [
                8,
                10,
                6,
                10,
                8,
                7,
                8,
                1,
                5,
                7
            ],
            [
                11,
                7,
                10,
                9,
                5,
                8,
                5,
                9,
                2,
                4
            ]
        ],
        "machines": [
            [
                1,
                0,
                9,
                2,
                3,
                5,
                7,
                4,
                6,
                8
            ],
            [
                4,
                0,
                7,
                6,
                5,
                3,
                1,
                2,
                9,
                8
            ],
            [
                0,
                3,
                8,
                4,
                9,
                7,
                5,
                2,
                6,
                1
            ],
            [
                6,
                0,
                7,
                1,
                5,
                3,
                8,
                2,
                4,
                9
            ],
            [
                2,
                6,
                8,
                1,
                0,
                5,
                4,
                7,
                3,
                9
            ],
            [
                3,
                6,
                0,
                4,
                5,
                2,
                1,
                9,
                7,
                8
            ],
            [
                8,
                6,
                7,
                3,
                5,
                4,
                0,
                1,
                9,
                2
            ],
            [
                7,
                1,
                0,
                6,
                8,
                9,
                2,
                4,
                3,
                5
            ],
            [
                2,
                0,
                9,
                6,
                5,
                7,
                8,
                3,
                4,
                1
            ],
            [
                5,
                3,
                0,
                8,
                1,
                9,
                2,
                6,
                7,
                4
            ]
        ]
    }
}