{
    "optimal_time": 103.0,
    "opt_compute_time:": 0.4320764848962426,
    "spt_time": 122,
    "spt_compute_time": 3.6943985242396593,
    "lpt_time": 154,
    "lpt_compute_time": 4.494388479739428,
    "n_jobs": 10,
    "n_resources": 10,
    "n_ops_per_job": 10,
    "max_op_time": 11,
    "jssp_identification": "10x10_568_inst.json",
    "solution_optimality": "OPTIMAL",
    "jssp_instance": {
        "durations": [
            [
                9,
                11,
                8,
                10,
                4,
                6,
                8,
                8,
                8,
                4
            ],
            [
                7,
                10,
                2,
                10,
                3,
                11,
                8,
                11,
                7,
                7
            ],
            [
                5,
                1,
                1,
                4,
                8,
                10,
                7,
                9,
                5,
                3
            ],
            [
                10,
                8,
                4,
                3,
                2,
                3,
                4,
                2,
                6,
                10
            ],
            [
                10,
                9,
                11,
                7,
                2,
                5,
                10,
                9,
                10,
                11
            ],
            [
                7,
                6,
                5,
                5,
                10,
                2,
                8,
                3,
                3,
                3
            ],
            [
                2,
                4,
                2,
                4,
                2,
                11,
                2,
                2,
                2,
                1
            ],
            [
                4,
                9,
                6,
                7,
                1,
                6,
                4,
                2,
                4,
                6
            ],
            [
                11,
                4,
                8,
                7,
                1,
                5,
                9,
                8,
                8,
                4
            ],
            [
                10,
                11,
                3,
                8,
                9,
                4,
                4,
                10,
                5,
                11
            ]
        ],
        "machines": [
            [
                4,
                0,
                5,
                1,
                7,
                2,
                3,
                6,
                9,
                8
            ],
            [
                2,
                1,
                7,
                3,
                9,
                5,
                0,
                6,
                8,
                4
            ],
            [
                7,
                1,
                9,
                2,
                6,
                0,
                8,
                4,
                5,
                3
            ],
            [
                1,
                5,
                3,
                9,
                4,
                7,
                2,
                0,
                8,
                6
            ],
            [
                7,
                6,
                3,
                0,
                1,
                4,
                2,
                5,
                8,
                9
            ],
            [
                2,
                4,
                5,
                3,
                8,
                1,
                6,
                9,
                7,
                0
            ],
            [
                0,
                2,
                5,
                9,
                3,
                8,
                1,
                4,
                6,
                7
            ],
            [
                4,
                5,
                3,
                2,
                7,
                9,
                8,
                1,
                0,
                6
            ],
            [
                8,
                1,
                2,
                3,
                5,
                6,
                9,
                0,
                4,
                7
            ],
            [
                8,
                2,
                3,
                6,
                5,
                7,
                0,
                9,
                4,
                1
            ]
        ]
    }
}