{
    "optimal_time": 99.0,
    "opt_compute_time:": 0.09830080904066563,
    "spt_time": 124,
    "spt_compute_time": 3.4753277539275587,
    "lpt_time": 122,
    "lpt_compute_time": 3.8181590042077005,
    "n_jobs": 10,
    "n_resources": 10,
    "n_ops_per_job": 10,
    "max_op_time": 11,
    "jssp_identification": "10x10_3709_inst.json",
    "solution_optimality": "OPTIMAL",
    "jssp_instance": {
        "durations": [
            [
                1,
                1,
                2,
                9,
                6,
                2,
                7,
                6,
                8,
                1
            ],
            [
                3,
                7,
                2,
                6,
                7,
                5,
                8,
                8,
                6,
                8
            ],
            [
                1,
                8,
                10,
                4,
                4,
                2,
                1,
                1,
                10,
                1
            ],
            [
                11,
                1,
                4,
                9,
                9,
                2,
                2,
                1,
                4,
                11
            ],
            [
                2,
                8,
                3,
                2,
                1,
                5,
                2,
                6,
                7,
                7
            ],
            [
                8,
                11,
                5,
                4,
                1,
                9,
                5,
                9,
                11,
                11
            ],
            [
                4,
                10,
                6,
                8,
                4,
                4,
                5,
                11,
                8,
                4
            ],
            [
                10,
                2,
                10,
                11,
                1,
                11,
                8,
                2,
                11,
                3
            ],
            [
                8,
                9,
                3,
                7,
                11,
                6,
                1,
                3,
                11,
                7
            ],
            [
                4,
                8,
                5,
                10,
                10,
                9,
                8,
                3,
                2,
                2
            ]
        ],
        "machines": [
            [
                5,
                3,
                0,
                7,
                2,
                6,
                1,
                8,
                4,
                9
            ],
            [
                7,
                2,
                0,
                5,
                6,
                8,
                3,
                4,
                9,
                1
            ],
            [
                0,
                9,
                4,
                2,
                6,
                8,
                5,
                7,
                1,
                3
            ],
            [
                0,
                6,
                2,
                5,
                9,
                7,
                1,
                3,
                8,
                4
            ],
            [
                5,
                1,
                4,
                8,
                3,
                2,
                7,
                6,
                0,
                9
            ],
            [
                5,
                0,
                3,
                7,
                2,
                1,
                6,
                4,
                9,
                8
            ],
            [
                5,
                8,
                3,
                7,
                2,
                1,
                6,
                9,
                4,
                0
            ],
            [
                1,
                6,
                2,
                9,
                0,
                5,
                8,
                7,
                3,
                4
            ],
            [
                5,
                7,
                2,
                6,
                9,
                1,
                4,
                8,
                0,
                3
            ],
            [
                8,
                1,
                0,
                4,
                9,
                3,
                6,
                7,
                5,
                2
            ]
        ]
    }
}