{
    "optimal_time": 86.0,
    "opt_compute_time:": 0.16656205104663968,
    "spt_time": 98,
    "spt_compute_time": 2.983178175985813,
    "lpt_time": 108,
    "lpt_compute_time": 3.2002321840263903,
    "n_jobs": 10,
    "n_resources": 10,
    "n_ops_per_job": 10,
    "max_op_time": 11,
    "jssp_identification": "10x10_1927_inst.json",
    "solution_optimality": "OPTIMAL",
    "jssp_instance": {
        "durations": [
            [
                7,
                11,
                6,
                6,
                2,
                11,
                3,
                8,
                1,
                9
            ],
            [
                11,
                4,
                2,
                7,
                4,
                9,
                10,
                10,
                1,
                10
            ],
            [
                10,
                8,
                1,
                7,
                7,
                5,
                8,
                8,
                2,
                3
            ],
            [
                8,
                2,
                6,
                1,
                5,
                2,
                6,
                3,
                7,
                3
            ],
            [
                8,
                4,
                7,
                7,
                4,
                1,
                2,
                7,
                2,
                7
            ],
            [
                3,
                5,
                4,
                1,
                11,
                8,
                3,
                7,
                1,
                3
            ],
            [
                1,
                5,
                2,
                9,
                1,
                2,
                1,
                5,
                5,
                8
            ],
            [
                7,
                2,
                3,
                10,
                1,
                10,
                8,
                9,
                2,
                8
            ],
            [
                5,
                10,
                5,
                4,
                2,
                4,
                7,
                4,
                9,
                6
            ],
            [
                7,
                11,
                8,
                2,
                9,
                7,
                6,
                5,
                3,
                9
            ]
        ],
        "machines": [
            [
                2,
                8,
                3,
                0,
                5,
                7,
                6,
                4,
                1,
                9
            ],
            [
                8,
                0,
                5,
                2,
                3,
                4,
                6,
                1,
                9,
                7
            ],
            [
                4,
                9,
                8,
                5,
                1,
                3,
                6,
                0,
                2,
                7
            ],
            [
                9,
                4,
                7,
                6,
                3,
                2,
                1,
                8,
                0,
                5
            ],
            [
                5,
                6,
                2,
                9,
                1,
                4,
                3,
                7,
                8,
                0
            ],
            [
                2,
                4,
                7,
                0,
                6,
                3,
                1,
                9,
                8,
                5
            ],
            [
                5,
                6,
                9,
                0,
                4,
                8,
                1,
                7,
                2,
                3
            ],
            [
                3,
                9,
                1,
                7,
                4,
                5,
                6,
                0,
                8,
                2
            ],
            [
                7,
                2,
                5,
                9,
                8,
                6,
                0,
                4,
                1,
                3
            ],
            [
                4,
                0,
                9,
                6,
                1,
                2,
                7,
                5,
                3,
                8
            ]
        ]
    }
}