{
    "optimal_time": 94.0,
    "opt_compute_time:": 0.1874489113688469,
    "spt_time": 119,
    "spt_compute_time": 3.39720849506557,
    "lpt_time": 150,
    "lpt_compute_time": 4.5615977752022445,
    "n_jobs": 10,
    "n_resources": 10,
    "n_ops_per_job": 10,
    "max_op_time": 11,
    "jssp_identification": "10x10_3029_inst.json",
    "solution_optimality": "OPTIMAL",
    "jssp_instance": {
        "durations": [
            [
                8,
                4,
                3,
                4,
                10,
                6,
                10,
                4,
                11,
                8
            ],
            [
                2,
                6,
                1,
                10,
                3,
                9,
                7,
                9,
                10,
                2
            ],
            [
                8,
                6,
                2,
                4,
                7,
                10,
                9,
                8,
                3,
                8
            ],
            [
                1,
                2,
                2,
                6,
                11,
                7,
                2,
                11,
                11,
                8
            ],
            [
                3,
                3,
                9,
                2,
                5,
                8,
                3,
                2,
                9,
                3
            ],
            [
                4,
                8,
                5,
                6,
                3,
                3,
                5,
                5,
                8,
                6
            ],
            [
                7,
                2,
                1,
                2,
                8,
                10,
                6,
                5,
                4,
                4
            ],
            [
                9,
                10,
                11,
                1,
                1,
                1,
                7,
                11,
                1,
                8
            ],
            [
                10,
                6,
                4,
                5,
                5,
                11,
                11,
                4,
                11,
                3
            ],
            [
                7,
                5,
                2,
                5,
                8,
                5,
                7,
                3,
                7,
                11
            ]
        ],
        "machines": [
            [
                9,
                7,
                0,
                5,
                3,
                1,
                8,
                4,
                2,
                6
            ],
            [
                2,
                9,
                8,
                4,
                3,
                0,
                5,
                7,
                6,
                1
            ],
            [
                4,
                7,
                2,
                6,
                3,
                8,
                1,
                5,
                0,
                9
            ],
            [
                2,
                0,
                9,
                6,
                3,
                8,
                5,
                7,
                1,
                4
            ],
            [
                6,
                4,
                0,
                5,
                8,
                7,
                3,
                2,
                9,
                1
            ],
            [
                4,
                6,
                0,
                3,
                8,
                1,
                2,
                9,
                5,
                7
            ],
            [
                7,
                5,
                4,
                2,
                0,
                9,
                6,
                8,
                3,
                1
            ],
            [
                6,
                9,
                5,
                1,
                4,
                0,
                2,
                7,
                3,
                8
            ],
            [
                0,
                5,
                6,
                4,
                3,
                2,
                7,
                8,
                1,
                9
            ],
            [
                1,
                3,
                8,
                6,
                7,
                9,
                0,
                4,
                2,
                5
            ]
        ]
    }
}