{
    "optimal_time": 95.0,
    "opt_compute_time:": 0.13291672803461552,
    "spt_time": 119,
    "spt_compute_time": 3.5195691119879484,
    "lpt_time": 140,
    "lpt_compute_time": 3.6224445970728993,
    "n_jobs": 10,
    "n_resources": 10,
    "n_ops_per_job": 10,
    "max_op_time": 11,
    "jssp_identification": "10x10_797_inst.json",
    "solution_optimality": "OPTIMAL",
    "jssp_instance": {
        "durations": [
            [
                1,
                10,
                4,
                7,
                1,
                2,
                7,
                11,
                4,
                1
            ],
            [
                3,
                9,
                8,
                5,
                2,
                3,
                9,
                6,
                7,
                2
            ],
            [
                4,
                3,
                7,
                8,
                2,
                8,
                3,
                10,
                5,
                11
            ],
            [
                6,
                7,
                1,
                10,
                5,
                9,
                1,
                5,
                1,
                5
            ],
            [
                5,
                8,
                4,
                9,
                11,
                6,
                9,
                1,
                11,
                3
            ],
            [
                9,
                10,
                1,
                5,
                7,
                10,
                11,
                5,
                1,
                11
            ],
            [
                1,
                5,
                6,
                10,
                3,
                4,
                11,
                7,
                5,
                9
            ],
            [
                6,
                5,
                7,
                9,
                5,
                9,
                4,
                6,
                6,
                1
            ],
            [
                1,
                7,
                10,
                1,
                6,
                5,
                7,
                9,
                2,
                5
            ],
            [
                10,
                4,
                10,
                8,
                5,
                7,
                10,
                7,
                5,
                2
            ]
        ],
        "machines": [
            [
                5,
                0,
                3,
                2,
                4,
                9,
                6,
                1,
                7,
                8
            ],
            [
                4,
                0,
                8,
                6,
                2,
                3,
                9,
                1,
                7,
                5
            ],
            [
                3,
                6,
                7,
                5,
                8,
                1,
                0,
                9,
                2,
                4
            ],
            [
                6,
                7,
                1,
                8,
                5,
                9,
                4,
                3,
                2,
                0
            ],
            [
                6,
                1,
                0,
                2,
                4,
                3,
                5,
                8,
                9,
                7
            ],
            [
                9,
                6,
                2,
                7,
                8,
                1,
                5,
                0,
                4,
                3
            ],
            [
                7,
                3,
                6,
                2,
                0,
                5,
                1,
                4,
                9,
                8
            ],
            [
                4,
                5,
                6,
                3,
                0,
                2,
                8,
                7,
                9,
                1
            ],
            [
                7,
                2,
                0,
                4,
                1,
                3,
                9,
                6,
                5,
                8
            ],
            [
                9,
                4,
                6,
                1,
                7,
                3,
                0,
                8,
                5,
                2
            ]
        ]
    }
}