{
    "optimal_time": 91.0,
    "opt_compute_time:": 0.1310988343320787,
    "spt_time": 105,
    "spt_compute_time": 2.913065567612648,
    "lpt_time": 114,
    "lpt_compute_time": 3.6020990279503167,
    "n_jobs": 10,
    "n_resources": 10,
    "n_ops_per_job": 10,
    "max_op_time": 11,
    "jssp_identification": "10x10_2241_inst.json",
    "solution_optimality": "OPTIMAL",
    "jssp_instance": {
        "durations": [
            [
                11,
                11,
                6,
                4,
                8,
                10,
                2,
                10,
                10,
                1
            ],
            [
                7,
                1,
                2,
                5,
                8,
                11,
                6,
                6,
                9,
                9
            ],
            [
                4,
                2,
                2,
                4,
                11,
                3,
                6,
                5,
                5,
                10
            ],
            [
                6,
                6,
                2,
                3,
                6,
                3,
                5,
                8,
                9,
                2
            ],
            [
                10,
                9,
                3,
                1,
                5,
                10,
                2,
                3,
                6,
                11
            ],
            [
                6,
                9,
                5,
                5,
                8,
                3,
                11,
                7,
                8,
                4
            ],
            [
                7,
                10,
                4,
                3,
                5,
                6,
                7,
                2,
                9,
                2
            ],
            [
                6,
                1,
                3,
                3,
                2,
                8,
                6,
                1,
                2,
                6
            ],
            [
                5,
                5,
                10,
                5,
                9,
                1,
                8,
                10,
                9,
                2
            ],
            [
                7,
                4,
                5,
                6,
                10,
                4,
                2,
                7,
                6,
                10
            ]
        ],
        "machines": [
            [
                2,
                9,
                5,
                4,
                0,
                6,
                3,
                8,
                7,
                1
            ],
            [
                5,
                8,
                7,
                0,
                1,
                2,
                3,
                4,
                6,
                9
            ],
            [
                2,
                8,
                3,
                5,
                9,
                1,
                6,
                0,
                7,
                4
            ],
            [
                4,
                2,
                9,
                3,
                0,
                5,
                8,
                6,
                7,
                1
            ],
            [
                8,
                3,
                6,
                4,
                0,
                2,
                1,
                5,
                7,
                9
            ],
            [
                0,
                3,
                9,
                7,
                4,
                6,
                8,
                2,
                5,
                1
            ],
            [
                6,
                0,
                2,
                1,
                7,
                5,
                3,
                9,
                8,
                4
            ],
            [
                8,
                9,
                1,
                4,
                0,
                5,
                7,
                6,
                3,
                2
            ],
            [
                1,
                5,
                4,
                6,
                0,
                8,
                3,
                9,
                2,
                7
            ],
            [
                9,
                7,
                0,
                5,
                8,
                6,
                2,
                3,
                1,
                4
            ]
        ]
    }
}