{
    "optimal_time": 97.0,
    "opt_compute_time:": 0.10700803902000189,
    "spt_time": 120,
    "spt_compute_time": 3.7416924289427698,
    "lpt_time": 118,
    "lpt_compute_time": 4.108388859778643,
    "n_jobs": 10,
    "n_resources": 10,
    "n_ops_per_job": 10,
    "max_op_time": 11,
    "jssp_identification": "10x10_2754_inst.json",
    "solution_optimality": "OPTIMAL",
    "jssp_instance": {
        "durations": [
            [
                6,
                10,
                6,
                5,
                6,
                3,
                11,
                3,
                3,
                10
            ],
            [
                8,
                5,
                6,
                11,
                5,
                6,
                2,
                10,
                10,
                10
            ],
            [
                8,
                11,
                5,
                8,
                4,
                3,
                7,
                9,
                1,
                1
            ],
            [
                10,
                4,
                2,
                11,
                8,
                4,
                9,
                2,
                8,
                2
            ],
            [
                1,
                5,
                11,
                11,
                9,
                6,
                9,
                1,
                1,
                9
            ],
            [
                11,
                3,
                3,
                7,
                9,
                7,
                9,
                11,
                11,
                3
            ],
            [
                3,
                10,
                7,
                10,
                2,
                3,
                5,
                5,
                8,
                10
            ],
            [
                7,
                3,
                5,
                10,
                1,
                7,
                3,
                2,
                2,
                6
            ],
            [
                11,
                6,
                3,
                6,
                1,
                7,
                9,
                5,
                7,
                6
            ],
            [
                9,
                7,
                7,
                10,
                3,
                3,
                4,
                4,
                11,
                9
            ]
        ],
        "machines": [
            [
                8,
                3,
                1,
                6,
                5,
                9,
                0,
                7,
                4,
                2
            ],
            [
                6,
                9,
                4,
                8,
                0,
                3,
                5,
                7,
                2,
                1
            ],
            [
                7,
                4,
                9,
                8,
                5,
                0,
                6,
                1,
                3,
                2
            ],
            [
                8,
                2,
                4,
                9,
                7,
                1,
                3,
                5,
                6,
                0
            ],
            [
                4,
                0,
                7,
                6,
                9,
                3,
                5,
                2,
                8,
                1
            ],
            [
                3,
                9,
                4,
                0,
                7,
                6,
                8,
                2,
                1,
                5
            ],
            [
                9,
                4,
                1,
                0,
                5,
                3,
                7,
                2,
                6,
                8
            ],
            [
                2,
                6,
                1,
                7,
                3,
                4,
                9,
                5,
                0,
                8
            ],
            [
                6,
                3,
                1,
                8,
                2,
                9,
                5,
                4,
                7,
                0
            ],
            [
                0,
                5,
                1,
                6,
                9,
                4,
                2,
                7,
                8,
                3
            ]
        ]
    }
}