{
    "optimal_time": 100.0,
    "opt_compute_time:": 0.31114090885967016,
    "spt_time": 112,
    "spt_compute_time": 3.5200533592142165,
    "lpt_time": 118,
    "lpt_compute_time": 3.2821226860396564,
    "n_jobs": 10,
    "n_resources": 10,
    "n_ops_per_job": 10,
    "max_op_time": 11,
    "jssp_identification": "10x10_1381_inst.json",
    "solution_optimality": "OPTIMAL",
    "jssp_instance": {
        "durations": [
            [
                3,
                6,
                10,
                5,
                11,
                3,
                4,
                2,
                7,
                6
            ],
            [
                1,
                6,
                8,
                7,
                11,
                9,
                10,
                4,
                4,
                10
            ],
            [
                5,
                1,
                10,
                9,
                10,
                6,
                10,
                6,
                10,
                8
            ],
            [
                4,
                9,
                3,
                3,
                1,
                10,
                1,
                8,
                10,
                11
            ],
            [
                4,
                4,
                6,
                7,
                6,
                10,
                1,
                11,
                9,
                5
            ],
            [
                10,
                4,
                7,
                4,
                5,
                6,
                10,
                6,
                8,
                8
            ],
            [
                10,
                5,
                8,
                1,
                4,
                10,
                11,
                5,
                9,
                8
            ],
            [
                8,
                2,
                11,
                2,
                10,
                6,
                8,
                5,
                6,
                6
            ],
            [
                5,
                5,
                2,
                1,
                11,
                6,
                6,
                3,
                8,
                10
            ],
            [
                5,
                8,
                6,
                11,
                2,
                5,
                11,
                1,
                1,
                11
            ]
        ],
        "machines": [
            [
                7,
                1,
                3,
                4,
                2,
                0,
                9,
                5,
                6,
                8
            ],
            [
                2,
                1,
                9,
                3,
                8,
                6,
                5,
                4,
                7,
                0
            ],
            [
                6,
                9,
                3,
                5,
                7,
                4,
                1,
                2,
                0,
                8
            ],
            [
                0,
                5,
                9,
                2,
                8,
                4,
                7,
                1,
                6,
                3
            ],
            [
                8,
                7,
                9,
                2,
                4,
                6,
                3,
                5,
                1,
                0
            ],
            [
                8,
                0,
                3,
                7,
                9,
                6,
                4,
                5,
                2,
                1
            ],
            [
                1,
                5,
                6,
                8,
                9,
                7,
                0,
                2,
                3,
                4
            ],
            [
                0,
                5,
                9,
                1,
                6,
                2,
                4,
                8,
                7,
                3
            ],
            [
                5,
                7,
                3,
                6,
                2,
                4,
                0,
                1,
                8,
                9
            ],
            [
                8,
                2,
                7,
                9,
                6,
                3,
                0,
                4,
                5,
                1
            ]
        ]
    }
}