{
    "optimal_time": 90.0,
    "opt_compute_time:": 0.17086670827120543,
    "spt_time": 100,
    "spt_compute_time": 3.2503528431989253,
    "lpt_time": 116,
    "lpt_compute_time": 3.467429914046079,
    "n_jobs": 10,
    "n_resources": 10,
    "n_ops_per_job": 10,
    "max_op_time": 11,
    "jssp_identification": "10x10_1622_inst.json",
    "solution_optimality": "OPTIMAL",
    "jssp_instance": {
        "durations": [
            [
                6,
                11,
                8,
                1,
                2,
                3,
                4,
                1,
                1,
                7
            ],
            [
                3,
                1,
                9,
                9,
                5,
                8,
                6,
                10,
                11,
                4
            ],
            [
                7,
                1,
                11,
                10,
                8,
                3,
                7,
                1,
                1,
                10
            ],
            [
                1,
                2,
                3,
                2,
                2,
                10,
                5,
                6,
                9,
                6
            ],
            [
                4,
                9,
                1,
                10,
                11,
                1,
                8,
                1,
                7,
                6
            ],
            [
                1,
                1,
                3,
                6,
                7,
                2,
                11,
                4,
                1,
                8
            ],
            [
                5,
                6,
                2,
                8,
                6,
                4,
                1,
                8,
                5,
                3
            ],
            [
                6,
                4,
                8,
                1,
                4,
                3,
                9,
                2,
                6,
                2
            ],
            [
                2,
                5,
                7,
                1,
                1,
                3,
                7,
                11,
                3,
                6
            ],
            [
                4,
                2,
                7,
                4,
                4,
                9,
                6,
                9,
                11,
                4
            ]
        ],
        "machines": [
            [
                0,
                7,
                9,
                8,
                2,
                5,
                3,
                6,
                1,
                4
            ],
            [
                8,
                2,
                6,
                5,
                1,
                9,
                0,
                3,
                4,
                7
            ],
            [
                5,
                9,
                2,
                3,
                1,
                7,
                8,
                0,
                6,
                4
            ],
            [
                1,
                6,
                4,
                9,
                2,
                8,
                3,
                7,
                5,
                0
            ],
            [
                5,
                8,
                2,
                0,
                3,
                6,
                1,
                7,
                4,
                9
            ],
            [
                6,
                0,
                5,
                9,
                2,
                4,
                1,
                3,
                8,
                7
            ],
            [
                5,
                7,
                2,
                9,
                3,
                4,
                1,
                8,
                0,
                6
            ],
            [
                3,
                9,
                8,
                1,
                2,
                5,
                0,
                7,
                4,
                6
            ],
            [
                9,
                3,
                5,
                1,
                8,
                2,
                0,
                7,
                4,
                6
            ],
            [
                8,
                4,
                3,
                1,
                7,
                2,
                6,
                5,
                9,
                0
            ]
        ]
    }
}