{
    "optimal_time": 99.0,
    "opt_compute_time:": 0.1523936279118061,
    "spt_time": 109,
    "spt_compute_time": 3.4992303079925478,
    "lpt_time": 145,
    "lpt_compute_time": 4.378437128849328,
    "n_jobs": 10,
    "n_resources": 10,
    "n_ops_per_job": 10,
    "max_op_time": 11,
    "jssp_identification": "10x10_3190_inst.json",
    "solution_optimality": "OPTIMAL",
    "jssp_instance": {
        "durations": [
            [
                5,
                10,
                10,
                4,
                6,
                11,
                7,
                2,
                9,
                1
            ],
            [
                6,
                10,
                3,
                6,
                1,
                9,
                3,
                1,
                11,
                2
            ],
            [
                5,
                9,
                2,
                8,
                3,
                6,
                8,
                3,
                3,
                4
            ],
            [
                3,
                11,
                4,
                4,
                10,
                7,
                9,
                7,
                7,
                7
            ],
            [
                11,
                10,
                6,
                7,
                7,
                8,
                1,
                5,
                7,
                1
            ],
            [
                9,
                2,
                10,
                1,
                6,
                3,
                10,
                11,
                7,
                8
            ],
            [
                4,
                3,
                10,
                10,
                6,
                11,
                3,
                5,
                1,
                7
            ],
            [
                8,
                7,
                11,
                2,
                3,
                7,
                1,
                2,
                10,
                8
            ],
            [
                10,
                3,
                4,
                2,
                10,
                2,
                7,
                6,
                1,
                7
            ],
            [
                8,
                3,
                5,
                8,
                4,
                8,
                9,
                4,
                1,
                7
            ]
        ],
        "machines": [
            [
                8,
                1,
                3,
                5,
                4,
                2,
                6,
                9,
                0,
                7
            ],
            [
                6,
                0,
                5,
                4,
                1,
                9,
                2,
                8,
                3,
                7
            ],
            [
                7,
                3,
                5,
                8,
                0,
                2,
                6,
                9,
                4,
                1
            ],
            [
                6,
                7,
                5,
                9,
                1,
                4,
                2,
                8,
                3,
                0
            ],
            [
                5,
                2,
                6,
                3,
                8,
                0,
                9,
                4,
                1,
                7
            ],
            [
                4,
                6,
                2,
                8,
                7,
                3,
                5,
                9,
                0,
                1
            ],
            [
                0,
                7,
                8,
                2,
                9,
                4,
                5,
                6,
                1,
                3
            ],
            [
                1,
                6,
                8,
                0,
                2,
                9,
                5,
                7,
                3,
                4
            ],
            [
                8,
                0,
                3,
                6,
                1,
                4,
                2,
                9,
                5,
                7
            ],
            [
                6,
                7,
                2,
                9,
                3,
                8,
                1,
                4,
                0,
                5
            ]
        ]
    }
}