{
    "optimal_time": 91.0,
    "opt_compute_time:": 0.21108617214486003,
    "spt_time": 104,
    "spt_compute_time": 2.8457788140513003,
    "lpt_time": 111,
    "lpt_compute_time": 3.633169539272785,
    "n_jobs": 10,
    "n_resources": 10,
    "n_ops_per_job": 10,
    "max_op_time": 11,
    "jssp_identification": "10x10_1952_inst.json",
    "solution_optimality": "OPTIMAL",
    "jssp_instance": {
        "durations": [
            [
                1,
                2,
                9,
                3,
                10,
                7,
                1,
                1,
                11,
                9
            ],
            [
                2,
                9,
                3,
                7,
                2,
                2,
                9,
                4,
                2,
                11
            ],
            [
                6,
                10,
                6,
                3,
                8,
                9,
                2,
                6,
                1,
                5
            ],
            [
                10,
                11,
                7,
                4,
                11,
                6,
                4,
                7,
                7,
                5
            ],
            [
                8,
                3,
                3,
                5,
                2,
                10,
                11,
                5,
                5,
                10
            ],
            [
                11,
                6,
                3,
                1,
                1,
                8,
                9,
                2,
                2,
                4
            ],
            [
                10,
                5,
                7,
                1,
                7,
                11,
                2,
                5,
                1,
                11
            ],
            [
                5,
                10,
                6,
                5,
                2,
                3,
                7,
                1,
                7,
                9
            ],
            [
                1,
                6,
                4,
                6,
                3,
                6,
                5,
                10,
                8,
                6
            ],
            [
                1,
                6,
                4,
                8,
                6,
                9,
                1,
                3,
                8,
                7
            ]
        ],
        "machines": [
            [
                4,
                9,
                1,
                8,
                0,
                3,
                2,
                6,
                7,
                5
            ],
            [
                8,
                7,
                4,
                9,
                1,
                3,
                0,
                2,
                6,
                5
            ],
            [
                7,
                1,
                8,
                2,
                6,
                0,
                3,
                4,
                9,
                5
            ],
            [
                6,
                0,
                7,
                5,
                8,
                1,
                2,
                4,
                3,
                9
            ],
            [
                0,
                5,
                2,
                6,
                9,
                8,
                4,
                7,
                1,
                3
            ],
            [
                1,
                6,
                2,
                4,
                5,
                0,
                7,
                8,
                9,
                3
            ],
            [
                3,
                0,
                1,
                5,
                8,
                9,
                2,
                7,
                6,
                4
            ],
            [
                7,
                5,
                3,
                0,
                4,
                8,
                6,
                2,
                9,
                1
            ],
            [
                0,
                8,
                3,
                9,
                5,
                1,
                7,
                6,
                2,
                4
            ],
            [
                6,
                2,
                1,
                3,
                5,
                9,
                8,
                0,
                4,
                7
            ]
        ]
    }
}