{
    "optimal_time": 113.0,
    "opt_compute_time:": 0.26388776767998934,
    "spt_time": 127,
    "spt_compute_time": 3.8431031848303974,
    "lpt_time": 145,
    "lpt_compute_time": 3.786597076803446,
    "n_jobs": 10,
    "n_resources": 10,
    "n_ops_per_job": 10,
    "max_op_time": 11,
    "jssp_identification": "10x10_3137_inst.json",
    "solution_optimality": "OPTIMAL",
    "jssp_instance": {
        "durations": [
            [
                1,
                6,
                7,
                5,
                8,
                7,
                6,
                2,
                3,
                8
            ],
            [
                11,
                11,
                9,
                5,
                10,
                11,
                5,
                5,
                4,
                2
            ],
            [
                8,
                6,
                11,
                10,
                1,
                6,
                9,
                1,
                7,
                10
            ],
            [
                5,
                7,
                4,
                8,
                10,
                9,
                1,
                9,
                11,
                2
            ],
            [
                6,
                3,
                3,
                2,
                11,
                10,
                10,
                4,
                5,
                6
            ],
            [
                10,
                2,
                6,
                10,
                5,
                3,
                6,
                10,
                3,
                7
            ],
            [
                2,
                8,
                1,
                11,
                7,
                1,
                4,
                5,
                11,
                11
            ],
            [
                5,
                8,
                1,
                10,
                10,
                5,
                11,
                7,
                3,
                11
            ],
            [
                8,
                7,
                7,
                10,
                2,
                8,
                6,
                9,
                8,
                9
            ],
            [
                7,
                7,
                9,
                7,
                2,
                5,
                11,
                2,
                11,
                7
            ]
        ],
        "machines": [
            [
                0,
                9,
                7,
                5,
                3,
                8,
                1,
                4,
                6,
                2
            ],
            [
                1,
                8,
                5,
                9,
                3,
                6,
                7,
                0,
                2,
                4
            ],
            [
                8,
                0,
                6,
                4,
                9,
                2,
                3,
                1,
                7,
                5
            ],
            [
                8,
                9,
                7,
                3,
                6,
                0,
                4,
                1,
                2,
                5
            ],
            [
                1,
                7,
                4,
                6,
                0,
                8,
                5,
                9,
                2,
                3
            ],
            [
                8,
                9,
                6,
                1,
                2,
                3,
                7,
                5,
                0,
                4
            ],
            [
                1,
                0,
                4,
                6,
                5,
                8,
                9,
                3,
                7,
                2
            ],
            [
                3,
                7,
                5,
                6,
                2,
                9,
                8,
                0,
                1,
                4
            ],
            [
                5,
                1,
                4,
                7,
                6,
                8,
                2,
                3,
                9,
                0
            ],
            [
                3,
                5,
                0,
                9,
                4,
                8,
                6,
                1,
                2,
                7
            ]
        ]
    }
}