{
    "optimal_time": 94.0,
    "opt_compute_time:": 0.1254315529949963,
    "spt_time": 104,
    "spt_compute_time": 3.186531787738204,
    "lpt_time": 131,
    "lpt_compute_time": 3.900663325097412,
    "n_jobs": 10,
    "n_resources": 10,
    "n_ops_per_job": 10,
    "max_op_time": 11,
    "jssp_identification": "10x10_3831_inst.json",
    "solution_optimality": "OPTIMAL",
    "jssp_instance": {
        "durations": [
            [
                8,
                10,
                7,
                10,
                4,
                6,
                2,
                3,
                10,
                9
            ],
            [
                3,
                4,
                2,
                11,
                3,
                6,
                6,
                4,
                9,
                2
            ],
            [
                1,
                9,
                5,
                1,
                1,
                8,
                4,
                4,
                8,
                7
            ],
            [
                11,
                4,
                8,
                1,
                8,
                6,
                4,
                8,
                8,
                3
            ],
            [
                1,
                4,
                4,
                10,
                9,
                5,
                2,
                3,
                10,
                1
            ],
            [
                4,
                7,
                3,
                8,
                8,
                11,
                11,
                3,
                2,
                6
            ],
            [
                8,
                8,
                1,
                10,
                9,
                2,
                9,
                7,
                9,
                9
            ],
            [
                7,
                9,
                9,
                2,
                10,
                7,
                7,
                9,
                6,
                10
            ],
            [
                3,
                4,
                7,
                2,
                6,
                8,
                7,
                5,
                11,
                6
            ],
            [
                5,
                11,
                8,
                1,
                11,
                8,
                5,
                3,
                3,
                7
            ]
        ],
        "machines": [
            [
                1,
                5,
                9,
                8,
                2,
                4,
                0,
                3,
                7,
                6
            ],
            [
                1,
                6,
                9,
                3,
                4,
                0,
                7,
                2,
                5,
                8
            ],
            [
                7,
                5,
                6,
                3,
                0,
                9,
                4,
                2,
                1,
                8
            ],
            [
                7,
                3,
                2,
                6,
                8,
                5,
                4,
                0,
                1,
                9
            ],
            [
                9,
                0,
                2,
                5,
                3,
                6,
                8,
                7,
                1,
                4
            ],
            [
                7,
                2,
                8,
                5,
                1,
                4,
                6,
                3,
                0,
                9
            ],
            [
                7,
                4,
                6,
                2,
                5,
                3,
                9,
                0,
                1,
                8
            ],
            [
                4,
                0,
                2,
                8,
                5,
                1,
                3,
                6,
                9,
                7
            ],
            [
                7,
                3,
                4,
                9,
                8,
                6,
                1,
                2,
                0,
                5
            ],
            [
                9,
                7,
                3,
                1,
                0,
                5,
                2,
                8,
                6,
                4
            ]
        ]
    }
}