{
    "optimal_time": 91.0,
    "opt_compute_time:": 0.16112020798027515,
    "spt_time": 111,
    "spt_compute_time": 3.2953584329225123,
    "lpt_time": 132,
    "lpt_compute_time": 3.481947157997638,
    "n_jobs": 10,
    "n_resources": 10,
    "n_ops_per_job": 10,
    "max_op_time": 11,
    "jssp_identification": "10x10_2068_inst.json",
    "solution_optimality": "OPTIMAL",
    "jssp_instance": {
        "durations": [
            [
                3,
                9,
                4,
                4,
                6,
                7,
                7,
                1,
                3,
                7
            ],
            [
                8,
                5,
                5,
                4,
                7,
                11,
                4,
                6,
                2,
                6
            ],
            [
                9,
                2,
                8,
                5,
                8,
                8,
                8,
                8,
                1,
                8
            ],
            [
                7,
                5,
                4,
                10,
                8,
                11,
                11,
                1,
                4,
                2
            ],
            [
                8,
                5,
                6,
                3,
                1,
                4,
                10,
                3,
                10,
                6
            ],
            [
                11,
                8,
                1,
                4,
                4,
                4,
                3,
                5,
                10,
                1
            ],
            [
                5,
                3,
                3,
                8,
                10,
                7,
                5,
                10,
                7,
                1
            ],
            [
                1,
                3,
                5,
                9,
                4,
                11,
                2,
                9,
                7,
                5
            ],
            [
                5,
                9,
                10,
                11,
                4,
                8,
                9,
                11,
                2,
                5
            ],
            [
                9,
                1,
                8,
                2,
                11,
                4,
                8,
                2,
                5,
                9
            ]
        ],
        "machines": [
            [
                1,
                5,
                8,
                3,
                6,
                4,
                2,
                7,
                0,
                9
            ],
            [
                9,
                8,
                5,
                0,
                2,
                4,
                1,
                3,
                6,
                7
            ],
            [
                8,
                2,
                3,
                0,
                4,
                7,
                6,
                5,
                1,
                9
            ],
            [
                9,
                4,
                0,
                3,
                7,
                1,
                6,
                5,
                8,
                2
            ],
            [
                2,
                4,
                7,
                1,
                5,
                8,
                6,
                0,
                3,
                9
            ],
            [
                5,
                2,
                6,
                9,
                8,
                3,
                1,
                4,
                0,
                7
            ],
            [
                8,
                7,
                0,
                4,
                3,
                5,
                2,
                6,
                1,
                9
            ],
            [
                1,
                4,
                7,
                0,
                6,
                8,
                2,
                3,
                9,
                5
            ],
            [
                1,
                3,
                2,
                0,
                5,
                8,
                4,
                7,
                6,
                9
            ],
            [
                0,
                8,
                5,
                6,
                9,
                3,
                7,
                4,
                2,
                1
            ]
        ]
    }
}