{
    "optimal_time": 98.0,
    "opt_compute_time:": 0.12099840585142374,
    "spt_time": 126,
    "spt_compute_time": 3.7016158029437065,
    "lpt_time": 130,
    "lpt_compute_time": 4.000009191222489,
    "n_jobs": 10,
    "n_resources": 10,
    "n_ops_per_job": 10,
    "max_op_time": 11,
    "jssp_identification": "10x10_1214_inst.json",
    "solution_optimality": "OPTIMAL",
    "jssp_instance": {
        "durations": [
            [
                2,
                8,
                7,
                9,
                3,
                4,
                6,
                3,
                2,
                3
            ],
            [
                9,
                4,
                8,
                7,
                9,
                4,
                8,
                2,
                9,
                4
            ],
            [
                8,
                8,
                1,
                11,
                3,
                11,
                7,
                9,
                6,
                9
            ],
            [
                3,
                6,
                9,
                3,
                11,
                3,
                3,
                10,
                4,
                5
            ],
            [
                7,
                5,
                6,
                2,
                3,
                9,
                8,
                7,
                11,
                3
            ],
            [
                3,
                1,
                6,
                10,
                8,
                3,
                8,
                1,
                3,
                7
            ],
            [
                9,
                7,
                7,
                3,
                1,
                1,
                9,
                1,
                5,
                6
            ],
            [
                7,
                4,
                3,
                11,
                9,
                2,
                2,
                7,
                11,
                10
            ],
            [
                8,
                5,
                4,
                1,
                2,
                10,
                6,
                10,
                9,
                5
            ],
            [
                10,
                3,
                10,
                9,
                3,
                6,
                3,
                6,
                8,
                2
            ]
        ],
        "machines": [
            [
                6,
                8,
                3,
                2,
                9,
                0,
                7,
                4,
                1,
                5
            ],
            [
                1,
                5,
                2,
                9,
                8,
                0,
                3,
                6,
                4,
                7
            ],
            [
                7,
                4,
                9,
                2,
                5,
                1,
                8,
                6,
                0,
                3
            ],
            [
                6,
                3,
                5,
                1,
                9,
                0,
                2,
                8,
                7,
                4
            ],
            [
                4,
                9,
                0,
                6,
                2,
                8,
                7,
                3,
                5,
                1
            ],
            [
                0,
                3,
                5,
                8,
                1,
                6,
                9,
                4,
                2,
                7
            ],
            [
                8,
                6,
                1,
                9,
                3,
                2,
                7,
                5,
                4,
                0
            ],
            [
                4,
                7,
                1,
                8,
                6,
                3,
                9,
                2,
                0,
                5
            ],
            [
                8,
                2,
                1,
                7,
                5,
                3,
                0,
                9,
                6,
                4
            ],
            [
                4,
                7,
                0,
                9,
                5,
                8,
                2,
                3,
                1,
                6
            ]
        ]
    }
}