{
    "optimal_time": 91.0,
    "opt_compute_time:": 0.1540247010998428,
    "spt_time": 118,
    "spt_compute_time": 3.510681565850973,
    "lpt_time": 110,
    "lpt_compute_time": 3.4924634057097137,
    "n_jobs": 10,
    "n_resources": 10,
    "n_ops_per_job": 10,
    "max_op_time": 11,
    "jssp_identification": "10x10_437_inst.json",
    "solution_optimality": "OPTIMAL",
    "jssp_instance": {
        "durations": [
            [
                1,
                5,
                8,
                5,
                7,
                5,
                5,
                5,
                7,
                7
            ],
            [
                9,
                3,
                10,
                3,
                4,
                1,
                1,
                10,
                10,
                4
            ],
            [
                4,
                3,
                10,
                9,
                8,
                7,
                10,
                9,
                3,
                1
            ],
            [
                7,
                4,
                9,
                9,
                8,
                7,
                5,
                11,
                11,
                3
            ],
            [
                10,
                4,
                3,
                2,
                11,
                3,
                1,
                6,
                6,
                1
            ],
            [
                1,
                3,
                7,
                9,
                7,
                5,
                4,
                3,
                10,
                9
            ],
            [
                6,
                4,
                6,
                8,
                7,
                8,
                4,
                9,
                10,
                6
            ],
            [
                8,
                9,
                5,
                7,
                8,
                8,
                2,
                7,
                7,
                11
            ],
            [
                1,
                5,
                11,
                4,
                1,
                10,
                5,
                8,
                10,
                8
            ],
            [
                4,
                7,
                3,
                6,
                3,
                6,
                9,
                2,
                4,
                1
            ]
        ],
        "machines": [
            [
                9,
                7,
                8,
                0,
                3,
                5,
                1,
                2,
                4,
                6
            ],
            [
                5,
                1,
                7,
                2,
                4,
                6,
                8,
                3,
                0,
                9
            ],
            [
                2,
                4,
                6,
                3,
                5,
                1,
                7,
                9,
                8,
                0
            ],
            [
                7,
                2,
                1,
                4,
                9,
                3,
                0,
                8,
                6,
                5
            ],
            [
                8,
                6,
                9,
                7,
                0,
                3,
                4,
                2,
                5,
                1
            ],
            [
                2,
                4,
                0,
                3,
                5,
                6,
                1,
                9,
                7,
                8
            ],
            [
                5,
                1,
                4,
                7,
                2,
                9,
                3,
                0,
                8,
                6
            ],
            [
                0,
                1,
                9,
                6,
                4,
                8,
                7,
                5,
                2,
                3
            ],
            [
                6,
                8,
                3,
                4,
                9,
                0,
                7,
                1,
                5,
                2
            ],
            [
                4,
                8,
                7,
                3,
                9,
                5,
                6,
                1,
                0,
                2
            ]
        ]
    }
}