{
    "optimal_time": 102.0,
    "opt_compute_time:": 0.1595668811351061,
    "spt_time": 132,
    "spt_compute_time": 3.8037818442098796,
    "lpt_time": 145,
    "lpt_compute_time": 4.307809049729258,
    "n_jobs": 10,
    "n_resources": 10,
    "n_ops_per_job": 10,
    "max_op_time": 11,
    "jssp_identification": "10x10_3322_inst.json",
    "solution_optimality": "OPTIMAL",
    "jssp_instance": {
        "durations": [
            [
                5,
                1,
                8,
                5,
                2,
                10,
                2,
                8,
                3,
                2
            ],
            [
                4,
                7,
                8,
                6,
                10,
                5,
                11,
                1,
                1,
                3
            ],
            [
                4,
                11,
                2,
                1,
                2,
                9,
                2,
                5,
                8,
                2
            ],
            [
                7,
                7,
                1,
                6,
                2,
                7,
                7,
                10,
                6,
                11
            ],
            [
                10,
                1,
                6,
                1,
                9,
                8,
                8,
                2,
                6,
                2
            ],
            [
                5,
                3,
                3,
                7,
                3,
                6,
                10,
                3,
                8,
                4
            ],
            [
                7,
                9,
                11,
                4,
                2,
                7,
                3,
                10,
                1,
                8
            ],
            [
                2,
                2,
                9,
                2,
                5,
                4,
                2,
                7,
                10,
                8
            ],
            [
                2,
                11,
                9,
                6,
                7,
                6,
                8,
                8,
                1,
                3
            ],
            [
                4,
                6,
                2,
                11,
                1,
                5,
                11,
                9,
                3,
                6
            ]
        ],
        "machines": [
            [
                4,
                6,
                5,
                2,
                9,
                0,
                8,
                7,
                1,
                3
            ],
            [
                4,
                5,
                0,
                3,
                8,
                1,
                7,
                2,
                9,
                6
            ],
            [
                7,
                2,
                8,
                1,
                5,
                4,
                9,
                3,
                6,
                0
            ],
            [
                7,
                4,
                9,
                0,
                2,
                6,
                3,
                8,
                1,
                5
            ],
            [
                4,
                7,
                5,
                8,
                3,
                9,
                2,
                1,
                6,
                0
            ],
            [
                7,
                1,
                9,
                2,
                3,
                4,
                8,
                6,
                0,
                5
            ],
            [
                0,
                4,
                8,
                9,
                6,
                7,
                3,
                5,
                2,
                1
            ],
            [
                3,
                5,
                4,
                8,
                7,
                9,
                2,
                1,
                6,
                0
            ],
            [
                5,
                4,
                3,
                1,
                7,
                6,
                0,
                9,
                8,
                2
            ],
            [
                4,
                8,
                6,
                7,
                5,
                3,
                1,
                0,
                2,
                9
            ]
        ]
    }
}