{
    "optimal_time": 85.0,
    "opt_compute_time:": 0.13470118399709463,
    "spt_time": 103,
    "spt_compute_time": 3.1549910409376025,
    "lpt_time": 118,
    "lpt_compute_time": 3.5436851396225393,
    "n_jobs": 10,
    "n_resources": 10,
    "n_ops_per_job": 10,
    "max_op_time": 11,
    "jssp_identification": "10x10_1070_inst.json",
    "solution_optimality": "OPTIMAL",
    "jssp_instance": {
        "durations": [
            [
                8,
                3,
                5,
                2,
                10,
                9,
                2,
                3,
                11,
                2
            ],
            [
                1,
                6,
                7,
                5,
                7,
                10,
                1,
                4,
                6,
                5
            ],
            [
                2,
                2,
                5,
                2,
                4,
                6,
                2,
                10,
                2,
                1
            ],
            [
                3,
                10,
                4,
                4,
                11,
                6,
                5,
                9,
                9,
                3
            ],
            [
                4,
                9,
                11,
                10,
                1,
                10,
                3,
                3,
                8,
                6
            ],
            [
                3,
                6,
                8,
                6,
                2,
                1,
                2,
                6,
                4,
                8
            ],
            [
                3,
                6,
                10,
                8,
                5,
                6,
                11,
                2,
                3,
                3
            ],
            [
                9,
                1,
                5,
                9,
                3,
                4,
                4,
                7,
                2,
                5
            ],
            [
                5,
                7,
                3,
                4,
                1,
                10,
                5,
                1,
                7,
                6
            ],
            [
                6,
                2,
                5,
                6,
                7,
                5,
                4,
                8,
                5,
                8
            ]
        ],
        "machines": [
            [
                8,
                4,
                9,
                1,
                0,
                3,
                7,
                5,
                6,
                2
            ],
            [
                2,
                5,
                7,
                0,
                3,
                1,
                6,
                4,
                9,
                8
            ],
            [
                6,
                8,
                4,
                1,
                5,
                3,
                7,
                9,
                2,
                0
            ],
            [
                2,
                3,
                4,
                5,
                8,
                7,
                9,
                0,
                6,
                1
            ],
            [
                2,
                5,
                9,
                8,
                0,
                1,
                4,
                7,
                3,
                6
            ],
            [
                2,
                3,
                1,
                4,
                8,
                7,
                9,
                6,
                0,
                5
            ],
            [
                4,
                2,
                0,
                9,
                6,
                3,
                5,
                1,
                8,
                7
            ],
            [
                8,
                4,
                1,
                2,
                6,
                5,
                7,
                3,
                9,
                0
            ],
            [
                0,
                4,
                6,
                7,
                8,
                9,
                3,
                5,
                1,
                2
            ],
            [
                3,
                8,
                2,
                0,
                9,
                5,
                1,
                7,
                6,
                4
            ]
        ]
    }
}