{
    "optimal_time": 97.0,
    "opt_compute_time:": 0.13143004197627306,
    "spt_time": 114,
    "spt_compute_time": 3.214415065012872,
    "lpt_time": 118,
    "lpt_compute_time": 3.586631348822266,
    "n_jobs": 10,
    "n_resources": 10,
    "n_ops_per_job": 10,
    "max_op_time": 11,
    "jssp_identification": "10x10_3293_inst.json",
    "solution_optimality": "OPTIMAL",
    "jssp_instance": {
        "durations": [
            [
                10,
                9,
                1,
                4,
                4,
                11,
                10,
                7,
                2,
                5
            ],
            [
                8,
                2,
                4,
                6,
                9,
                1,
                3,
                10,
                7,
                2
            ],
            [
                2,
                1,
                6,
                4,
                3,
                7,
                11,
                3,
                7,
                4
            ],
            [
                4,
                1,
                2,
                2,
                2,
                3,
                8,
                3,
                6,
                4
            ],
            [
                9,
                4,
                4,
                5,
                8,
                4,
                4,
                4,
                6,
                2
            ],
            [
                4,
                9,
                11,
                9,
                3,
                11,
                11,
                7,
                2,
                3
            ],
            [
                9,
                11,
                1,
                10,
                11,
                7,
                8,
                11,
                9,
                11
            ],
            [
                7,
                4,
                3,
                8,
                4,
                8,
                2,
                2,
                10,
                6
            ],
            [
                2,
                11,
                1,
                1,
                10,
                9,
                2,
                7,
                10,
                6
            ],
            [
                9,
                9,
                3,
                10,
                11,
                10,
                6,
                9,
                1,
                3
            ]
        ],
        "machines": [
            [
                4,
                8,
                7,
                6,
                2,
                0,
                1,
                3,
                9,
                5
            ],
            [
                2,
                1,
                0,
                9,
                3,
                4,
                8,
                5,
                7,
                6
            ],
            [
                5,
                8,
                6,
                7,
                1,
                4,
                3,
                2,
                9,
                0
            ],
            [
                8,
                6,
                9,
                2,
                0,
                4,
                1,
                7,
                5,
                3
            ],
            [
                9,
                2,
                0,
                3,
                5,
                8,
                7,
                4,
                6,
                1
            ],
            [
                2,
                0,
                4,
                5,
                6,
                9,
                3,
                8,
                7,
                1
            ],
            [
                7,
                2,
                3,
                9,
                8,
                6,
                1,
                0,
                4,
                5
            ],
            [
                9,
                1,
                6,
                3,
                5,
                4,
                8,
                2,
                0,
                7
            ],
            [
                3,
                4,
                8,
                1,
                5,
                9,
                0,
                6,
                7,
                2
            ],
            [
                8,
                4,
                3,
                7,
                1,
                9,
                0,
                2,
                6,
                5
            ]
        ]
    }
}