{
    "optimal_time": 96.0,
    "opt_compute_time:": 0.18300371896475554,
    "spt_time": 116,
    "spt_compute_time": 3.698036344256252,
    "lpt_time": 113,
    "lpt_compute_time": 3.2867725510150194,
    "n_jobs": 10,
    "n_resources": 10,
    "n_ops_per_job": 10,
    "max_op_time": 11,
    "jssp_identification": "10x10_3751_inst.json",
    "solution_optimality": "OPTIMAL",
    "jssp_instance": {
        "durations": [
            [
                10,
                7,
                6,
                4,
                3,
                1,
                8,
                3,
                8,
                4
            ],
            [
                4,
                10,
                5,
                6,
                11,
                4,
                1,
                8,
                10,
                11
            ],
            [
                3,
                5,
                10,
                3,
                9,
                7,
                7,
                3,
                6,
                7
            ],
            [
                11,
                6,
                9,
                5,
                11,
                2,
                5,
                9,
                7,
                10
            ],
            [
                7,
                8,
                7,
                3,
                4,
                8,
                10,
                4,
                4,
                6
            ],
            [
                2,
                5,
                11,
                9,
                2,
                5,
                2,
                10,
                1,
                11
            ],
            [
                6,
                5,
                6,
                2,
                7,
                5,
                7,
                10,
                9,
                4
            ],
            [
                2,
                8,
                9,
                10,
                8,
                11,
                7,
                11,
                2,
                5
            ],
            [
                9,
                9,
                2,
                11,
                3,
                4,
                1,
                4,
                4,
                3
            ],
            [
                8,
                10,
                5,
                10,
                5,
                2,
                2,
                9,
                9,
                10
            ]
        ],
        "machines": [
            [
                6,
                7,
                3,
                9,
                5,
                0,
                2,
                8,
                4,
                1
            ],
            [
                3,
                4,
                1,
                9,
                5,
                2,
                6,
                8,
                7,
                0
            ],
            [
                2,
                8,
                4,
                0,
                3,
                1,
                6,
                7,
                9,
                5
            ],
            [
                3,
                5,
                6,
                9,
                1,
                4,
                0,
                7,
                8,
                2
            ],
            [
                0,
                7,
                8,
                6,
                1,
                2,
                3,
                5,
                9,
                4
            ],
            [
                5,
                2,
                3,
                9,
                1,
                8,
                7,
                4,
                0,
                6
            ],
            [
                1,
                0,
                7,
                8,
                4,
                3,
                9,
                5,
                6,
                2
            ],
            [
                9,
                7,
                4,
                6,
                8,
                2,
                3,
                5,
                1,
                0
            ],
            [
                2,
                1,
                9,
                5,
                3,
                4,
                0,
                7,
                8,
                6
            ],
            [
                4,
                0,
                3,
                6,
                8,
                7,
                5,
                9,
                2,
                1
            ]
        ]
    }
}