{
    "optimal_time": 99.0,
    "opt_compute_time:": 0.20116729103028774,
    "spt_time": 110,
    "spt_compute_time": 3.333272935822606,
    "lpt_time": 149,
    "lpt_compute_time": 4.372937908861786,
    "n_jobs": 10,
    "n_resources": 10,
    "n_ops_per_job": 10,
    "max_op_time": 11,
    "jssp_identification": "10x10_3091_inst.json",
    "solution_optimality": "OPTIMAL",
    "jssp_instance": {
        "durations": [
            [
                5,
                10,
                7,
                7,
                4,
                9,
                10,
                3,
                1,
                7
            ],
            [
                6,
                9,
                4,
                11,
                10,
                11,
                3,
                8,
                2,
                11
            ],
            [
                5,
                8,
                8,
                8,
                8,
                4,
                10,
                6,
                9,
                4
            ],
            [
                8,
                8,
                9,
                7,
                4,
                6,
                11,
                10,
                8,
                3
            ],
            [
                2,
                1,
                5,
                8,
                4,
                8,
                4,
                5,
                3,
                6
            ],
            [
                1,
                10,
                6,
                3,
                6,
                11,
                3,
                8,
                8,
                9
            ],
            [
                1,
                10,
                7,
                1,
                2,
                2,
                9,
                8,
                10,
                11
            ],
            [
                11,
                8,
                5,
                1,
                5,
                6,
                5,
                3,
                5,
                10
            ],
            [
                3,
                9,
                6,
                7,
                7,
                10,
                6,
                2,
                8,
                6
            ],
            [
                11,
                7,
                3,
                3,
                3,
                2,
                6,
                5,
                7,
                2
            ]
        ],
        "machines": [
            [
                0,
                9,
                3,
                5,
                8,
                7,
                2,
                1,
                4,
                6
            ],
            [
                6,
                0,
                3,
                1,
                8,
                4,
                2,
                5,
                9,
                7
            ],
            [
                9,
                0,
                6,
                3,
                4,
                8,
                1,
                5,
                7,
                2
            ],
            [
                1,
                3,
                0,
                7,
                4,
                2,
                9,
                5,
                8,
                6
            ],
            [
                9,
                6,
                8,
                7,
                1,
                0,
                4,
                3,
                2,
                5
            ],
            [
                3,
                5,
                2,
                9,
                1,
                6,
                4,
                0,
                8,
                7
            ],
            [
                6,
                5,
                4,
                3,
                0,
                8,
                7,
                1,
                2,
                9
            ],
            [
                1,
                7,
                0,
                5,
                6,
                8,
                3,
                4,
                2,
                9
            ],
            [
                4,
                1,
                7,
                9,
                2,
                0,
                6,
                3,
                8,
                5
            ],
            [
                9,
                0,
                4,
                7,
                5,
                6,
                2,
                3,
                1,
                8
            ]
        ]
    }
}