{
    "optimal_time": 97.0,
    "opt_compute_time:": 0.11735051404684782,
    "spt_time": 112,
    "spt_compute_time": 3.0997258662246168,
    "lpt_time": 128,
    "lpt_compute_time": 3.713584213051945,
    "n_jobs": 10,
    "n_resources": 10,
    "n_ops_per_job": 10,
    "max_op_time": 11,
    "jssp_identification": "10x10_2253_inst.json",
    "solution_optimality": "OPTIMAL",
    "jssp_instance": {
        "durations": [
            [
                8,
                2,
                11,
                5,
                8,
                8,
                4,
                5,
                8,
                6
            ],
            [
                1,
                3,
                5,
                10,
                9,
                1,
                10,
                6,
                6,
                3
            ],
            [
                8,
                5,
                4,
                10,
                5,
                6,
                8,
                5,
                9,
                8
            ],
            [
                2,
                2,
                4,
                10,
                11,
                5,
                1,
                1,
                2,
                2
            ],
            [
                7,
                3,
                3,
                3,
                5,
                11,
                2,
                2,
                2,
                7
            ],
            [
                11,
                4,
                9,
                11,
                2,
                3,
                11,
                7,
                6,
                5
            ],
            [
                6,
                7,
                4,
                6,
                7,
                3,
                11,
                10,
                8,
                1
            ],
            [
                6,
                5,
                5,
                2,
                7,
                7,
                1,
                8,
                9,
                1
            ],
            [
                4,
                6,
                7,
                10,
                2,
                5,
                8,
                9,
                10,
                11
            ],
            [
                5,
                5,
                2,
                2,
                9,
                7,
                4,
                4,
                10,
                8
            ]
        ],
        "machines": [
            [
                0,
                9,
                8,
                6,
                1,
                2,
                3,
                5,
                7,
                4
            ],
            [
                6,
                4,
                3,
                0,
                2,
                5,
                8,
                9,
                7,
                1
            ],
            [
                8,
                1,
                3,
                9,
                5,
                7,
                2,
                4,
                0,
                6
            ],
            [
                6,
                5,
                7,
                8,
                1,
                3,
                2,
                9,
                4,
                0
            ],
            [
                7,
                1,
                5,
                6,
                2,
                8,
                0,
                9,
                3,
                4
            ],
            [
                6,
                9,
                5,
                3,
                1,
                4,
                8,
                7,
                0,
                2
            ],
            [
                5,
                1,
                9,
                8,
                0,
                4,
                3,
                7,
                2,
                6
            ],
            [
                3,
                1,
                9,
                2,
                7,
                4,
                6,
                0,
                8,
                5
            ],
            [
                3,
                4,
                9,
                6,
                1,
                2,
                5,
                7,
                8,
                0
            ],
            [
                4,
                2,
                3,
                0,
                8,
                1,
                7,
                9,
                5,
                6
            ]
        ]
    }
}