{
    "optimal_time": 102.0,
    "opt_compute_time:": 0.09453097404912114,
    "spt_time": 123,
    "spt_compute_time": 3.4880945556797087,
    "lpt_time": 129,
    "lpt_compute_time": 4.322613169904798,
    "n_jobs": 10,
    "n_resources": 10,
    "n_ops_per_job": 10,
    "max_op_time": 11,
    "jssp_identification": "10x10_986_inst.json",
    "solution_optimality": "OPTIMAL",
    "jssp_instance": {
        "durations": [
            [
                6,
                2,
                4,
                8,
                11,
                10,
                4,
                10,
                9,
                1
            ],
            [
                9,
                3,
                8,
                6,
                7,
                9,
                4,
                1,
                9,
                9
            ],
            [
                4,
                4,
                6,
                9,
                4,
                7,
                4,
                7,
                7,
                11
            ],
            [
                9,
                3,
                9,
                3,
                10,
                1,
                7,
                4,
                1,
                9
            ],
            [
                11,
                10,
                2,
                10,
                7,
                2,
                10,
                6,
                2,
                2
            ],
            [
                11,
                7,
                2,
                11,
                11,
                11,
                9,
                2,
                6,
                5
            ],
            [
                11,
                4,
                10,
                2,
                11,
                9,
                7,
                10,
                6,
                2
            ],
            [
                5,
                5,
                9,
                11,
                10,
                10,
                4,
                3,
                4,
                9
            ],
            [
                4,
                10,
                8,
                6,
                1,
                9,
                3,
                5,
                11,
                4
            ],
            [
                7,
                2,
                4,
                2,
                7,
                10,
                3,
                11,
                1,
                5
            ]
        ],
        "machines": [
            [
                3,
                5,
                4,
                7,
                0,
                2,
                9,
                8,
                1,
                6
            ],
            [
                0,
                8,
                2,
                5,
                3,
                6,
                1,
                4,
                7,
                9
            ],
            [
                8,
                9,
                7,
                2,
                1,
                5,
                6,
                0,
                3,
                4
            ],
            [
                6,
                2,
                0,
                9,
                1,
                4,
                8,
                3,
                5,
                7
            ],
            [
                6,
                2,
                5,
                8,
                9,
                4,
                0,
                1,
                3,
                7
            ],
            [
                6,
                4,
                1,
                3,
                2,
                7,
                5,
                8,
                0,
                9
            ],
            [
                9,
                5,
                2,
                7,
                4,
                8,
                0,
                3,
                6,
                1
            ],
            [
                9,
                3,
                4,
                1,
                5,
                0,
                7,
                8,
                6,
                2
            ],
            [
                8,
                4,
                6,
                5,
                9,
                7,
                1,
                0,
                2,
                3
            ],
            [
                0,
                3,
                1,
                8,
                5,
                2,
                4,
                6,
                7,
                9
            ]
        ]
    }
}