{
    "optimal_time": 95.0,
    "opt_compute_time:": 0.1510978750884533,
    "spt_time": 117,
    "spt_compute_time": 3.5937360040843487,
    "lpt_time": 143,
    "lpt_compute_time": 3.913792598992586,
    "n_jobs": 10,
    "n_resources": 10,
    "n_ops_per_job": 10,
    "max_op_time": 11,
    "jssp_identification": "10x10_2338_inst.json",
    "solution_optimality": "OPTIMAL",
    "jssp_instance": {
        "durations": [
            [
                5,
                8,
                3,
                5,
                7,
                10,
                5,
                8,
                4,
                5
            ],
            [
                8,
                11,
                3,
                9,
                3,
                6,
                6,
                8,
                11,
                11
            ],
            [
                1,
                2,
                2,
                3,
                6,
                6,
                5,
                8,
                10,
                9
            ],
            [
                7,
                5,
                4,
                10,
                4,
                11,
                5,
                11,
                3,
                8
            ],
            [
                6,
                5,
                4,
                7,
                3,
                6,
                8,
                2,
                9,
                2
            ],
            [
                9,
                9,
                11,
                5,
                8,
                3,
                2,
                9,
                2,
                3
            ],
            [
                8,
                8,
                10,
                9,
                11,
                1,
                3,
                5,
                7,
                8
            ],
            [
                9,
                8,
                8,
                2,
                9,
                7,
                4,
                7,
                8,
                8
            ],
            [
                1,
                7,
                1,
                6,
                3,
                9,
                9,
                5,
                1,
                4
            ],
            [
                11,
                3,
                4,
                7,
                4,
                6,
                4,
                11,
                8,
                5
            ]
        ],
        "machines": [
            [
                1,
                6,
                3,
                8,
                9,
                4,
                2,
                0,
                5,
                7
            ],
            [
                9,
                3,
                1,
                2,
                4,
                8,
                5,
                0,
                7,
                6
            ],
            [
                4,
                0,
                7,
                9,
                6,
                8,
                3,
                5,
                1,
                2
            ],
            [
                8,
                2,
                1,
                6,
                9,
                3,
                7,
                0,
                4,
                5
            ],
            [
                0,
                1,
                4,
                7,
                8,
                6,
                2,
                5,
                9,
                3
            ],
            [
                8,
                3,
                2,
                5,
                4,
                1,
                0,
                6,
                7,
                9
            ],
            [
                3,
                2,
                9,
                6,
                0,
                1,
                7,
                5,
                8,
                4
            ],
            [
                5,
                0,
                1,
                8,
                7,
                2,
                6,
                3,
                9,
                4
            ],
            [
                1,
                3,
                7,
                9,
                6,
                4,
                8,
                0,
                2,
                5
            ],
            [
                2,
                6,
                3,
                4,
                7,
                0,
                5,
                8,
                1,
                9
            ]
        ]
    }
}