{
    "optimal_time": 92.0,
    "opt_compute_time:": 0.11993010016158223,
    "spt_time": 115,
    "spt_compute_time": 3.4877066439948976,
    "lpt_time": 127,
    "lpt_compute_time": 3.8993344963528216,
    "n_jobs": 10,
    "n_resources": 10,
    "n_ops_per_job": 10,
    "max_op_time": 11,
    "jssp_identification": "10x10_2975_inst.json",
    "solution_optimality": "OPTIMAL",
    "jssp_instance": {
        "durations": [
            [
                8,
                7,
                4,
                4,
                5,
                4,
                2,
                6,
                11,
                8
            ],
            [
                1,
                1,
                4,
                6,
                7,
                1,
                5,
                2,
                7,
                8
            ],
            [
                2,
                3,
                8,
                4,
                8,
                11,
                3,
                11,
                11,
                3
            ],
            [
                9,
                6,
                11,
                5,
                5,
                8,
                3,
                5,
                1,
                9
            ],
            [
                3,
                1,
                8,
                6,
                4,
                2,
                5,
                7,
                1,
                9
            ],
            [
                1,
                4,
                1,
                2,
                2,
                1,
                2,
                11,
                8,
                2
            ],
            [
                1,
                11,
                1,
                8,
                7,
                8,
                7,
                7,
                11,
                4
            ],
            [
                4,
                9,
                3,
                4,
                3,
                9,
                3,
                8,
                5,
                7
            ],
            [
                8,
                10,
                3,
                1,
                7,
                9,
                2,
                11,
                1,
                9
            ],
            [
                3,
                3,
                2,
                8,
                2,
                6,
                4,
                8,
                6,
                9
            ]
        ],
        "machines": [
            [
                8,
                9,
                5,
                2,
                0,
                7,
                6,
                4,
                3,
                1
            ],
            [
                0,
                9,
                7,
                3,
                6,
                4,
                8,
                1,
                5,
                2
            ],
            [
                5,
                0,
                7,
                4,
                2,
                1,
                3,
                8,
                6,
                9
            ],
            [
                7,
                4,
                2,
                5,
                1,
                8,
                9,
                0,
                3,
                6
            ],
            [
                5,
                7,
                4,
                6,
                9,
                3,
                2,
                0,
                1,
                8
            ],
            [
                0,
                8,
                1,
                4,
                2,
                9,
                5,
                6,
                3,
                7
            ],
            [
                8,
                7,
                6,
                0,
                1,
                5,
                9,
                2,
                3,
                4
            ],
            [
                8,
                9,
                7,
                0,
                6,
                1,
                4,
                2,
                3,
                5
            ],
            [
                4,
                0,
                2,
                6,
                3,
                1,
                8,
                9,
                5,
                7
            ],
            [
                7,
                2,
                1,
                9,
                0,
                3,
                4,
                8,
                6,
                5
            ]
        ]
    }
}