{
    "optimal_time": 98.0,
    "opt_compute_time:": 0.1369277429766953,
    "spt_time": 120,
    "spt_compute_time": 3.2621531509794295,
    "lpt_time": 126,
    "lpt_compute_time": 4.005404723808169,
    "n_jobs": 10,
    "n_resources": 10,
    "n_ops_per_job": 10,
    "max_op_time": 11,
    "jssp_identification": "10x10_2073_inst.json",
    "solution_optimality": "OPTIMAL",
    "jssp_instance": {
        "durations": [
            [
                3,
                10,
                9,
                7,
                11,
                6,
                9,
                3,
                8,
                11
            ],
            [
                4,
                5,
                5,
                7,
                3,
                11,
                1,
                10,
                3,
                2
            ],
            [
                1,
                3,
                1,
                7,
                10,
                5,
                4,
                4,
                5,
                8
            ],
            [
                10,
                2,
                8,
                3,
                9,
                3,
                5,
                4,
                4,
                7
            ],
            [
                7,
                2,
                6,
                3,
                4,
                5,
                6,
                1,
                1,
                7
            ],
            [
                3,
                4,
                3,
                10,
                4,
                4,
                6,
                5,
                7,
                4
            ],
            [
                8,
                7,
                4,
                4,
                11,
                6,
                10,
                4,
                5,
                1
            ],
            [
                1,
                1,
                2,
                9,
                8,
                7,
                8,
                6,
                11,
                8
            ],
            [
                4,
                9,
                7,
                8,
                5,
                8,
                5,
                10,
                10,
                6
            ],
            [
                1,
                11,
                10,
                10,
                8,
                5,
                2,
                10,
                7,
                5
            ]
        ],
        "machines": [
            [
                4,
                5,
                6,
                1,
                9,
                3,
                0,
                7,
                8,
                2
            ],
            [
                5,
                2,
                8,
                6,
                3,
                0,
                7,
                9,
                4,
                1
            ],
            [
                1,
                2,
                8,
                0,
                7,
                4,
                5,
                9,
                6,
                3
            ],
            [
                3,
                4,
                7,
                2,
                1,
                0,
                9,
                6,
                5,
                8
            ],
            [
                6,
                4,
                0,
                1,
                8,
                3,
                5,
                7,
                9,
                2
            ],
            [
                8,
                4,
                5,
                1,
                9,
                0,
                2,
                3,
                7,
                6
            ],
            [
                7,
                6,
                2,
                3,
                0,
                1,
                9,
                5,
                8,
                4
            ],
            [
                3,
                8,
                5,
                7,
                2,
                0,
                1,
                9,
                4,
                6
            ],
            [
                6,
                8,
                4,
                3,
                0,
                2,
                7,
                1,
                5,
                9
            ],
            [
                8,
                2,
                3,
                4,
                0,
                5,
                7,
                1,
                6,
                9
            ]
        ]
    }
}