{
    "optimal_time": 100.0,
    "opt_compute_time:": 0.1916386391967535,
    "spt_time": 117,
    "spt_compute_time": 3.830863276962191,
    "lpt_time": 153,
    "lpt_compute_time": 4.674815171863884,
    "n_jobs": 10,
    "n_resources": 10,
    "n_ops_per_job": 10,
    "max_op_time": 11,
    "jssp_identification": "10x10_3604_inst.json",
    "solution_optimality": "OPTIMAL",
    "jssp_instance": {
        "durations": [
            [
                10,
                11,
                7,
                11,
                6,
                9,
                9,
                10,
                7,
                4
            ],
            [
                2,
                8,
                9,
                9,
                10,
                9,
                4,
                4,
                1,
                3
            ],
            [
                7,
                3,
                6,
                7,
                5,
                7,
                11,
                7,
                5,
                3
            ],
            [
                10,
                1,
                2,
                3,
                3,
                5,
                5,
                10,
                11,
                1
            ],
            [
                6,
                5,
                5,
                10,
                6,
                2,
                6,
                10,
                6,
                11
            ],
            [
                9,
                4,
                8,
                7,
                7,
                3,
                9,
                5,
                9,
                7
            ],
            [
                9,
                4,
                10,
                5,
                10,
                7,
                9,
                6,
                3,
                8
            ],
            [
                2,
                7,
                11,
                7,
                5,
                10,
                11,
                4,
                10,
                2
            ],
            [
                4,
                3,
                10,
                2,
                10,
                4,
                8,
                11,
                6,
                6
            ],
            [
                4,
                5,
                2,
                1,
                9,
                6,
                5,
                5,
                10,
                3
            ]
        ],
        "machines": [
            [
                1,
                5,
                0,
                3,
                7,
                9,
                6,
                2,
                8,
                4
            ],
            [
                2,
                6,
                4,
                3,
                0,
                9,
                7,
                1,
                5,
                8
            ],
            [
                8,
                0,
                7,
                6,
                2,
                5,
                4,
                9,
                3,
                1
            ],
            [
                2,
                7,
                0,
                4,
                8,
                3,
                9,
                5,
                6,
                1
            ],
            [
                8,
                5,
                1,
                7,
                2,
                6,
                9,
                0,
                4,
                3
            ],
            [
                1,
                2,
                4,
                5,
                0,
                9,
                8,
                6,
                7,
                3
            ],
            [
                6,
                2,
                9,
                4,
                7,
                8,
                5,
                0,
                3,
                1
            ],
            [
                2,
                7,
                3,
                1,
                5,
                9,
                4,
                8,
                6,
                0
            ],
            [
                9,
                0,
                4,
                2,
                1,
                8,
                7,
                6,
                5,
                3
            ],
            [
                5,
                8,
                2,
                1,
                3,
                4,
                7,
                0,
                9,
                6
            ]
        ]
    }
}