{
    "optimal_time": 103.0,
    "opt_compute_time:": 0.1109809149056673,
    "spt_time": 122,
    "spt_compute_time": 3.1981279510073364,
    "lpt_time": 147,
    "lpt_compute_time": 4.213955736719072,
    "n_jobs": 10,
    "n_resources": 10,
    "n_ops_per_job": 10,
    "max_op_time": 11,
    "jssp_identification": "10x10_3559_inst.json",
    "solution_optimality": "OPTIMAL",
    "jssp_instance": {
        "durations": [
            [
                11,
                7,
                6,
                10,
                3,
                10,
                1,
                11,
                7,
                3
            ],
            [
                2,
                9,
                10,
                6,
                2,
                4,
                9,
                3,
                8,
                10
            ],
            [
                2,
                2,
                6,
                9,
                11,
                8,
                8,
                4,
                6,
                1
            ],
            [
                4,
                11,
                11,
                5,
                6,
                6,
                4,
                11,
                6,
                5
            ],
            [
                6,
                5,
                4,
                10,
                6,
                9,
                1,
                2,
                10,
                4
            ],
            [
                11,
                5,
                10,
                1,
                1,
                2,
                11,
                2,
                1,
                3
            ],
            [
                2,
                6,
                11,
                6,
                7,
                5,
                5,
                1,
                11,
                1
            ],
            [
                2,
                11,
                10,
                10,
                2,
                1,
                3,
                8,
                7,
                10
            ],
            [
                10,
                3,
                11,
                11,
                11,
                6,
                8,
                11,
                6,
                10
            ],
            [
                6,
                7,
                6,
                11,
                6,
                10,
                5,
                3,
                1,
                7
            ]
        ],
        "machines": [
            [
                6,
                9,
                7,
                4,
                5,
                2,
                3,
                8,
                0,
                1
            ],
            [
                3,
                4,
                9,
                0,
                5,
                2,
                8,
                1,
                6,
                7
            ],
            [
                9,
                4,
                5,
                8,
                6,
                1,
                0,
                2,
                3,
                7
            ],
            [
                6,
                2,
                4,
                1,
                8,
                9,
                5,
                0,
                3,
                7
            ],
            [
                1,
                9,
                4,
                3,
                5,
                0,
                2,
                8,
                7,
                6
            ],
            [
                1,
                7,
                3,
                4,
                6,
                9,
                0,
                5,
                2,
                8
            ],
            [
                6,
                9,
                7,
                0,
                1,
                2,
                3,
                4,
                8,
                5
            ],
            [
                6,
                3,
                8,
                5,
                0,
                9,
                4,
                7,
                1,
                2
            ],
            [
                5,
                8,
                2,
                3,
                6,
                0,
                1,
                7,
                9,
                4
            ],
            [
                8,
                3,
                6,
                9,
                4,
                0,
                5,
                7,
                1,
                2
            ]
        ]
    }
}