{
    "optimal_time": 97.0,
    "opt_compute_time:": 0.29379410622641444,
    "spt_time": 122,
    "spt_compute_time": 3.6108314343728125,
    "lpt_time": 128,
    "lpt_compute_time": 3.9572168895974755,
    "n_jobs": 10,
    "n_resources": 10,
    "n_ops_per_job": 10,
    "max_op_time": 11,
    "jssp_identification": "10x10_3901_inst.json",
    "solution_optimality": "OPTIMAL",
    "jssp_instance": {
        "durations": [
            [
                10,
                5,
                4,
                6,
                10,
                6,
                6,
                2,
                6,
                3
            ],
            [
                7,
                9,
                2,
                5,
                1,
                9,
                2,
                4,
                3,
                9
            ],
            [
                2,
                11,
                4,
                2,
                7,
                10,
                7,
                11,
                5,
                4
            ],
            [
                2,
                8,
                8,
                9,
                6,
                5,
                1,
                9,
                1,
                6
            ],
            [
                10,
                1,
                3,
                9,
                6,
                6,
                11,
                7,
                10,
                11
            ],
            [
                9,
                5,
                4,
                5,
                11,
                8,
                9,
                4,
                7,
                3
            ],
            [
                1,
                5,
                5,
                9,
                5,
                10,
                1,
                3,
                5,
                11
            ],
            [
                3,
                3,
                3,
                5,
                4,
                9,
                8,
                1,
                6,
                4
            ],
            [
                2,
                9,
                11,
                3,
                9,
                6,
                2,
                3,
                1,
                5
            ],
            [
                7,
                6,
                3,
                7,
                4,
                3,
                11,
                5,
                8,
                9
            ]
        ],
        "machines": [
            [
                7,
                2,
                3,
                9,
                6,
                5,
                1,
                0,
                4,
                8
            ],
            [
                5,
                9,
                1,
                4,
                0,
                6,
                3,
                2,
                8,
                7
            ],
            [
                2,
                6,
                1,
                4,
                5,
                8,
                7,
                0,
                9,
                3
            ],
            [
                6,
                4,
                0,
                5,
                1,
                7,
                9,
                3,
                8,
                2
            ],
            [
                2,
                6,
                7,
                0,
                8,
                3,
                5,
                9,
                4,
                1
            ],
            [
                7,
                2,
                5,
                0,
                9,
                4,
                8,
                3,
                6,
                1
            ],
            [
                1,
                3,
                8,
                7,
                5,
                9,
                2,
                0,
                6,
                4
            ],
            [
                3,
                7,
                5,
                6,
                2,
                9,
                8,
                1,
                4,
                0
            ],
            [
                6,
                7,
                1,
                9,
                5,
                2,
                0,
                8,
                3,
                4
            ],
            [
                5,
                2,
                7,
                8,
                6,
                4,
                3,
                1,
                9,
                0
            ]
        ]
    }
}