{
    "optimal_time": 92.0,
    "opt_compute_time:": 0.11396679515019059,
    "spt_time": 115,
    "spt_compute_time": 3.3676888742484152,
    "lpt_time": 128,
    "lpt_compute_time": 3.618047091178596,
    "n_jobs": 10,
    "n_resources": 10,
    "n_ops_per_job": 10,
    "max_op_time": 11,
    "jssp_identification": "10x10_3484_inst.json",
    "solution_optimality": "OPTIMAL",
    "jssp_instance": {
        "durations": [
            [
                10,
                2,
                2,
                10,
                6,
                6,
                3,
                3,
                7,
                6
            ],
            [
                4,
                5,
                9,
                7,
                2,
                6,
                2,
                8,
                9,
                5
            ],
            [
                3,
                1,
                6,
                6,
                10,
                6,
                3,
                8,
                10,
                10
            ],
            [
                1,
                4,
                3,
                10,
                10,
                3,
                2,
                6,
                11,
                6
            ],
            [
                8,
                7,
                3,
                5,
                1,
                4,
                1,
                1,
                8,
                2
            ],
            [
                7,
                11,
                3,
                9,
                9,
                10,
                4,
                11,
                1,
                7
            ],
            [
                6,
                11,
                11,
                5,
                5,
                8,
                8,
                1,
                11,
                11
            ],
            [
                11,
                3,
                7,
                8,
                2,
                7,
                8,
                3,
                7,
                8
            ],
            [
                9,
                1,
                2,
                5,
                4,
                9,
                5,
                5,
                2,
                3
            ],
            [
                2,
                1,
                5,
                3,
                5,
                8,
                11,
                9,
                2,
                6
            ]
        ],
        "machines": [
            [
                2,
                8,
                1,
                9,
                5,
                4,
                6,
                3,
                7,
                0
            ],
            [
                0,
                6,
                2,
                8,
                5,
                3,
                4,
                7,
                9,
                1
            ],
            [
                0,
                4,
                7,
                9,
                6,
                3,
                1,
                5,
                2,
                8
            ],
            [
                7,
                9,
                4,
                1,
                5,
                2,
                3,
                0,
                6,
                8
            ],
            [
                3,
                9,
                5,
                4,
                1,
                0,
                8,
                7,
                2,
                6
            ],
            [
                4,
                7,
                5,
                3,
                8,
                0,
                6,
                1,
                9,
                2
            ],
            [
                8,
                1,
                5,
                7,
                6,
                9,
                0,
                2,
                3,
                4
            ],
            [
                7,
                5,
                1,
                0,
                9,
                8,
                2,
                3,
                4,
                6
            ],
            [
                7,
                2,
                5,
                8,
                4,
                1,
                0,
                3,
                9,
                6
            ],
            [
                9,
                1,
                0,
                5,
                8,
                3,
                2,
                6,
                7,
                4
            ]
        ]
    }
}