{
    "optimal_time": 95.0,
    "opt_compute_time:": 0.20893108984455466,
    "spt_time": 132,
    "spt_compute_time": 3.5740073299966753,
    "lpt_time": 115,
    "lpt_compute_time": 3.904191399924457,
    "n_jobs": 10,
    "n_resources": 10,
    "n_ops_per_job": 10,
    "max_op_time": 11,
    "jssp_identification": "10x10_882_inst.json",
    "solution_optimality": "OPTIMAL",
    "jssp_instance": {
        "durations": [
            [
                6,
                7,
                1,
                2,
                2,
                5,
                8,
                7,
                6,
                11
            ],
            [
                11,
                10,
                4,
                9,
                5,
                1,
                3,
                4,
                9,
                4
            ],
            [
                8,
                7,
                3,
                2,
                1,
                9,
                8,
                8,
                8,
                1
            ],
            [
                5,
                3,
                4,
                5,
                8,
                10,
                5,
                5,
                5,
                2
            ],
            [
                7,
                6,
                8,
                1,
                5,
                4,
                2,
                9,
                8,
                9
            ],
            [
                7,
                4,
                1,
                11,
                2,
                4,
                1,
                3,
                9,
                1
            ],
            [
                4,
                10,
                10,
                8,
                5,
                5,
                6,
                2,
                4,
                10
            ],
            [
                6,
                5,
                2,
                9,
                8,
                2,
                9,
                4,
                5,
                7
            ],
            [
                2,
                8,
                6,
                6,
                2,
                7,
                7,
                4,
                7,
                1
            ],
            [
                8,
                3,
                3,
                9,
                6,
                5,
                4,
                6,
                11,
                5
            ]
        ],
        "machines": [
            [
                2,
                7,
                9,
                3,
                4,
                1,
                5,
                6,
                8,
                0
            ],
            [
                3,
                0,
                7,
                8,
                1,
                9,
                4,
                2,
                6,
                5
            ],
            [
                1,
                8,
                5,
                3,
                2,
                6,
                0,
                4,
                7,
                9
            ],
            [
                8,
                3,
                6,
                4,
                1,
                2,
                7,
                9,
                0,
                5
            ],
            [
                9,
                2,
                5,
                7,
                3,
                1,
                8,
                0,
                4,
                6
            ],
            [
                3,
                7,
                6,
                5,
                1,
                2,
                9,
                4,
                8,
                0
            ],
            [
                8,
                4,
                3,
                1,
                9,
                0,
                7,
                5,
                6,
                2
            ],
            [
                7,
                2,
                6,
                1,
                5,
                9,
                8,
                4,
                0,
                3
            ],
            [
                6,
                3,
                0,
                1,
                8,
                2,
                4,
                9,
                5,
                7
            ],
            [
                3,
                7,
                0,
                1,
                9,
                2,
                8,
                6,
                4,
                5
            ]
        ]
    }
}