{
    "optimal_time": 94.0,
    "opt_compute_time:": 0.09982982883229852,
    "spt_time": 103,
    "spt_compute_time": 3.3224282269366086,
    "lpt_time": 131,
    "lpt_compute_time": 3.580488019157201,
    "n_jobs": 10,
    "n_resources": 10,
    "n_ops_per_job": 10,
    "max_op_time": 11,
    "jssp_identification": "10x10_2088_inst.json",
    "solution_optimality": "OPTIMAL",
    "jssp_instance": {
        "durations": [
            [
                2,
                11,
                7,
                1,
                11,
                4,
                2,
                4,
                9,
                11
            ],
            [
                9,
                3,
                7,
                6,
                6,
                5,
                6,
                3,
                2,
                9
            ],
            [
                8,
                7,
                9,
                2,
                4,
                8,
                11,
                7,
                9,
                9
            ],
            [
                5,
                3,
                11,
                5,
                2,
                8,
                2,
                10,
                9,
                10
            ],
            [
                8,
                2,
                8,
                7,
                3,
                11,
                1,
                3,
                4,
                8
            ],
            [
                6,
                1,
                1,
                5,
                1,
                11,
                1,
                9,
                8,
                11
            ],
            [
                8,
                11,
                3,
                1,
                6,
                1,
                6,
                8,
                6,
                5
            ],
            [
                3,
                7,
                1,
                4,
                11,
                11,
                4,
                8,
                2,
                7
            ],
            [
                6,
                6,
                6,
                5,
                2,
                6,
                2,
                9,
                8,
                9
            ],
            [
                5,
                9,
                5,
                3,
                11,
                2,
                8,
                4,
                11,
                2
            ]
        ],
        "machines": [
            [
                1,
                8,
                0,
                6,
                3,
                4,
                7,
                5,
                9,
                2
            ],
            [
                9,
                4,
                0,
                1,
                7,
                8,
                3,
                2,
                6,
                5
            ],
            [
                3,
                9,
                5,
                6,
                7,
                0,
                1,
                4,
                8,
                2
            ],
            [
                6,
                2,
                9,
                1,
                7,
                8,
                3,
                5,
                4,
                0
            ],
            [
                7,
                6,
                1,
                8,
                5,
                9,
                2,
                0,
                3,
                4
            ],
            [
                7,
                0,
                3,
                2,
                5,
                4,
                6,
                8,
                1,
                9
            ],
            [
                5,
                4,
                2,
                0,
                8,
                7,
                6,
                9,
                3,
                1
            ],
            [
                6,
                4,
                1,
                2,
                9,
                5,
                3,
                7,
                8,
                0
            ],
            [
                9,
                8,
                3,
                1,
                4,
                7,
                0,
                6,
                5,
                2
            ],
            [
                6,
                2,
                5,
                1,
                0,
                8,
                3,
                4,
                9,
                7
            ]
        ]
    }
}