{
    "optimal_time": 91.0,
    "opt_compute_time:": 0.22049026936292648,
    "spt_time": 108,
    "spt_compute_time": 3.303007073700428,
    "lpt_time": 131,
    "lpt_compute_time": 3.870690551120788,
    "n_jobs": 10,
    "n_resources": 10,
    "n_ops_per_job": 10,
    "max_op_time": 11,
    "jssp_identification": "10x10_2514_inst.json",
    "solution_optimality": "OPTIMAL",
    "jssp_instance": {
        "durations": [
            [
                9,
                9,
                6,
                6,
                3,
                1,
                4,
                7,
                11,
                8
            ],
            [
                6,
                9,
                11,
                4,
                11,
                5,
                6,
                10,
                3,
                1
            ],
            [
                6,
                1,
                9,
                8,
                3,
                3,
                2,
                6,
                5,
                3
            ],
            [
                1,
                10,
                1,
                5,
                6,
                11,
                4,
                7,
                3,
                3
            ],
            [
                9,
                4,
                3,
                6,
                9,
                2,
                10,
                6,
                3,
                3
            ],
            [
                2,
                8,
                10,
                7,
                11,
                11,
                8,
                6,
                3,
                8
            ],
            [
                8,
                4,
                9,
                3,
                6,
                5,
                1,
                11,
                9,
                1
            ],
            [
                3,
                3,
                6,
                5,
                5,
                11,
                4,
                1,
                6,
                2
            ],
            [
                11,
                7,
                6,
                4,
                4,
                4,
                9,
                6,
                2,
                4
            ],
            [
                5,
                7,
                8,
                4,
                3,
                5,
                7,
                6,
                1,
                5
            ]
        ],
        "machines": [
            [
                6,
                9,
                2,
                1,
                3,
                0,
                5,
                7,
                4,
                8
            ],
            [
                1,
                7,
                6,
                8,
                0,
                3,
                9,
                4,
                2,
                5
            ],
            [
                3,
                8,
                0,
                1,
                9,
                2,
                6,
                7,
                5,
                4
            ],
            [
                2,
                9,
                4,
                3,
                0,
                1,
                8,
                7,
                6,
                5
            ],
            [
                8,
                2,
                4,
                0,
                3,
                6,
                5,
                1,
                7,
                9
            ],
            [
                7,
                8,
                4,
                2,
                3,
                1,
                0,
                6,
                9,
                5
            ],
            [
                2,
                6,
                7,
                9,
                3,
                0,
                1,
                4,
                8,
                5
            ],
            [
                8,
                5,
                7,
                4,
                2,
                1,
                0,
                3,
                6,
                9
            ],
            [
                1,
                8,
                4,
                7,
                3,
                6,
                0,
                2,
                9,
                5
            ],
            [
                7,
                5,
                8,
                0,
                3,
                9,
                1,
                4,
                6,
                2
            ]
        ]
    }
}