{
    "optimal_time": 91.0,
    "opt_compute_time:": 0.13297254964709282,
    "spt_time": 106,
    "spt_compute_time": 2.890146726742387,
    "lpt_time": 136,
    "lpt_compute_time": 4.245542843826115,
    "n_jobs": 10,
    "n_resources": 10,
    "n_ops_per_job": 10,
    "max_op_time": 11,
    "jssp_identification": "10x10_1302_inst.json",
    "solution_optimality": "OPTIMAL",
    "jssp_instance": {
        "durations": [
            [
                10,
                7,
                9,
                7,
                4,
                9,
                1,
                6,
                2,
                8
            ],
            [
                1,
                5,
                4,
                2,
                3,
                9,
                2,
                7,
                3,
                5
            ],
            [
                6,
                1,
                5,
                4,
                6,
                1,
                4,
                7,
                10,
                5
            ],
            [
                3,
                4,
                4,
                8,
                6,
                3,
                3,
                1,
                7,
                8
            ],
            [
                4,
                7,
                5,
                4,
                7,
                4,
                4,
                11,
                5,
                3
            ],
            [
                6,
                6,
                6,
                4,
                7,
                2,
                2,
                11,
                10,
                1
            ],
            [
                10,
                6,
                3,
                8,
                8,
                8,
                7,
                9,
                11,
                1
            ],
            [
                9,
                4,
                4,
                11,
                11,
                10,
                11,
                4,
                4,
                2
            ],
            [
                9,
                10,
                8,
                10,
                7,
                2,
                10,
                3,
                1,
                11
            ],
            [
                6,
                1,
                8,
                9,
                2,
                2,
                9,
                4,
                1,
                6
            ]
        ],
        "machines": [
            [
                1,
                8,
                0,
                5,
                4,
                7,
                9,
                3,
                6,
                2
            ],
            [
                2,
                8,
                6,
                5,
                1,
                4,
                9,
                3,
                7,
                0
            ],
            [
                2,
                5,
                4,
                9,
                7,
                3,
                1,
                6,
                0,
                8
            ],
            [
                1,
                4,
                6,
                0,
                7,
                8,
                9,
                5,
                3,
                2
            ],
            [
                9,
                7,
                8,
                2,
                6,
                0,
                1,
                4,
                5,
                3
            ],
            [
                2,
                3,
                7,
                8,
                6,
                5,
                0,
                4,
                9,
                1
            ],
            [
                2,
                7,
                4,
                1,
                9,
                6,
                5,
                8,
                3,
                0
            ],
            [
                3,
                0,
                8,
                5,
                4,
                1,
                6,
                9,
                7,
                2
            ],
            [
                1,
                7,
                9,
                3,
                8,
                4,
                0,
                5,
                6,
                2
            ],
            [
                5,
                7,
                1,
                8,
                2,
                9,
                4,
                3,
                6,
                0
            ]
        ]
    }
}