{
    "optimal_time": 105.0,
    "opt_compute_time:": 0.38707075407728553,
    "spt_time": 132,
    "spt_compute_time": 3.997865003068,
    "lpt_time": 135,
    "lpt_compute_time": 4.136203516274691,
    "n_jobs": 10,
    "n_resources": 10,
    "n_ops_per_job": 10,
    "max_op_time": 11,
    "jssp_identification": "10x10_2698_inst.json",
    "solution_optimality": "OPTIMAL",
    "jssp_instance": {
        "durations": [
            [
                10,
                7,
                3,
                4,
                8,
                3,
                11,
                6,
                6,
                5
            ],
            [
                10,
                11,
                1,
                3,
                7,
                7,
                5,
                11,
                1,
                8
            ],
            [
                11,
                5,
                7,
                4,
                10,
                9,
                2,
                1,
                9,
                5
            ],
            [
                6,
                4,
                5,
                8,
                6,
                5,
                7,
                3,
                4,
                10
            ],
            [
                8,
                6,
                2,
                7,
                10,
                8,
                7,
                5,
                11,
                10
            ],
            [
                9,
                4,
                5,
                7,
                10,
                2,
                3,
                11,
                9,
                1
            ],
            [
                6,
                6,
                1,
                10,
                10,
                8,
                4,
                7,
                7,
                3
            ],
            [
                8,
                4,
                4,
                6,
                11,
                8,
                10,
                4,
                2,
                1
            ],
            [
                9,
                5,
                9,
                9,
                10,
                4,
                1,
                9,
                10,
                10
            ],
            [
                3,
                5,
                10,
                3,
                6,
                3,
                1,
                8,
                10,
                8
            ]
        ],
        "machines": [
            [
                4,
                5,
                8,
                7,
                3,
                0,
                9,
                6,
                1,
                2
            ],
            [
                0,
                9,
                4,
                5,
                7,
                6,
                3,
                2,
                8,
                1
            ],
            [
                2,
                7,
                9,
                0,
                4,
                3,
                8,
                1,
                6,
                5
            ],
            [
                9,
                4,
                2,
                6,
                3,
                8,
                7,
                1,
                0,
                5
            ],
            [
                5,
                2,
                9,
                1,
                3,
                0,
                4,
                7,
                6,
                8
            ],
            [
                2,
                4,
                7,
                5,
                3,
                1,
                9,
                6,
                0,
                8
            ],
            [
                6,
                5,
                4,
                0,
                8,
                1,
                2,
                7,
                9,
                3
            ],
            [
                8,
                4,
                5,
                7,
                9,
                3,
                2,
                0,
                6,
                1
            ],
            [
                8,
                1,
                4,
                2,
                9,
                7,
                3,
                0,
                6,
                5
            ],
            [
                2,
                0,
                7,
                1,
                6,
                4,
                3,
                9,
                8,
                5
            ]
        ]
    }
}