{
    "optimal_time": 104.0,
    "opt_compute_time:": 0.3584172260016203,
    "spt_time": 117,
    "spt_compute_time": 3.702685866970569,
    "lpt_time": 128,
    "lpt_compute_time": 3.689308791887015,
    "n_jobs": 10,
    "n_resources": 10,
    "n_ops_per_job": 10,
    "max_op_time": 11,
    "jssp_identification": "10x10_2380_inst.json",
    "solution_optimality": "OPTIMAL",
    "jssp_instance": {
        "durations": [
            [
                11,
                1,
                6,
                11,
                11,
                5,
                2,
                11,
                6,
                11
            ],
            [
                4,
                11,
                5,
                5,
                10,
                8,
                1,
                8,
                6,
                6
            ],
            [
                10,
                6,
                1,
                5,
                4,
                6,
                1,
                6,
                8,
                9
            ],
            [
                10,
                8,
                4,
                5,
                3,
                10,
                11,
                4,
                4,
                9
            ],
            [
                1,
                11,
                4,
                5,
                11,
                8,
                10,
                3,
                2,
                3
            ],
            [
                1,
                11,
                10,
                6,
                2,
                10,
                9,
                2,
                7,
                1
            ],
            [
                11,
                4,
                5,
                10,
                5,
                5,
                11,
                10,
                4,
                3
            ],
            [
                11,
                7,
                9,
                10,
                9,
                3,
                7,
                10,
                6,
                10
            ],
            [
                4,
                1,
                4,
                1,
                8,
                6,
                9,
                2,
                9,
                9
            ],
            [
                5,
                11,
                10,
                11,
                1,
                5,
                10,
                2,
                6,
                2
            ]
        ],
        "machines": [
            [
                8,
                7,
                1,
                9,
                4,
                3,
                0,
                2,
                6,
                5
            ],
            [
                1,
                6,
                9,
                5,
                4,
                7,
                3,
                2,
                0,
                8
            ],
            [
                4,
                9,
                3,
                1,
                8,
                7,
                2,
                5,
                6,
                0
            ],
            [
                5,
                1,
                3,
                8,
                0,
                6,
                7,
                2,
                4,
                9
            ],
            [
                8,
                6,
                2,
                0,
                7,
                3,
                5,
                9,
                4,
                1
            ],
            [
                7,
                6,
                2,
                4,
                9,
                8,
                3,
                1,
                0,
                5
            ],
            [
                8,
                1,
                4,
                0,
                2,
                5,
                3,
                6,
                9,
                7
            ],
            [
                1,
                6,
                4,
                0,
                8,
                7,
                3,
                5,
                9,
                2
            ],
            [
                3,
                1,
                5,
                4,
                6,
                8,
                9,
                0,
                7,
                2
            ],
            [
                3,
                2,
                4,
                7,
                1,
                0,
                6,
                9,
                5,
                8
            ]
        ]
    }
}