{
    "optimal_time": 86.0,
    "opt_compute_time:": 0.13526559015735984,
    "spt_time": 98,
    "spt_compute_time": 2.8608225230127573,
    "lpt_time": 121,
    "lpt_compute_time": 3.723884687293321,
    "n_jobs": 10,
    "n_resources": 10,
    "n_ops_per_job": 10,
    "max_op_time": 11,
    "jssp_identification": "10x10_2807_inst.json",
    "solution_optimality": "OPTIMAL",
    "jssp_instance": {
        "durations": [
            [
                5,
                5,
                6,
                7,
                3,
                4,
                6,
                5,
                5,
                6
            ],
            [
                7,
                2,
                6,
                9,
                4,
                1,
                3,
                9,
                8,
                11
            ],
            [
                10,
                7,
                3,
                3,
                6,
                8,
                5,
                4,
                4,
                4
            ],
            [
                7,
                5,
                5,
                1,
                9,
                3,
                4,
                2,
                6,
                9
            ],
            [
                5,
                6,
                9,
                11,
                7,
                6,
                8,
                4,
                3,
                5
            ],
            [
                3,
                11,
                1,
                1,
                9,
                10,
                8,
                4,
                1,
                10
            ],
            [
                8,
                7,
                2,
                3,
                8,
                4,
                6,
                10,
                3,
                5
            ],
            [
                4,
                8,
                6,
                6,
                8,
                7,
                11,
                8,
                7,
                11
            ],
            [
                5,
                7,
                4,
                4,
                11,
                7,
                9,
                9,
                8,
                7
            ],
            [
                10,
                8,
                6,
                10,
                3,
                7,
                1,
                2,
                2,
                9
            ]
        ],
        "machines": [
            [
                4,
                3,
                8,
                7,
                6,
                2,
                5,
                0,
                1,
                9
            ],
            [
                3,
                6,
                0,
                4,
                7,
                1,
                9,
                5,
                2,
                8
            ],
            [
                9,
                2,
                5,
                3,
                6,
                4,
                0,
                8,
                1,
                7
            ],
            [
                4,
                9,
                6,
                2,
                5,
                7,
                0,
                3,
                8,
                1
            ],
            [
                7,
                6,
                5,
                2,
                8,
                3,
                9,
                4,
                1,
                0
            ],
            [
                1,
                0,
                8,
                3,
                4,
                7,
                2,
                5,
                6,
                9
            ],
            [
                1,
                8,
                6,
                5,
                9,
                7,
                0,
                3,
                2,
                4
            ],
            [
                2,
                9,
                6,
                8,
                3,
                0,
                1,
                7,
                5,
                4
            ],
            [
                8,
                7,
                6,
                9,
                1,
                5,
                3,
                4,
                2,
                0
            ],
            [
                8,
                9,
                1,
                6,
                7,
                4,
                2,
                0,
                5,
                3
            ]
        ]
    }
}