{
    "optimal_time": 87.0,
    "opt_compute_time:": 0.13682911917567253,
    "spt_time": 113,
    "spt_compute_time": 3.022119084838778,
    "lpt_time": 120,
    "lpt_compute_time": 3.6623610998503864,
    "n_jobs": 10,
    "n_resources": 10,
    "n_ops_per_job": 10,
    "max_op_time": 11,
    "jssp_identification": "10x10_496_inst.json",
    "solution_optimality": "OPTIMAL",
    "jssp_instance": {
        "durations": [
            [
                5,
                5,
                5,
                10,
                10,
                7,
                3,
                5,
                7,
                6
            ],
            [
                7,
                2,
                6,
                1,
                10,
                8,
                11,
                9,
                3,
                7
            ],
            [
                10,
                8,
                8,
                3,
                8,
                7,
                2,
                8,
                3,
                5
            ],
            [
                11,
                1,
                1,
                2,
                4,
                11,
                11,
                10,
                10,
                3
            ],
            [
                6,
                3,
                2,
                2,
                8,
                6,
                8,
                6,
                3,
                6
            ],
            [
                3,
                3,
                2,
                3,
                1,
                4,
                10,
                5,
                2,
                11
            ],
            [
                8,
                11,
                2,
                5,
                5,
                2,
                5,
                6,
                10,
                8
            ],
            [
                1,
                6,
                5,
                11,
                10,
                7,
                10,
                2,
                9,
                6
            ],
            [
                1,
                7,
                7,
                4,
                2,
                7,
                5,
                1,
                1,
                7
            ],
            [
                7,
                7,
                9,
                4,
                4,
                3,
                7,
                1,
                6,
                3
            ]
        ],
        "machines": [
            [
                2,
                3,
                5,
                4,
                8,
                0,
                1,
                7,
                9,
                6
            ],
            [
                1,
                7,
                9,
                2,
                0,
                8,
                4,
                5,
                6,
                3
            ],
            [
                3,
                4,
                8,
                7,
                2,
                0,
                1,
                5,
                9,
                6
            ],
            [
                6,
                9,
                4,
                0,
                7,
                3,
                5,
                8,
                1,
                2
            ],
            [
                7,
                8,
                2,
                9,
                0,
                4,
                6,
                1,
                3,
                5
            ],
            [
                3,
                7,
                1,
                9,
                5,
                4,
                8,
                6,
                0,
                2
            ],
            [
                8,
                1,
                0,
                6,
                9,
                5,
                7,
                4,
                2,
                3
            ],
            [
                2,
                0,
                9,
                5,
                1,
                7,
                3,
                4,
                8,
                6
            ],
            [
                8,
                9,
                5,
                4,
                7,
                6,
                1,
                2,
                0,
                3
            ],
            [
                7,
                9,
                3,
                6,
                5,
                8,
                4,
                0,
                1,
                2
            ]
        ]
    }
}