{
    "optimal_time": 107.0,
    "opt_compute_time:": 0.40178471989929676,
    "spt_time": 127,
    "spt_compute_time": 3.9192005153745413,
    "lpt_time": 154,
    "lpt_compute_time": 4.059726874809712,
    "n_jobs": 10,
    "n_resources": 10,
    "n_ops_per_job": 10,
    "max_op_time": 11,
    "jssp_identification": "10x10_2918_inst.json",
    "solution_optimality": "OPTIMAL",
    "jssp_instance": {
        "durations": [
            [
                9,
                4,
                10,
                8,
                5,
                7,
                11,
                7,
                7,
                11
            ],
            [
                1,
                2,
                6,
                1,
                10,
                10,
                9,
                8,
                5,
                7
            ],
            [
                11,
                9,
                11,
                8,
                10,
                6,
                4,
                11,
                2,
                4
            ],
            [
                11,
                1,
                8,
                10,
                6,
                11,
                6,
                6,
                3,
                3
            ],
            [
                9,
                7,
                5,
                3,
                11,
                10,
                4,
                3,
                7,
                6
            ],
            [
                1,
                11,
                8,
                3,
                8,
                4,
                2,
                6,
                4,
                9
            ],
            [
                8,
                11,
                9,
                7,
                2,
                5,
                4,
                1,
                5,
                9
            ],
            [
                10,
                10,
                7,
                2,
                8,
                7,
                1,
                2,
                11,
                8
            ],
            [
                11,
                9,
                7,
                11,
                10,
                7,
                1,
                2,
                6,
                7
            ],
            [
                8,
                5,
                10,
                9,
                8,
                2,
                8,
                1,
                2,
                4
            ]
        ],
        "machines": [
            [
                6,
                3,
                2,
                4,
                7,
                9,
                0,
                8,
                5,
                1
            ],
            [
                6,
                1,
                2,
                9,
                4,
                5,
                7,
                0,
                3,
                8
            ],
            [
                1,
                4,
                6,
                5,
                3,
                2,
                9,
                0,
                8,
                7
            ],
            [
                4,
                3,
                5,
                6,
                7,
                9,
                2,
                8,
                1,
                0
            ],
            [
                5,
                4,
                3,
                6,
                7,
                1,
                9,
                8,
                2,
                0
            ],
            [
                6,
                8,
                7,
                0,
                9,
                5,
                4,
                1,
                3,
                2
            ],
            [
                2,
                4,
                0,
                9,
                5,
                3,
                8,
                1,
                6,
                7
            ],
            [
                2,
                7,
                8,
                0,
                4,
                6,
                3,
                9,
                5,
                1
            ],
            [
                2,
                7,
                0,
                3,
                8,
                6,
                4,
                5,
                1,
                9
            ],
            [
                5,
                4,
                0,
                6,
                9,
                2,
                1,
                3,
                8,
                7
            ]
        ]
    }
}