{
    "optimal_time": 103.0,
    "opt_compute_time:": 0.30241522612050176,
    "spt_time": 122,
    "spt_compute_time": 3.3207372897304595,
    "lpt_time": 124,
    "lpt_compute_time": 3.7416370338760316,
    "n_jobs": 10,
    "n_resources": 10,
    "n_ops_per_job": 10,
    "max_op_time": 11,
    "jssp_identification": "10x10_3765_inst.json",
    "solution_optimality": "OPTIMAL",
    "jssp_instance": {
        "durations": [
            [
                9,
                9,
                9,
                10,
                11,
                4,
                9,
                5,
                11,
                6
            ],
            [
                4,
                5,
                10,
                1,
                10,
                5,
                11,
                7,
                9,
                11
            ],
            [
                6,
                10,
                9,
                1,
                7,
                11,
                4,
                6,
                1,
                9
            ],
            [
                4,
                3,
                2,
                5,
                8,
                4,
                5,
                4,
                5,
                5
            ],
            [
                6,
                11,
                2,
                9,
                1,
                4,
                5,
                9,
                10,
                5
            ],
            [
                9,
                7,
                11,
                3,
                2,
                4,
                7,
                6,
                3,
                8
            ],
            [
                1,
                9,
                2,
                3,
                10,
                2,
                1,
                4,
                8,
                3
            ],
            [
                2,
                5,
                7,
                6,
                6,
                4,
                11,
                7,
                11,
                4
            ],
            [
                3,
                8,
                10,
                1,
                4,
                5,
                10,
                8,
                10,
                8
            ],
            [
                4,
                7,
                1,
                6,
                2,
                6,
                8,
                10,
                5,
                7
            ]
        ],
        "machines": [
            [
                4,
                0,
                6,
                7,
                3,
                1,
                8,
                5,
                2,
                9
            ],
            [
                5,
                1,
                0,
                9,
                3,
                6,
                7,
                8,
                2,
                4
            ],
            [
                1,
                6,
                8,
                7,
                4,
                3,
                2,
                5,
                9,
                0
            ],
            [
                5,
                6,
                9,
                7,
                8,
                3,
                4,
                1,
                2,
                0
            ],
            [
                3,
                7,
                5,
                1,
                9,
                2,
                0,
                6,
                4,
                8
            ],
            [
                1,
                0,
                8,
                4,
                2,
                9,
                6,
                3,
                5,
                7
            ],
            [
                1,
                6,
                8,
                9,
                0,
                4,
                3,
                5,
                2,
                7
            ],
            [
                2,
                7,
                6,
                4,
                1,
                5,
                9,
                8,
                0,
                3
            ],
            [
                2,
                8,
                0,
                4,
                1,
                6,
                9,
                5,
                3,
                7
            ],
            [
                1,
                6,
                2,
                4,
                0,
                5,
                8,
                7,
                9,
                3
            ]
        ]
    }
}