{
    "optimal_time": 102.0,
    "opt_compute_time:": 0.29921685298904777,
    "spt_time": 130,
    "spt_compute_time": 3.710181787610054,
    "lpt_time": 162,
    "lpt_compute_time": 5.0194557518698275,
    "n_jobs": 10,
    "n_resources": 10,
    "n_ops_per_job": 10,
    "max_op_time": 11,
    "jssp_identification": "10x10_3113_inst.json",
    "solution_optimality": "OPTIMAL",
    "jssp_instance": {
        "durations": [
            [
                11,
                7,
                2,
                9,
                11,
                9,
                11,
                9,
                2,
                2
            ],
            [
                10,
                7,
                7,
                8,
                11,
                10,
                10,
                9,
                2,
                11
            ],
            [
                11,
                5,
                9,
                4,
                4,
                8,
                3,
                6,
                2,
                1
            ],
            [
                4,
                3,
                6,
                3,
                4,
                4,
                11,
                5,
                1,
                3
            ],
            [
                8,
                2,
                11,
                2,
                10,
                3,
                8,
                2,
                2,
                7
            ],
            [
                4,
                2,
                3,
                2,
                6,
                10,
                5,
                3,
                2,
                3
            ],
            [
                11,
                2,
                10,
                8,
                4,
                7,
                2,
                6,
                3,
                2
            ],
            [
                8,
                6,
                3,
                3,
                11,
                10,
                9,
                8,
                8,
                7
            ],
            [
                3,
                3,
                8,
                9,
                6,
                8,
                7,
                8,
                7,
                9
            ],
            [
                1,
                2,
                9,
                7,
                6,
                2,
                9,
                9,
                1,
                2
            ]
        ],
        "machines": [
            [
                3,
                0,
                1,
                4,
                5,
                6,
                2,
                8,
                7,
                9
            ],
            [
                8,
                3,
                1,
                0,
                9,
                6,
                4,
                5,
                7,
                2
            ],
            [
                6,
                5,
                1,
                8,
                4,
                7,
                0,
                9,
                3,
                2
            ],
            [
                9,
                6,
                4,
                8,
                7,
                5,
                3,
                0,
                1,
                2
            ],
            [
                3,
                4,
                9,
                8,
                7,
                1,
                6,
                5,
                0,
                2
            ],
            [
                7,
                9,
                3,
                8,
                5,
                0,
                6,
                2,
                4,
                1
            ],
            [
                8,
                2,
                1,
                9,
                7,
                0,
                6,
                4,
                3,
                5
            ],
            [
                8,
                4,
                1,
                7,
                6,
                3,
                2,
                9,
                0,
                5
            ],
            [
                3,
                7,
                1,
                4,
                6,
                2,
                9,
                0,
                8,
                5
            ],
            [
                3,
                8,
                6,
                4,
                9,
                2,
                0,
                5,
                1,
                7
            ]
        ]
    }
}