{
    "optimal_time": 93.0,
    "opt_compute_time:": 0.15852040331810713,
    "spt_time": 110,
    "spt_compute_time": 3.230239314958453,
    "lpt_time": 114,
    "lpt_compute_time": 3.5222183070145547,
    "n_jobs": 10,
    "n_resources": 10,
    "n_ops_per_job": 10,
    "max_op_time": 11,
    "jssp_identification": "10x10_3649_inst.json",
    "solution_optimality": "OPTIMAL",
    "jssp_instance": {
        "durations": [
            [
                1,
                2,
                4,
                1,
                3,
                5,
                2,
                11,
                4,
                10
            ],
            [
                1,
                5,
                6,
                9,
                4,
                7,
                6,
                11,
                9,
                1
            ],
            [
                4,
                1,
                4,
                4,
                9,
                4,
                8,
                5,
                3,
                8
            ],
            [
                7,
                11,
                11,
                5,
                2,
                1,
                3,
                2,
                11,
                7
            ],
            [
                3,
                3,
                1,
                5,
                5,
                4,
                5,
                1,
                4,
                5
            ],
            [
                7,
                8,
                2,
                11,
                10,
                6,
                5,
                1,
                5,
                9
            ],
            [
                1,
                4,
                5,
                10,
                2,
                4,
                2,
                11,
                2,
                11
            ],
            [
                4,
                1,
                10,
                7,
                2,
                3,
                7,
                2,
                5,
                2
            ],
            [
                10,
                8,
                5,
                4,
                2,
                6,
                5,
                4,
                1,
                9
            ],
            [
                6,
                8,
                5,
                5,
                6,
                3,
                2,
                7,
                11,
                10
            ]
        ],
        "machines": [
            [
                2,
                9,
                8,
                1,
                6,
                7,
                3,
                4,
                0,
                5
            ],
            [
                1,
                0,
                2,
                6,
                8,
                4,
                7,
                5,
                9,
                3
            ],
            [
                5,
                7,
                4,
                2,
                1,
                8,
                0,
                6,
                3,
                9
            ],
            [
                6,
                2,
                5,
                4,
                3,
                8,
                0,
                9,
                1,
                7
            ],
            [
                9,
                5,
                7,
                6,
                4,
                2,
                0,
                3,
                1,
                8
            ],
            [
                2,
                4,
                8,
                6,
                0,
                3,
                9,
                5,
                1,
                7
            ],
            [
                7,
                2,
                4,
                0,
                1,
                8,
                9,
                5,
                6,
                3
            ],
            [
                5,
                4,
                9,
                7,
                3,
                1,
                0,
                6,
                8,
                2
            ],
            [
                2,
                9,
                0,
                3,
                1,
                4,
                8,
                7,
                5,
                6
            ],
            [
                2,
                9,
                4,
                3,
                6,
                7,
                5,
                0,
                1,
                8
            ]
        ]
    }
}