{
    "optimal_time": 91.0,
    "opt_compute_time:": 0.11897732596844435,
    "spt_time": 109,
    "spt_compute_time": 2.938288460019976,
    "lpt_time": 121,
    "lpt_compute_time": 3.9025038480758667,
    "n_jobs": 10,
    "n_resources": 10,
    "n_ops_per_job": 10,
    "max_op_time": 11,
    "jssp_identification": "10x10_2130_inst.json",
    "solution_optimality": "OPTIMAL",
    "jssp_instance": {
        "durations": [
            [
                11,
                9,
                8,
                5,
                11,
                8,
                10,
                8,
                1,
                7
            ],
            [
                5,
                3,
                3,
                5,
                11,
                7,
                10,
                2,
                5,
                3
            ],
            [
                6,
                3,
                2,
                2,
                5,
                1,
                9,
                3,
                5,
                6
            ],
            [
                5,
                2,
                9,
                1,
                1,
                9,
                9,
                4,
                1,
                5
            ],
            [
                8,
                8,
                5,
                9,
                1,
                3,
                1,
                11,
                11,
                2
            ],
            [
                5,
                1,
                5,
                2,
                7,
                11,
                9,
                2,
                5,
                2
            ],
            [
                9,
                3,
                4,
                7,
                3,
                10,
                3,
                3,
                6,
                5
            ],
            [
                4,
                6,
                11,
                10,
                5,
                8,
                7,
                3,
                11,
                11
            ],
            [
                2,
                1,
                8,
                8,
                6,
                2,
                10,
                6,
                5,
                11
            ],
            [
                2,
                9,
                5,
                2,
                5,
                9,
                1,
                11,
                2,
                8
            ]
        ],
        "machines": [
            [
                5,
                2,
                3,
                8,
                1,
                7,
                9,
                4,
                0,
                6
            ],
            [
                1,
                3,
                2,
                7,
                8,
                6,
                9,
                5,
                4,
                0
            ],
            [
                6,
                7,
                4,
                9,
                1,
                5,
                8,
                3,
                0,
                2
            ],
            [
                3,
                7,
                8,
                1,
                4,
                0,
                5,
                9,
                2,
                6
            ],
            [
                4,
                6,
                9,
                8,
                2,
                5,
                7,
                1,
                0,
                3
            ],
            [
                9,
                3,
                2,
                4,
                7,
                1,
                5,
                0,
                8,
                6
            ],
            [
                2,
                3,
                7,
                0,
                1,
                4,
                5,
                6,
                8,
                9
            ],
            [
                1,
                8,
                2,
                3,
                9,
                0,
                6,
                4,
                5,
                7
            ],
            [
                5,
                6,
                3,
                1,
                7,
                8,
                2,
                4,
                9,
                0
            ],
            [
                0,
                6,
                1,
                5,
                9,
                4,
                3,
                7,
                8,
                2
            ]
        ]
    }
}