{
    "optimal_time": 97.0,
    "opt_compute_time:": 0.3505931510590017,
    "spt_time": 115,
    "spt_compute_time": 3.5391232459805906,
    "lpt_time": 125,
    "lpt_compute_time": 3.9657846270129085,
    "n_jobs": 10,
    "n_resources": 10,
    "n_ops_per_job": 10,
    "max_op_time": 11,
    "jssp_identification": "10x10_3236_inst.json",
    "solution_optimality": "OPTIMAL",
    "jssp_instance": {
        "durations": [
            [
                2,
                5,
                6,
                10,
                5,
                10,
                5,
                8,
                8,
                2
            ],
            [
                6,
                3,
                8,
                2,
                9,
                4,
                6,
                5,
                11,
                1
            ],
            [
                1,
                3,
                5,
                2,
                11,
                6,
                11,
                4,
                9,
                6
            ],
            [
                8,
                6,
                8,
                9,
                8,
                8,
                2,
                11,
                5,
                3
            ],
            [
                5,
                10,
                1,
                10,
                2,
                10,
                8,
                1,
                8,
                5
            ],
            [
                3,
                6,
                7,
                3,
                5,
                5,
                8,
                10,
                5,
                11
            ],
            [
                11,
                6,
                4,
                5,
                7,
                9,
                2,
                8,
                3,
                10
            ],
            [
                2,
                2,
                7,
                3,
                10,
                4,
                7,
                11,
                8,
                6
            ],
            [
                9,
                10,
                8,
                1,
                11,
                8,
                9,
                6,
                8,
                10
            ],
            [
                6,
                8,
                6,
                6,
                7,
                1,
                1,
                5,
                5,
                5
            ]
        ],
        "machines": [
            [
                3,
                0,
                9,
                4,
                5,
                6,
                7,
                1,
                8,
                2
            ],
            [
                4,
                3,
                0,
                9,
                8,
                6,
                1,
                7,
                2,
                5
            ],
            [
                3,
                1,
                2,
                5,
                0,
                9,
                4,
                7,
                6,
                8
            ],
            [
                2,
                0,
                5,
                4,
                6,
                8,
                7,
                1,
                3,
                9
            ],
            [
                0,
                6,
                4,
                5,
                8,
                1,
                7,
                9,
                3,
                2
            ],
            [
                7,
                5,
                4,
                3,
                6,
                9,
                1,
                0,
                2,
                8
            ],
            [
                2,
                9,
                1,
                5,
                0,
                3,
                6,
                7,
                8,
                4
            ],
            [
                0,
                7,
                1,
                4,
                6,
                3,
                8,
                2,
                5,
                9
            ],
            [
                9,
                2,
                7,
                5,
                8,
                1,
                4,
                3,
                6,
                0
            ],
            [
                7,
                0,
                1,
                9,
                2,
                5,
                6,
                8,
                4,
                3
            ]
        ]
    }
}