{
    "optimal_time": 92.0,
    "opt_compute_time:": 0.09043307788670063,
    "spt_time": 110,
    "spt_compute_time": 3.1681698760949075,
    "lpt_time": 112,
    "lpt_compute_time": 3.577585509046912,
    "n_jobs": 10,
    "n_resources": 10,
    "n_ops_per_job": 10,
    "max_op_time": 11,
    "jssp_identification": "10x10_1945_inst.json",
    "solution_optimality": "OPTIMAL",
    "jssp_instance": {
        "durations": [
            [
                8,
                6,
                9,
                5,
                5,
                3,
                3,
                6,
                5,
                2
            ],
            [
                10,
                4,
                2,
                1,
                9,
                6,
                3,
                11,
                8,
                6
            ],
            [
                3,
                2,
                1,
                4,
                9,
                2,
                10,
                3,
                3,
                2
            ],
            [
                9,
                4,
                1,
                5,
                10,
                11,
                11,
                3,
                4,
                10
            ],
            [
                4,
                4,
                11,
                2,
                2,
                7,
                11,
                4,
                2,
                11
            ],
            [
                10,
                5,
                9,
                1,
                3,
                5,
                3,
                4,
                3,
                1
            ],
            [
                1,
                6,
                2,
                10,
                6,
                4,
                11,
                4,
                2,
                10
            ],
            [
                7,
                5,
                6,
                2,
                5,
                4,
                1,
                1,
                6,
                2
            ],
            [
                7,
                10,
                2,
                9,
                11,
                7,
                10,
                9,
                9,
                5
            ],
            [
                10,
                9,
                1,
                4,
                6,
                3,
                7,
                11,
                2,
                2
            ]
        ],
        "machines": [
            [
                5,
                9,
                2,
                8,
                3,
                4,
                7,
                1,
                0,
                6
            ],
            [
                1,
                8,
                0,
                5,
                3,
                2,
                7,
                9,
                4,
                6
            ],
            [
                1,
                0,
                6,
                8,
                7,
                4,
                5,
                9,
                3,
                2
            ],
            [
                3,
                1,
                8,
                7,
                4,
                0,
                2,
                9,
                5,
                6
            ],
            [
                3,
                0,
                4,
                9,
                6,
                1,
                2,
                7,
                8,
                5
            ],
            [
                5,
                2,
                6,
                9,
                1,
                4,
                8,
                0,
                7,
                3
            ],
            [
                9,
                0,
                4,
                3,
                2,
                5,
                8,
                1,
                6,
                7
            ],
            [
                3,
                6,
                7,
                9,
                5,
                4,
                8,
                2,
                1,
                0
            ],
            [
                6,
                4,
                7,
                5,
                8,
                0,
                1,
                2,
                3,
                9
            ],
            [
                6,
                7,
                4,
                5,
                8,
                1,
                2,
                9,
                0,
                3
            ]
        ]
    }
}