{
    "optimal_time": 146.0,
    "opt_compute_time:": 11.489207696169615,
    "spt_time": 201,
    "spt_compute_time": 12.386097010225058,
    "lpt_time": 204,
    "lpt_compute_time": 16.55310546513647,
    "n_jobs": 15,
    "n_resources": 15,
    "n_ops_per_job": 15,
    "max_op_time": 11,
    "jssp_identification": "15x15_3507_inst.json",
    "solution_optimality": "OPTIMAL",
    "jssp_instance": {
        "durations": [
            [
                11,
                11,
                7,
                4,
                8,
                7,
                8,
                7,
                9,
                10,
                8,
                7,
                3,
                7,
                3
            ],
            [
                10,
                5,
                3,
                1,
                4,
                6,
                7,
                6,
                10,
                1,
                11,
                9,
                5,
                10,
                7
            ],
            [
                6,
                9,
                2,
                7,
                4,
                2,
                4,
                9,
                8,
                8,
                2,
                8,
                6,
                4,
                10
            ],
            [
                7,
                9,
                8,
                6,
                8,
                1,
                1,
                7,
                6,
                10,
                7,
                6,
                4,
                2,
                8
            ],
            [
                3,
                4,
                3,
                1,
                5,
                5,
                8,
                7,
                11,
                1,
                5,
                11,
                11,
                7,
                8
            ],
            [
                2,
                3,
                4,
                5,
                5,
                6,
                6,
                7,
                3,
                3,
                2,
                9,
                10,
                11,
                2
            ],
            [
                10,
                1,
                9,
                4,
                5,
                6,
                6,
                11,
                8,
                1,
                11,
                5,
                9,
                10,
                5
            ],
            [
                7,
                5,
                1,
                5,
                10,
                9,
                10,
                9,
                5,
                6,
                10,
                8,
                1,
                6,
                4
            ],
            [
                6,
                3,
                6,
                8,
                1,
                10,
                8,
                1,
                1,
                9,
                2,
                2,
                7,
                7,
                2
            ],
            [
                2,
                4,
                10,
                6,
                4,
                8,
                11,
                7,
                6,
                7,
                5,
                6,
                10,
                1,
                6
            ],
            [
                8,
                11,
                1,
                4,
                10,
                3,
                10,
                2,
                2,
                9,
                4,
                2,
                2,
                1,
                2
            ],
            [
                6,
                5,
                2,
                10,
                2,
                1,
                9,
                6,
                1,
                1,
                4,
                6,
                10,
                2,
                11
            ],
            [
                2,
                11,
                6,
                3,
                5,
                11,
                7,
                10,
                3,
                10,
                1,
                6,
                11,
                9,
                7
            ],
            [
                10,
                7,
                1,
                3,
                11,
                1,
                10,
                8,
                8,
                10,
                2,
                7,
                9,
                3,
                8
            ],
            [
                4,
                9,
                1,
                7,
                2,
                5,
                2,
                6,
                5,
                5,
                7,
                8,
                2,
                11,
                5
            ]
        ],