{
    "optimal_time": 146.0,
    "opt_compute_time:": 138.48854396305978,
    "spt_time": 240,
    "spt_compute_time": 13.622841002885252,
    "lpt_time": 210,
    "lpt_compute_time": 15.267551699187607,
    "n_jobs": 15,
    "n_resources": 15,
    "n_ops_per_job": 15,
    "max_op_time": 11,
    "jssp_identification": "15x15_3957_inst.json",
    "solution_optimality": "OPTIMAL",
    "jssp_instance": {
        "durations": [
            [
                6,
                3,
                9,
                2,
                9,
                4,
                4,
                11,
                9,
                9,
                3,
                11,
                9,
                8,
                5
            ],
            [
                8,
                3,
                9,
                8,
                1,
                7,
                3,
                2,
                4,
                2,
                9,
                11,
                10,
                3,
                6
            ],
            [
                5,
                8,
                11,
                10,
                6,
                7,
                9,
                8,
                8,
                6,
                9,
                5,
                2,
                8,
                9
            ],
            [
                5,
                6,
                8,
                10,
                9,
                4,
                4,
                7,
                2,
                4,
                8,
                11,
                5,
                11,
                7
            ],
            [
                2,
                7,
                3,
                9,
                9,
                3,
                6,
                7,
                9,
                8,
                7,
                6,
                6,
                6,
                5
            ],
            [
                8,
                7,
                2,
                4,
                3,
                5,
                8,
                6,
                9,
                1,
                6,
                10,
                8,
                11,
                8
            ],
            [
                5,
                10,
                1,
                2,
                1,
                5,
                8,
                8,
                7,
                10,
                11,
                10,
                5,
                10,
                8
            ],
            [
                2,
                1,
                4,
                1,
                4,
                2,
                10,
                10,
                10,
                11,
                10,
                2,
                7,
                7,
                5
            ],
            [
                4,
                2,
                8,
                4,
                4,
                4,
                3,
                1,
                5,
                5,
                3,
                2,
                1,
                7,
                6
            ],
            [
                10,
                5,
                9,
                11,
                11,
                3,
                11,
                10,
                11,
                7,
                6,
                11,
                9,
                3,
                7
            ],
            [
                5,
                7,
                7,
                6,
                4,
                3,
                6,
                6,
                5,
                1,
                7,
                8,
                2,
                6,
                11
            ],
            [
                6,
                2,
                6,
                10,
                6,
                4,
                5,
                7,
                5,
                10,
                1,
                5,
                1,
                3,
                2
            ],
            [
                4,
                1,
                2,
                1,
                11,
                10,
                3,
                8,
                6,
                4,
                6,
                2,
                5,
                8,
                7
            ],
            [
                9,
                7,
                2,
                3,
                7,
                5,
                3,
                1,
                8,
                4,
                5,
                6,
                3,
                10,
                9
            ],
            [
                4,
                10,
                8,
                9,
                2,
                6,
                7,
                5,
                5,
                4,
                8,
                3,
                2,
                4,
                2
            ]
        ],