{
    "optimal_time": 148.0,
    "opt_compute_time:": 15.449944813735783,
    "spt_time": 183,
    "spt_compute_time": 13.189803196117282,
    "lpt_time": 197,
    "lpt_compute_time": 13.308998918160796,
    "n_jobs": 15,
    "n_resources": 15,
    "n_ops_per_job": 15,
    "max_op_time": 11,
    "jssp_identification": "15x15_1674_inst.json",
    "solution_optimality": "OPTIMAL",
    "jssp_instance": {
        "durations": [
            [
                10,
                11,
                2,
                8,
                1,
                7,
                9,
                9,
                3,
                9,
                7,
                2,
                8,
                8,
                1
            ],
            [
                4,
                6,
                6,
                6,
                5,
                10,
                10,
                11,
                1,
                7,
                8,
                6,
                9,
                9,
                8
            ],
            [
                10,
                9,
                10,
                9,
                5,
                11,
                9,
                5,
                10,
                10,
                5,
                5,
                8,
                8,
                2
            ],
            [
                11,
                7,
                6,
                4,
                2,
                9,
                4,
                11,
                7,
                10,
                11,
                5,
                8,
                4,
                1
            ],
            [
                3,
                10,
                6,
                3,
                9,
                3,
                8,
                1,
                8,
                3,
                8,
                8,
                5,
                1,
                5
            ],
            [
                6,
                8,
                10,
                6,
                9,
                5,
                9,
                11,
                6,
                10,
                5,
                11,
                8,
                5,
                2
            ],
            [
                2,
                10,
                9,
                2,
                9,
                6,
                9,
                4,
                11,
                11,
                1,
                8,
                2,
                6,
                3
            ],
            [
                10,
                2,
                9,
                8,
                2,
                3,
                2,
                2,
                11,
                3,
                8,
                2,
                1,
                4,
                9
            ],
            [
                4,
                4,
                11,
                9,
                6,
                5,
                6,
                2,
                2,
                5,
                7,
                2,
                4,
                3,
                4
            ],
            [
                9,
                11,
                9,
                8,
                3,
                2,
                8,
                1,
                7,
                1,
                2,
                6,
                2,
                6,
                3
            ],
            [
                8,
                2,
                1,
                8,
                11,
                5,
                8,
                6,
                1,
                9,
                11,
                1,
                4,
                10,
                6
            ],
            [
                8,
                5,
                6,
                4,
                4,
                2,
                6,
                8,
                3,
                8,
                5,
                7,
                1,
                1,
                3
            ],
            [
                9,
                8,
                11,
                5,
                6,
                7,
                10,
                4,
                9,
                3,
                1,
                8,
                10,
                3,
                11
            ],
            [
                9,
                2,
                11,
                7,
                5,
                9,
                3,
                8,
                2,
                3,
                1,
                4,
                11,
                11,
                9
            ],
            [
                11,
                7,
                11,
                7,
                5,
                9,
                11,
                8,
                2,
                3,
                11,
                6,
                11,
                4,
                2
            ]
        ],