{
    "optimal_time": 143.0,
    "opt_compute_time:": 1750.0307459193282,
    "spt_time": 171,
    "spt_compute_time": 11.040855212137103,
    "lpt_time": 196,
    "lpt_compute_time": 16.48510777996853,
    "n_jobs": 15,
    "n_resources": 15,
    "n_ops_per_job": 15,
    "max_op_time": 11,
    "jssp_identification": "15x15_2993_inst.json",
    "solution_optimality": "OPTIMAL",
    "jssp_instance": {
        "durations": [
            [
                5,
                2,
                4,
                4,
                6,
                10,
                7,
                7,
                6,
                6,
                11,
                8,
                5,
                7,
                10
            ],
            [
                1,
                3,
                5,
                11,
                9,
                9,
                4,
                7,
                5,
                4,
                2,
                5,
                11,
                1,
                4
            ],
            [
                11,
                1,
                9,
                10,
                9,
                2,
                4,
                10,
                11,
                4,
                5,
                4,
                5,
                7,
                1
            ],
            [
                9,
                1,
                2,
                3,
                7,
                8,
                7,
                9,
                2,
                11,
                6,
                1,
                8,
                8,
                8
            ],
            [
                11,
                4,
                11,
                6,
                9,
                5,
                8,
                10,
                10,
                8,
                4,
                5,
                11,
                2,
                2
            ],
            [
                1,
                8,
                1,
                5,
                10,
                3,
                6,
                5,
                9,
                8,
                3,
                2,
                8,
                8,
                10
            ],
            [
                5,
                9,
                1,
                1,
                3,
                3,
                6,
                7,
                7,
                7,
                9,
                1,
                1,
                8,
                3
            ],
            [
                3,
                5,
                9,
                10,
                9,
                5,
                9,
                3,
                1,
                2,
                3,
                7,
                1,
                11,
                3
            ],
            [
                10,
                4,
                11,
                4,
                2,
                9,
                4,
                8,
                7,
                7,
                3,
                4,
                6,
                10,
                11
            ],
            [
                9,
                8,
                10,
                9,
                2,
                10,
                10,
                11,
                1,
                10,
                2,
                2,
                9,
                10,
                2
            ],
            [
                9,
                6,
                2,
                11,
                10,
                1,
                3,
                3,
                6,
                6,
                5,
                11,
                9,
                4,
                9
            ],
            [
                3,
                10,
                3,
                3,
                11,
                8,
                6,
                2,
                6,
                7,
                10,
                4,
                8,
                5,
                6
            ],
            [
                10,
                7,
                3,
                8,
                5,
                10,
                2,
                5,
                6,
                8,
                2,
                10,
                7,
                4,
                2
            ],
            [
                3,
                7,
                7,
                11,
                6,
                6,
                3,
                4,
                3,
                9,
                7,
                1,
                2,
                9,
                6
            ],
            [
                8,
                6,
                2,
                8,
                1,
                10,
                10,
                6,
                11,
                1,
                5,
                9,
                11,
                11,
                9
            ]
        ],