{
    "optimal_time": 151.0,
    "opt_compute_time:": 4.231218283995986,
    "spt_time": 220,
    "spt_compute_time": 12.486501642037183,
    "lpt_time": 236,
    "lpt_compute_time": 13.666911812964827,
    "n_jobs": 15,
    "n_resources": 15,
    "n_ops_per_job": 15,
    "max_op_time": 11,
    "jssp_identification": "15x15_1779_inst.json",
    "solution_optimality": "OPTIMAL",
    "jssp_instance": {
        "durations": [
            [
                4,
                5,
                11,
                5,
                3,
                5,
                8,
                3,
                1,
                6,
                3,
                10,
                4,
                9,
                4
            ],
            [
                1,
                2,
                9,
                11,
                5,
                1,
                3,
                2,
                9,
                8,
                4,
                10,
                6,
                8,
                8
            ],
            [
                5,
                7,
                10,
                8,
                9,
                8,
                2,
                6,
                7,
                11,
                11,
                7,
                2,
                11,
                9
            ],
            [
                6,
                10,
                11,
                8,
                1,
                1,
                10,
                10,
                3,
                8,
                11,
                10,
                6,
                6,
                9
            ],
            [
                4,
                6,
                2,
                10,
                4,
                5,
                11,
                9,
                10,
                7,
                6,
                10,
                4,
                5,
                4
            ],
            [
                4,
                3,
                1,
                11,
                4,
                10,
                2,
                6,
                4,
                1,
                1,
                7,
                4,
                2,
                8
            ],
            [
                3,
                3,
                11,
                8,
                5,
                6,
                8,
                2,
                6,
                10,
                9,
                6,
                8,
                1,
                3
            ],
            [
                6,
                5,
                10,
                6,
                1,
                2,
                4,
                5,
                8,
                2,
                8,
                8,
                11,
                11,
                7
            ],
            [
                1,
                2,
                3,
                9,
                5,
                4,
                3,
                2,
                6,
                4,
                6,
                11,
                3,
                10,
                5
            ],
            [
                2,
                7,
                4,
                6,
                6,
                5,
                6,
                2,
                1,
                11,
                5,
                7,
                2,
                2,
                3
            ],
            [
                5,
                2,
                1,
                3,
                1,
                6,
                10,
                3,
                7,
                10,
                8,
                8,
                10,
                8,
                7
            ],
            [
                10,
                10,
                9,
                5,
                4,
                9,
                9,
                8,
                8,
                5,
                6,
                11,
                5,
                11,
                4
            ],
            [
                8,
                7,
                11,
                9,
                7,
                6,
                4,
                3,
                11,
                1,
                11,
                4,
                5,
                7,
                8
            ],
            [
                9,
                8,
                7,
                5,
                2,
                5,
                5,
                11,
                10,
                3,
                11,
                10,
                4,
                7,
                2
            ],
            [
                3,
                7,
                10,
                4,
                1,
                8,
                8,
                6,
                10,
                1,
                5,
                2,
                4,
                2,
                10
            ]
        ],