{
    "optimal_time": 130.0,
    "opt_compute_time:": 2.831335552968085,
    "spt_time": 158,
    "spt_compute_time": 11.68129947828129,
    "lpt_time": 175,
    "lpt_compute_time": 12.191622604150325,
    "n_jobs": 15,
    "n_resources": 15,
    "n_ops_per_job": 15,
    "max_op_time": 11,
    "jssp_identification": "15x15_3146_inst.json",
    "solution_optimality": "OPTIMAL",
    "jssp_instance": {
        "durations": [
            [
                4,
                1,
                3,
                5,
                9,
                11,
                4,
                3,
                9,
                5,
                1,
                7,
                7,
                5,
                9
            ],
            [
                9,
                3,
                3,
                11,
                6,
                10,
                1,
                1,
                4,
                11,
                9,
                2,
                2,
                6,
                11
            ],
            [
                4,
                6,
                7,
                9,
                2,
                6,
                4,
                2,
                1,
                4,
                2,
                1,
                6,
                11,
                9
            ],
            [
                4,
                7,
                4,
                6,
                5,
                3,
                1,
                6,
                5,
                10,
                2,
                10,
                4,
                9,
                8
            ],
            [
                10,
                8,
                5,
                6,
                4,
                4,
                5,
                2,
                2,
                6,
                3,
                6,
                5,
                9,
                4
            ],
            [
                5,
                7,
                7,
                8,
                8,
                8,
                10,
                1,
                5,
                4,
                1,
                11,
                1,
                3,
                7
            ],
            [
                10,
                5,
                10,
                2,
                1,
                1,
                8,
                9,
                8,
                6,
                4,
                8,
                3,
                7,
                7
            ],
            [
                7,
                6,
                1,
                7,
                9,
                1,
                8,
                11,
                3,
                9,
                1,
                6,
                10,
                11,
                1
            ],
            [
                3,
                11,
                3,
                1,
                1,
                8,
                9,
                4,
                8,
                4,
                6,
                2,
                10,
                6,
                1
            ],
            [
                10,
                10,
                10,
                5,
                7,
                10,
                2,
                4,
                2,
                11,
                7,
                5,
                3,
                8,
                8
            ],
            [
                11,
                5,
                1,
                7,
                8,
                8,
                8,
                2,
                8,
                2,
                8,
                2,
                8,
                5,
                4
            ],
            [
                2,
                2,
                8,
                8,
                7,
                11,
                9,
                9,
                11,
                1,
                3,
                2,
                3,
                5,
                3
            ],
            [
                5,
                5,
                3,
                9,
                10,
                3,
                10,
                3,
                5,
                11,
                1,
                10,
                4,
                9,
                2
            ],
            [
                3,
                4,
                7,
                3,
                11,
                1,
                11,
                5,
                2,
                5,
                1,
                10,
                5,
                11,
                9
            ],
            [
                4,
                8,
                7,
                9,
                11,
                8,
                6,
                8,
                6,
                7,
                6,
                7,
                7,
                2,
                5
            ]
        ],