{
    "optimal_time": 132.0,
    "opt_compute_time:": 203.83098475495353,
    "spt_time": 156,
    "spt_compute_time": 11.142476332373917,
    "lpt_time": 174,
    "lpt_compute_time": 13.290485044941306,
    "n_jobs": 15,
    "n_resources": 15,
    "n_ops_per_job": 15,
    "max_op_time": 11,
    "jssp_identification": "15x15_1722_inst.json",
    "solution_optimality": "OPTIMAL",
    "jssp_instance": {
        "durations": [
            [
                7,
                11,
                5,
                4,
                11,
                3,
                9,
                4,
                9,
                1,
                5,
                5,
                2,
                6,
                2
            ],
            [
                7,
                11,
                6,
                2,
                4,
                7,
                8,
                11,
                8,
                8,
                8,
                10,
                4,
                11,
                5
            ],
            [
                6,
                5,
                2,
                8,
                4,
                2,
                4,
                4,
                1,
                11,
                4,
                4,
                2,
                1,
                2
            ],
            [
                2,
                9,
                2,
                6,
                4,
                1,
                7,
                1,
                2,
                5,
                10,
                9,
                1,
                8,
                1
            ],
            [
                6,
                8,
                1,
                3,
                8,
                11,
                1,
                10,
                10,
                10,
                4,
                2,
                8,
                4,
                7
            ],
            [
                10,
                8,
                2,
                8,
                2,
                5,
                2,
                4,
                2,
                4,
                11,
                3,
                2,
                8,
                3
            ],
            [
                11,
                11,
                4,
                8,
                4,
                6,
                3,
                11,
                6,
                7,
                3,
                3,
                3,
                8,
                4
            ],
            [
                6,
                6,
                11,
                5,
                7,
                9,
                5,
                3,
                3,
                6,
                11,
                6,
                8,
                3,
                6
            ],
            [
                3,
                2,
                7,
                6,
                9,
                8,
                6,
                2,
                3,
                6,
                10,
                7,
                4,
                2,
                5
            ],
            [
                3,
                10,
                3,
                2,
                8,
                10,
                5,
                6,
                7,
                6,
                7,
                3,
                8,
                2,
                6
            ],
            [
                11,
                1,
                11,
                5,
                4,
                5,
                3,
                3,
                7,
                11,
                3,
                7,
                5,
                3,
                2
            ],
            [
                11,
                1,
                1,
                6,
                3,
                11,
                7,
                4,
                1,
                10,
                2,
                8,
                7,
                2,
                1
            ],
            [
                9,
                1,
                1,
                2,
                9,
                7,
                2,
                2,
                5,
                6,
                3,
                6,
                7,
                9,
                11
            ],
            [
                10,
                8,
                7,
                9,
                5,
                1,
                3,
                3,
                11,
                3,
                4,
                7,
                8,
                3,
                7
            ],
            [
                3,
                5,
                11,
                10,
                11,
                9,
                4,
                6,
                7,
                3,
                4,
                1,
                3,
                5,
                5
            ]
        ],