{
    "optimal_time": 137.0,
    "opt_compute_time:": 200.3694096901454,
    "spt_time": 163,
    "spt_compute_time": 12.646042685955763,
    "lpt_time": 189,
    "lpt_compute_time": 16.162019262090325,
    "n_jobs": 15,
    "n_resources": 15,
    "n_ops_per_job": 15,
    "max_op_time": 11,
    "jssp_identification": "15x15_2666_inst.json",
    "solution_optimality": "OPTIMAL",
    "jssp_instance": {
        "durations": [
            [
                6,
                2,
                10,
                10,
                6,
                1,
                7,
                8,
                9,
                11,
                3,
                9,
                7,
                10,
                10
            ],
            [
                7,
                10,
                4,
                4,
                4,
                9,
                9,
                6,
                4,
                5,
                1,
                10,
                7,
                4,
                1
            ],
            [
                8,
                9,
                6,
                1,
                1,
                3,
                11,
                1,
                2,
                9,
                9,
                8,
                11,
                5,
                11
            ],
            [
                3,
                2,
                1,
                2,
                7,
                1,
                7,
                4,
                7,
                3,
                5,
                5,
                6,
                11,
                7
            ],
            [
                7,
                4,
                7,
                7,
                6,
                6,
                3,
                2,
                6,
                3,
                4,
                7,
                6,
                3,
                9
            ],
            [
                3,
                5,
                1,
                3,
                11,
                2,
                4,
                2,
                2,
                8,
                2,
                8,
                5,
                8,
                2
            ],
            [
                4,
                10,
                1,
                11,
                4,
                11,
                4,
                10,
                11,
                3,
                11,
                10,
                3,
                2,
                8
            ],
            [
                8,
                1,
                9,
                5,
                11,
                2,
                2,
                8,
                10,
                5,
                4,
                8,
                7,
                5,
                10
            ],
            [
                1,
                9,
                1,
                2,
                10,
                10,
                11,
                4,
                8,
                10,
                7,
                9,
                1,
                2,
                11
            ],
            [
                9,
                3,
                10,
                3,
                8,
                1,
                7,
                6,
                5,
                3,
                1,
                9,
                10,
                1,
                5
            ],
            [
                11,
                3,
                6,
                6,
                10,
                8,
                9,
                8,
                3,
                7,
                10,
                10,
                3,
                3,
                5
            ],
            [
                9,
                10,
                7,
                7,
                10,
                5,
                1,
                3,
                2,
                2,
                1,
                4,
                1,
                1,
                2
            ],
            [
                2,
                4,
                3,
                10,
                1,
                10,
                8,
                3,
                4,
                6,
                9,
                3,
                9,
                5,
                6
            ],
            [
                4,
                2,
                6,
                8,
                3,
                5,
                2,
                1,
                1,
                7,
                5,
                3,
                9,
                7,
                9
            ],
            [
                1,
                6,
                10,
                4,
                9,
                3,
                4,
                3,
                11,
                1,
                10,
                3,
                2,
                2,
                11
            ]
        ],