{
    "optimal_time": 134.0,
    "opt_compute_time:": 23.106856599915773,
    "spt_time": 160,
    "spt_compute_time": 10.911749621387571,
    "lpt_time": 168,
    "lpt_compute_time": 11.897574699949473,
    "n_jobs": 15,
    "n_resources": 15,
    "n_ops_per_job": 15,
    "max_op_time": 11,
    "jssp_identification": "15x15_3228_inst.json",
    "solution_optimality": "OPTIMAL",
    "jssp_instance": {
        "durations": [
            [
                1,
                10,
                5,
                9,
                9,
                2,
                5,
                3,
                1,
                9,
                1,
                11,
                7,
                10,
                7
            ],
            [
                4,
                2,
                8,
                2,
                9,
                2,
                6,
                9,
                4,
                6,
                7,
                8,
                3,
                1,
                3
            ],
            [
                7,
                4,
                7,
                3,
                5,
                2,
                7,
                1,
                2,
                1,
                7,
                8,
                8,
                9,
                3
            ],
            [
                11,
                5,
                11,
                7,
                11,
                11,
                10,
                4,
                7,
                4,
                3,
                5,
                8,
                5,
                1
            ],
            [
                11,
                10,
                2,
                10,
                3,
                11,
                6,
                6,
                6,
                11,
                10,
                5,
                5,
                6,
                4
            ],
            [
                1,
                11,
                8,
                8,
                2,
                11,
                6,
                3,
                3,
                3,
                11,
                10,
                6,
                2,
                4
            ],
            [
                3,
                1,
                2,
                9,
                3,
                9,
                7,
                1,
                2,
                5,
                6,
                8,
                11,
                8,
                11
            ],
            [
                6,
                3,
                11,
                11,
                10,
                9,
                3,
                7,
                5,
                1,
                10,
                2,
                2,
                9,
                5
            ],
            [
                7,
                5,
                3,
                10,
                4,
                5,
                1,
                11,
                5,
                4,
                5,
                6,
                11,
                4,
                1
            ],
            [
                10,
                1,
                5,
                10,
                5,
                2,
                2,
                4,
                1,
                3,
                10,
                6,
                2,
                2,
                1
            ],
            [
                10,
                1,
                9,
                2,
                3,
                9,
                5,
                4,
                1,
                11,
                9,
                10,
                11,
                5,
                10
            ],
            [
                7,
                7,
                3,
                9,
                4,
                1,
                10,
                3,
                7,
                5,
                4,
                1,
                7,
                2,
                5
            ],
            [
                9,
                11,
                4,
                1,
                11,
                9,
                3,
                1,
                6,
                7,
                7,
                2,
                8,
                5,
                2
            ],
            [
                9,
                5,
                3,
                2,
                11,
                8,
                6,
                10,
                5,
                10,
                4,
                3,
                9,
                4,
                6
            ],
            [
                6,
                3,
                2,
                11,
                1,
                4,
                7,
                9,
                11,
                10,
                3,
                8,
                10,
                7,
                7
            ]
        ],