{
    "optimal_time": 149.0,
    "opt_compute_time:": 190.32062820484862,
    "spt_time": 179,
    "spt_compute_time": 12.547307231929153,
    "lpt_time": 198,
    "lpt_compute_time": 13.844914405141026,
    "n_jobs": 15,
    "n_resources": 15,
    "n_ops_per_job": 15,
    "max_op_time": 11,
    "jssp_identification": "15x15_2228_inst.json",
    "solution_optimality": "OPTIMAL",
    "jssp_instance": {
        "durations": [
            [
                5,
                1,
                8,
                3,
                5,
                11,
                11,
                4,
                2,
                11,
                6,
                9,
                8,
                7,
                6
            ],
            [
                5,
                10,
                8,
                8,
                7,
                2,
                4,
                6,
                2,
                8,
                3,
                7,
                8,
                11,
                11
            ],
            [
                2,
                9,
                1,
                5,
                3,
                8,
                6,
                5,
                9,
                3,
                10,
                6,
                4,
                5,
                10
            ],
            [
                1,
                4,
                4,
                8,
                5,
                6,
                7,
                5,
                5,
                4,
                9,
                4,
                1,
                2,
                4
            ],
            [
                9,
                6,
                6,
                1,
                11,
                6,
                2,
                11,
                10,
                2,
                7,
                7,
                1,
                11,
                10
            ],
            [
                3,
                8,
                4,
                9,
                1,
                11,
                4,
                6,
                8,
                4,
                1,
                5,
                11,
                1,
                4
            ],
            [
                1,
                2,
                11,
                10,
                3,
                7,
                9,
                1,
                3,
                2,
                8,
                11,
                1,
                6,
                11
            ],
            [
                4,
                9,
                2,
                6,
                10,
                10,
                9,
                8,
                7,
                10,
                4,
                7,
                3,
                2,
                4
            ],
            [
                3,
                9,
                2,
                6,
                4,
                1,
                11,
                2,
                11,
                8,
                4,
                3,
                10,
                10,
                5
            ],
            [
                5,
                11,
                10,
                10,
                7,
                5,
                11,
                3,
                2,
                3,
                5,
                11,
                4,
                5,
                10
            ],
            [
                11,
                3,
                6,
                2,
                3,
                10,
                11,
                5,
                8,
                3,
                7,
                5,
                8,
                11,
                5
            ],
            [
                3,
                9,
                5,
                7,
                5,
                7,
                11,
                8,
                3,
                10,
                11,
                3,
                7,
                2,
                6
            ],
            [
                11,
                3,
                2,
                1,
                4,
                11,
                6,
                10,
                1,
                8,
                3,
                11,
                11,
                7,
                1
            ],
            [
                11,
                11,
                4,
                7,
                8,
                4,
                10,
                5,
                10,
                5,
                7,
                8,
                4,
                7,
                10
            ],
            [
                2,
                5,
                7,
                7,
                10,
                1,
                8,
                8,
                8,
                6,
                2,
                10,
                2,
                2,
                7
            ]
        ],