{
    "optimal_time": 141.0,
    "opt_compute_time:": 120.32268336694688,
    "spt_time": 159,
    "spt_compute_time": 12.303661991842091,
    "lpt_time": 198,
    "lpt_compute_time": 15.648088308051229,
    "n_jobs": 15,
    "n_resources": 15,
    "n_ops_per_job": 15,
    "max_op_time": 11,
    "jssp_identification": "15x15_2980_inst.json",
    "solution_optimality": "OPTIMAL",
    "jssp_instance": {
        "durations": [
            [
                8,
                2,
                1,
                9,
                1,
                10,
                8,
                4,
                1,
                4,
                5,
                4,
                6,
                2,
                5
            ],
            [
                7,
                2,
                2,
                3,
                8,
                5,
                3,
                8,
                2,
                10,
                5,
                9,
                2,
                4,
                4
            ],
            [
                7,
                10,
                1,
                5,
                1,
                10,
                2,
                10,
                10,
                6,
                1,
                3,
                6,
                3,
                4
            ],
            [
                9,
                4,
                4,
                4,
                10,
                5,
                8,
                3,
                8,
                6,
                2,
                5,
                7,
                4,
                5
            ],
            [
                3,
                3,
                9,
                10,
                10,
                2,
                8,
                6,
                9,
                7,
                3,
                8,
                11,
                1,
                6
            ],
            [
                8,
                5,
                4,
                3,
                6,
                3,
                5,
                11,
                6,
                5,
                9,
                11,
                8,
                5,
                3
            ],
            [
                10,
                8,
                1,
                3,
                11,
                6,
                7,
                3,
                10,
                11,
                4,
                5,
                8,
                1,
                10
            ],
            [
                3,
                7,
                1,
                11,
                11,
                2,
                11,
                3,
                5,
                7,
                6,
                10,
                3,
                8,
                11
            ],
            [
                6,
                1,
                5,
                7,
                9,
                2,
                3,
                2,
                6,
                6,
                4,
                11,
                6,
                5,
                7
            ],
            [
                9,
                10,
                6,
                3,
                4,
                2,
                7,
                4,
                1,
                3,
                9,
                4,
                9,
                9,
                11
            ],
            [
                9,
                8,
                10,
                9,
                3,
                7,
                8,
                8,
                1,
                3,
                3,
                8,
                2,
                8,
                6
            ],
            [
                4,
                11,
                3,
                3,
                6,
                11,
                9,
                4,
                11,
                9,
                5,
                11,
                5,
                3,
                10
            ],
            [
                11,
                1,
                10,
                2,
                2,
                6,
                1,
                8,
                5,
                4,
                6,
                8,
                11,
                11,
                6
            ],
            [
                2,
                10,
                6,
                3,
                1,
                6,
                8,
                9,
                1,
                10,
                3,
                5,
                11,
                10,
                6
            ],
            [
                7,
                7,
                9,
                2,
                1,
                5,
                5,
                7,
                5,
                7,
                8,
                10,
                1,
                10,
                3
            ]
        ],