{
    "optimal_time": 148.0,
    "opt_compute_time:": 335.2147583300248,
    "spt_time": 196,
    "spt_compute_time": 11.833452887833118,
    "lpt_time": 202,
    "lpt_compute_time": 14.227650385349989,
    "n_jobs": 15,
    "n_resources": 15,
    "n_ops_per_job": 15,
    "max_op_time": 11,
    "jssp_identification": "15x15_1217_inst.json",
    "solution_optimality": "OPTIMAL",
    "jssp_instance": {
        "durations": [
            [
                6,
                6,
                1,
                10,
                11,
                1,
                4,
                8,
                4,
                6,
                1,
                1,
                9,
                10,
                1
            ],
            [
                4,
                2,
                1,
                2,
                9,
                3,
                10,
                8,
                2,
                2,
                7,
                8,
                11,
                3,
                9
            ],
            [
                1,
                10,
                9,
                10,
                4,
                9,
                1,
                1,
                10,
                4,
                9,
                6,
                5,
                7,
                10
            ],
            [
                11,
                8,
                8,
                7,
                3,
                7,
                6,
                5,
                10,
                1,
                4,
                5,
                11,
                9,
                4
            ],
            [
                2,
                10,
                3,
                3,
                10,
                8,
                5,
                9,
                7,
                10,
                11,
                4,
                8,
                1,
                10
            ],
            [
                4,
                11,
                2,
                9,
                2,
                3,
                7,
                4,
                2,
                1,
                2,
                6,
                1,
                11,
                2
            ],
            [
                7,
                1,
                9,
                7,
                8,
                5,
                10,
                6,
                6,
                1,
                1,
                6,
                5,
                4,
                10
            ],
            [
                10,
                3,
                10,
                5,
                5,
                5,
                1,
                2,
                4,
                6,
                8,
                7,
                7,
                2,
                5
            ],
            [
                10,
                6,
                4,
                6,
                11,
                6,
                9,
                2,
                7,
                10,
                4,
                3,
                6,
                8,
                5
            ],
            [
                11,
                1,
                3,
                6,
                1,
                7,
                11,
                9,
                2,
                11,
                8,
                8,
                5,
                3,
                11
            ],
            [
                6,
                7,
                8,
                8,
                5,
                8,
                8,
                3,
                2,
                11,
                6,
                11,
                7,
                3,
                6
            ],
            [
                10,
                9,
                8,
                5,
                6,
                9,
                9,
                8,
                7,
                8,
                1,
                4,
                8,
                9,
                2
            ],
            [
                6,
                1,
                11,
                3,
                4,
                2,
                1,
                2,
                10,
                11,
                3,
                8,
                9,
                9,
                7
            ],
            [
                8,
                6,
                11,
                11,
                8,
                9,
                9,
                4,
                11,
                6,
                4,
                3,
                10,
                3,
                2
            ],
            [
                3,
                5,
                7,
                9,
                11,
                9,
                2,
                6,
                7,
                8,
                11,
                11,
                7,
                1,
                2
            ]
        ],