{
    "optimal_time": 137.0,
    "opt_compute_time:": 2112.8762344410643,
    "spt_time": 161,
    "spt_compute_time": 12.192954035941511,
    "lpt_time": 168,
    "lpt_compute_time": 11.681079483125359,
    "n_jobs": 15,
    "n_resources": 15,
    "n_ops_per_job": 15,
    "max_op_time": 11,
    "jssp_identification": "15x15_3131_inst.json",
    "solution_optimality": "OPTIMAL",
    "jssp_instance": {
        "durations": [
            [
                5,
                6,
                8,
                5,
                2,
                8,
                1,
                3,
                2,
                4,
                11,
                5,
                5,
                4,
                4
            ],
            [
                7,
                1,
                1,
                3,
                5,
                9,
                6,
                11,
                7,
                3,
                10,
                4,
                7,
                1,
                5
            ],
            [
                5,
                3,
                6,
                6,
                8,
                5,
                5,
                3,
                8,
                10,
                2,
                3,
                2,
                9,
                11
            ],
            [
                11,
                4,
                2,
                3,
                10,
                1,
                5,
                6,
                2,
                2,
                9,
                5,
                11,
                6,
                10
            ],
            [
                11,
                3,
                4,
                5,
                7,
                4,
                7,
                10,
                2,
                11,
                5,
                1,
                9,
                9,
                2
            ],
            [
                4,
                3,
                4,
                5,
                11,
                7,
                1,
                10,
                7,
                8,
                1,
                4,
                9,
                3,
                3
            ],
            [
                11,
                7,
                11,
                9,
                10,
                10,
                9,
                8,
                6,
                1,
                3,
                6,
                9,
                6,
                3
            ],
            [
                11,
                2,
                9,
                11,
                6,
                9,
                3,
                6,
                9,
                11,
                1,
                10,
                7,
                4,
                8
            ],
            [
                9,
                9,
                2,
                1,
                10,
                4,
                10,
                5,
                10,
                5,
                1,
                9,
                1,
                4,
                2
            ],
            [
                10,
                1,
                8,
                4,
                2,
                1,
                11,
                1,
                11,
                7,
                10,
                7,
                9,
                6,
                8
            ],
            [
                5,
                9,
                7,
                3,
                6,
                6,
                9,
                4,
                9,
                6,
                11,
                4,
                3,
                3,
                10
            ],
            [
                2,
                6,
                8,
                11,
                4,
                3,
                10,
                8,
                2,
                7,
                10,
                6,
                1,
                11,
                3
            ],
            [
                5,
                9,
                6,
                9,
                1,
                4,
                7,
                5,
                3,
                4,
                2,
                11,
                9,
                8,
                10
            ],
            [
                2,
                4,
                11,
                7,
                7,
                4,
                2,
                3,
                2,
                4,
                6,
                3,
                10,
                2,
                1
            ],
            [
                2,
                3,
                3,
                7,
                1,
                3,
                4,
                1,
                4,
                4,
                3,
                2,
                3,
                7,
                11
            ]
        ],