{
    "optimal_time": 145.0,
    "opt_compute_time:": 9.725386887788773,
    "spt_time": 181,
    "spt_compute_time": 13.59971566312015,
    "lpt_time": 195,
    "lpt_compute_time": 14.784006823785603,
    "n_jobs": 15,
    "n_resources": 15,
    "n_ops_per_job": 15,
    "max_op_time": 11,
    "jssp_identification": "15x15_3195_inst.json",
    "solution_optimality": "OPTIMAL",
    "jssp_instance": {
        "durations": [
            [
                7,
                10,
                11,
                6,
                6,
                3,
                10,
                1,
                8,
                10,
                10,
                11,
                8,
                9,
                3
            ],
            [
                3,
                5,
                3,
                1,
                9,
                9,
                6,
                1,
                9,
                4,
                1,
                9,
                5,
                8,
                1
            ],
            [
                11,
                1,
                2,
                11,
                11,
                10,
                4,
                10,
                6,
                4,
                6,
                6,
                8,
                6,
                6
            ],
            [
                6,
                2,
                9,
                10,
                6,
                3,
                8,
                8,
                5,
                7,
                4,
                10,
                11,
                1,
                7
            ],
            [
                1,
                2,
                10,
                2,
                11,
                10,
                9,
                1,
                7,
                4,
                10,
                4,
                1,
                4,
                10
            ],
            [
                2,
                10,
                9,
                8,
                10,
                6,
                9,
                7,
                11,
                7,
                11,
                10,
                4,
                7,
                6
            ],
            [
                2,
                6,
                4,
                4,
                9,
                9,
                4,
                10,
                6,
                3,
                4,
                2,
                11,
                7,
                2
            ],
            [
                10,
                1,
                4,
                3,
                7,
                9,
                3,
                11,
                5,
                8,
                10,
                3,
                9,
                3,
                5
            ],
            [
                8,
                5,
                5,
                6,
                11,
                8,
                5,
                9,
                7,
                4,
                2,
                2,
                6,
                2,
                4
            ],
            [
                6,
                8,
                4,
                10,
                4,
                7,
                7,
                5,
                9,
                7,
                2,
                8,
                10,
                4,
                2
            ],
            [
                5,
                7,
                10,
                7,
                7,
                10,
                1,
                9,
                9,
                1,
                6,
                5,
                6,
                11,
                4
            ],
            [
                7,
                2,
                1,
                4,
                9,
                9,
                9,
                4,
                5,
                2,
                4,
                6,
                6,
                4,
                9
            ],
            [
                5,
                9,
                7,
                10,
                3,
                7,
                2,
                9,
                9,
                5,
                4,
                10,
                4,
                4,
                1
            ],
            [
                2,
                5,
                5,
                7,
                10,
                7,
                11,
                10,
                1,
                2,
                9,
                11,
                4,
                10,
                1
            ],
            [
                6,
                11,
                4,
                5,
                7,
                3,
                5,
                1,
                8,
                10,
                5,
                3,
                4,
                11,
                5
            ]
        ],