{
    "optimal_time": 142.0,
    "opt_compute_time:": 15.994829847011715,
    "spt_time": 183,
    "spt_compute_time": 10.787690944969654,
    "lpt_time": 242,
    "lpt_compute_time": 16.19534122105688,
    "n_jobs": 15,
    "n_resources": 15,
    "n_ops_per_job": 15,
    "max_op_time": 11,
    "jssp_identification": "15x15_3161_inst.json",
    "solution_optimality": "OPTIMAL",
    "jssp_instance": {
        "durations": [
            [
                4,
                5,
                11,
                8,
                3,
                11,
                4,
                7,
                11,
                4,
                11,
                1,
                9,
                10,
                2
            ],
            [
                4,
                9,
                5,
                7,
                2,
                8,
                6,
                7,
                3,
                11,
                6,
                6,
                10,
                8,
                8
            ],
            [
                10,
                11,
                1,
                5,
                8,
                7,
                6,
                5,
                3,
                3,
                7,
                4,
                5,
                4,
                6
            ],
            [
                9,
                1,
                7,
                7,
                7,
                4,
                10,
                5,
                2,
                4,
                1,
                11,
                9,
                2,
                2
            ],
            [
                11,
                1,
                1,
                6,
                8,
                9,
                8,
                2,
                10,
                8,
                5,
                5,
                6,
                11,
                10
            ],
            [
                5,
                8,
                5,
                1,
                3,
                8,
                6,
                11,
                1,
                11,
                9,
                1,
                6,
                1,
                5
            ],
            [
                11,
                11,
                4,
                9,
                7,
                5,
                10,
                6,
                11,
                11,
                9,
                3,
                8,
                1,
                3
            ],
            [
                5,
                1,
                3,
                2,
                2,
                6,
                8,
                9,
                9,
                6,
                8,
                7,
                10,
                9,
                8
            ],
            [
                11,
                5,
                1,
                4,
                4,
                7,
                10,
                7,
                10,
                10,
                9,
                11,
                2,
                9,
                1
            ],
            [
                7,
                10,
                10,
                7,
                11,
                5,
                10,
                4,
                11,
                11,
                8,
                7,
                9,
                9,
                2
            ],
            [
                9,
                8,
                3,
                10,
                10,
                7,
                7,
                6,
                7,
                7,
                6,
                7,
                6,
                3,
                11
            ],
            [
                5,
                2,
                1,
                1,
                5,
                10,
                5,
                3,
                1,
                9,
                10,
                6,
                10,
                6,
                2
            ],
            [
                2,
                8,
                7,
                1,
                11,
                9,
                4,
                7,
                3,
                5,
                9,
                1,
                3,
                4,
                9
            ],
            [
                10,
                4,
                9,
                2,
                3,
                1,
                5,
                5,
                5,
                8,
                5,
                5,
                10,
                10,
                6
            ],
            [
                5,
                2,
                7,
                5,
                8,
                9,
                6,
                1,
                7,
                11,
                11,
                1,
                3,
                1,
                5
            ]
        ],