{
    "optimal_time": 146.0,
    "opt_compute_time:": 46.46602210495621,
    "spt_time": 192,
    "spt_compute_time": 13.982339163776487,
    "lpt_time": 214,
    "lpt_compute_time": 16.348872469272465,
    "n_jobs": 15,
    "n_resources": 15,
    "n_ops_per_job": 15,
    "max_op_time": 11,
    "jssp_identification": "15x15_2979_inst.json",
    "solution_optimality": "OPTIMAL",
    "jssp_instance": {
        "durations": [
            [
                11,
                3,
                7,
                2,
                7,
                5,
                11,
                11,
                11,
                1,
                8,
                5,
                6,
                7,
                9
            ],
            [
                5,
                5,
                10,
                7,
                1,
                11,
                2,
                8,
                8,
                10,
                11,
                11,
                4,
                9,
                7
            ],
            [
                10,
                11,
                10,
                9,
                8,
                2,
                8,
                1,
                9,
                11,
                6,
                5,
                5,
                2,
                7
            ],
            [
                4,
                10,
                1,
                2,
                11,
                1,
                8,
                2,
                10,
                6,
                5,
                8,
                6,
                3,
                4
            ],
            [
                7,
                5,
                7,
                10,
                4,
                2,
                1,
                8,
                1,
                6,
                1,
                9,
                5,
                4,
                7
            ],
            [
                5,
                4,
                2,
                4,
                9,
                2,
                6,
                2,
                6,
                7,
                2,
                4,
                3,
                9,
                4
            ],
            [
                10,
                3,
                6,
                11,
                4,
                5,
                2,
                11,
                3,
                10,
                6,
                9,
                4,
                2,
                3
            ],
            [
                1,
                11,
                11,
                8,
                7,
                1,
                6,
                10,
                11,
                1,
                7,
                3,
                4,
                11,
                1
            ],
            [
                11,
                7,
                11,
                8,
                1,
                3,
                2,
                4,
                9,
                10,
                2,
                7,
                3,
                8,
                6
            ],
            [
                1,
                5,
                6,
                6,
                7,
                10,
                4,
                7,
                8,
                3,
                9,
                7,
                11,
                11,
                7
            ],
            [
                3,
                3,
                8,
                11,
                5,
                9,
                5,
                3,
                1,
                9,
                1,
                4,
                5,
                2,
                4
            ],
            [
                5,
                1,
                4,
                8,
                10,
                1,
                8,
                9,
                11,
                3,
                5,
                3,
                5,
                4,
                4
            ],
            [
                11,
                7,
                2,
                6,
                9,
                8,
                7,
                3,
                2,
                5,
                5,
                9,
                10,
                8,
                10
            ],
            [
                6,
                9,
                7,
                1,
                4,
                9,
                10,
                9,
                6,
                4,
                7,
                10,
                1,
                6,
                9
            ],
            [
                1,
                4,
                1,
                9,
                6,
                6,
                8,
                7,
                8,
                7,
                3,
                8,
                4,
                2,
                2
            ]
        ],