{
    "optimal_time": 148.0,
    "opt_compute_time:": 10.351046978030354,
    "spt_time": 174,
    "spt_compute_time": 13.336696166079491,
    "lpt_time": 203,
    "lpt_compute_time": 14.584270976949483,
    "n_jobs": 15,
    "n_resources": 15,
    "n_ops_per_job": 15,
    "max_op_time": 11,
    "jssp_identification": "15x15_1431_inst.json",
    "solution_optimality": "OPTIMAL",
    "jssp_instance": {
        "durations": [
            [
                10,
                5,
                2,
                11,
                8,
                11,
                6,
                8,
                6,
                1,
                9,
                7,
                5,
                2,
                3
            ],
            [
                7,
                9,
                10,
                4,
                2,
                7,
                3,
                11,
                1,
                11,
                7,
                10,
                8,
                9,
                3
            ],
            [
                8,
                3,
                2,
                9,
                8,
                11,
                2,
                5,
                10,
                10,
                4,
                5,
                3,
                11,
                8
            ],
            [
                4,
                1,
                9,
                7,
                3,
                9,
                1,
                7,
                2,
                2,
                10,
                8,
                9,
                9,
                2
            ],
            [
                7,
                7,
                3,
                8,
                11,
                1,
                3,
                11,
                6,
                1,
                2,
                8,
                4,
                2,
                7
            ],
            [
                4,
                10,
                5,
                11,
                3,
                9,
                10,
                11,
                10,
                7,
                10,
                9,
                8,
                8,
                11
            ],
            [
                6,
                1,
                4,
                8,
                1,
                8,
                7,
                7,
                9,
                6,
                2,
                10,
                2,
                4,
                3
            ],
            [
                9,
                1,
                11,
                9,
                4,
                3,
                7,
                4,
                9,
                3,
                7,
                1,
                9,
                7,
                1
            ],
            [
                8,
                10,
                6,
                2,
                4,
                6,
                9,
                10,
                8,
                7,
                6,
                3,
                11,
                11,
                9
            ],
            [
                7,
                10,
                1,
                9,
                8,
                10,
                4,
                4,
                1,
                1,
                1,
                1,
                9,
                3,
                10
            ],
            [
                2,
                3,
                2,
                8,
                6,
                11,
                7,
                1,
                1,
                7,
                11,
                8,
                1,
                3,
                6
            ],
            [
                11,
                1,
                4,
                5,
                1,
                1,
                10,
                2,
                1,
                6,
                7,
                2,
                8,
                5,
                1
            ],
            [
                10,
                2,
                3,
                9,
                6,
                8,
                5,
                3,
                6,
                5,
                6,
                7,
                9,
                2,
                7
            ],
            [
                11,
                9,
                10,
                3,
                7,
                1,
                6,
                1,
                3,
                6,
                1,
                6,
                6,
                1,
                7
            ],
            [
                4,
                2,
                11,
                8,
                5,
                8,
                6,
                5,
                2,
                1,
                11,
                9,
                6,
                10,
                9
            ]
        ],