{
    "optimal_time": 151.0,
    "opt_compute_time:": 125.392570362892,
    "spt_time": 212,
    "spt_compute_time": 13.08746226504445,
    "lpt_time": 197,
    "lpt_compute_time": 14.709048882126808,
    "n_jobs": 15,
    "n_resources": 15,
    "n_ops_per_job": 15,
    "max_op_time": 11,
    "jssp_identification": "15x15_1863_inst.json",
    "solution_optimality": "OPTIMAL",
    "jssp_instance": {
        "durations": [
            [
                4,
                3,
                3,
                4,
                6,
                5,
                10,
                1,
                7,
                2,
                4,
                5,
                5,
                8,
                8
            ],
            [
                5,
                1,
                8,
                4,
                8,
                2,
                10,
                2,
                3,
                2,
                4,
                2,
                8,
                4,
                11
            ],
            [
                11,
                3,
                4,
                6,
                9,
                11,
                9,
                5,
                10,
                7,
                6,
                7,
                4,
                10,
                4
            ],
            [
                10,
                6,
                5,
                8,
                11,
                6,
                3,
                8,
                1,
                7,
                9,
                4,
                4,
                6,
                7
            ],
            [
                10,
                1,
                4,
                1,
                8,
                11,
                9,
                9,
                4,
                7,
                2,
                4,
                11,
                8,
                1
            ],
            [
                1,
                11,
                6,
                9,
                8,
                9,
                3,
                1,
                9,
                11,
                11,
                2,
                11,
                3,
                4
            ],
            [
                4,
                10,
                6,
                2,
                8,
                5,
                1,
                6,
                4,
                5,
                11,
                7,
                7,
                1,
                2
            ],
            [
                10,
                6,
                11,
                5,
                7,
                10,
                3,
                4,
                9,
                9,
                9,
                3,
                10,
                8,
                6
            ],
            [
                1,
                10,
                3,
                10,
                11,
                9,
                11,
                11,
                6,
                8,
                9,
                5,
                7,
                1,
                3
            ],
            [
                11,
                11,
                8,
                6,
                1,
                2,
                8,
                7,
                10,
                8,
                2,
                6,
                7,
                6,
                11
            ],
            [
                5,
                11,
                9,
                7,
                2,
                6,
                4,
                4,
                2,
                8,
                4,
                2,
                11,
                6,
                11
            ],
            [
                11,
                2,
                2,
                7,
                8,
                6,
                10,
                7,
                4,
                6,
                11,
                7,
                6,
                3,
                11
            ],
            [
                7,
                2,
                8,
                2,
                6,
                7,
                8,
                6,
                3,
                1,
                5,
                10,
                7,
                5,
                9
            ],
            [
                9,
                9,
                5,
                11,
                10,
                1,
                9,
                4,
                5,
                4,
                10,
                8,
                10,
                7,
                9
            ],
            [
                6,
                2,
                10,
                1,
                6,
                2,
                1,
                4,
                11,
                6,
                9,
                4,
                4,
                1,
                1
            ]
        ],