{
    "optimal_time": 145.0,
    "opt_compute_time:": 482.8387013641186,
    "spt_time": 187,
    "spt_compute_time": 13.49734346801415,
    "lpt_time": 204,
    "lpt_compute_time": 15.102502963040024,
    "n_jobs": 15,
    "n_resources": 15,
    "n_ops_per_job": 15,
    "max_op_time": 11,
    "jssp_identification": "15x15_2683_inst.json",
    "solution_optimality": "OPTIMAL",
    "jssp_instance": {
        "durations": [
            [
                3,
                7,
                9,
                2,
                9,
                11,
                10,
                10,
                9,
                1,
                11,
                8,
                2,
                7,
                2
            ],
            [
                2,
                1,
                6,
                6,
                11,
                8,
                5,
                4,
                3,
                1,
                5,
                3,
                4,
                9,
                11
            ],
            [
                5,
                5,
                7,
                5,
                6,
                6,
                11,
                1,
                7,
                11,
                4,
                8,
                3,
                1,
                2
            ],
            [
                1,
                7,
                2,
                11,
                9,
                6,
                2,
                7,
                1,
                9,
                7,
                6,
                6,
                6,
                2
            ],
            [
                8,
                11,
                4,
                9,
                11,
                1,
                10,
                4,
                1,
                4,
                8,
                10,
                5,
                9,
                3
            ],
            [
                4,
                2,
                10,
                6,
                3,
                1,
                3,
                7,
                8,
                8,
                10,
                5,
                1,
                3,
                11
            ],
            [
                6,
                3,
                6,
                3,
                4,
                5,
                1,
                11,
                11,
                7,
                6,
                8,
                9,
                6,
                6
            ],
            [
                8,
                8,
                10,
                2,
                3,
                10,
                5,
                6,
                9,
                8,
                8,
                5,
                4,
                6,
                6
            ],
            [
                11,
                11,
                4,
                1,
                7,
                10,
                8,
                10,
                7,
                1,
                7,
                9,
                4,
                9,
                7
            ],
            [
                8,
                10,
                9,
                11,
                10,
                2,
                2,
                6,
                4,
                11,
                5,
                6,
                2,
                1,
                7
            ],
            [
                7,
                10,
                6,
                8,
                6,
                11,
                4,
                1,
                9,
                7,
                3,
                9,
                3,
                9,
                4
            ],
            [
                6,
                3,
                10,
                2,
                11,
                9,
                5,
                10,
                11,
                6,
                6,
                3,
                9,
                7,
                11
            ],
            [
                9,
                5,
                4,
                10,
                3,
                3,
                4,
                6,
                3,
                10,
                9,
                1,
                5,
                6,
                7
            ],
            [
                6,
                1,
                10,
                1,
                3,
                11,
                4,
                5,
                10,
                11,
                7,
                10,
                1,
                4,
                9
            ],
            [
                1,
                8,
                9,
                7,
                1,
                7,
                11,
                10,
                6,
                8,
                10,
                9,
                1,
                7,
                7
            ]
        ],