{
    "optimal_time": 149.0,
    "opt_compute_time:": 120.81998318992555,
    "spt_time": 181,
    "spt_compute_time": 12.613431781996042,
    "lpt_time": 186,
    "lpt_compute_time": 14.210726513061672,
    "n_jobs": 15,
    "n_resources": 15,
    "n_ops_per_job": 15,
    "max_op_time": 11,
    "jssp_identification": "15x15_2594_inst.json",
    "solution_optimality": "OPTIMAL",
    "jssp_instance": {
        "durations": [
            [
                11,
                7,
                4,
                8,
                9,
                3,
                3,
                4,
                6,
                6,
                3,
                11,
                2,
                6,
                10
            ],
            [
                5,
                2,
                8,
                10,
                10,
                3,
                3,
                2,
                11,
                7,
                3,
                10,
                2,
                6,
                3
            ],
            [
                9,
                4,
                6,
                7,
                7,
                9,
                9,
                6,
                10,
                11,
                9,
                5,
                2,
                10,
                7
            ],
            [
                7,
                3,
                2,
                9,
                10,
                7,
                5,
                8,
                8,
                9,
                9,
                10,
                4,
                10,
                6
            ],
            [
                4,
                2,
                11,
                10,
                5,
                5,
                9,
                11,
                8,
                5,
                3,
                10,
                9,
                6,
                6
            ],
            [
                11,
                10,
                2,
                9,
                6,
                9,
                4,
                3,
                2,
                7,
                1,
                2,
                4,
                2,
                9
            ],
            [
                4,
                6,
                3,
                10,
                2,
                9,
                3,
                10,
                6,
                4,
                7,
                11,
                3,
                10,
                10
            ],
            [
                8,
                9,
                2,
                1,
                5,
                1,
                11,
                10,
                2,
                6,
                3,
                4,
                6,
                8,
                9
            ],
            [
                10,
                9,
                9,
                6,
                7,
                10,
                10,
                2,
                8,
                11,
                7,
                4,
                6,
                2,
                3
            ],
            [
                8,
                7,
                7,
                5,
                4,
                1,
                1,
                8,
                1,
                8,
                7,
                2,
                7,
                6,
                7
            ],
            [
                2,
                6,
                10,
                9,
                7,
                5,
                3,
                6,
                5,
                11,
                3,
                6,
                4,
                10,
                6
            ],
            [
                3,
                9,
                7,
                10,
                9,
                9,
                5,
                2,
                4,
                3,
                8,
                9,
                9,
                3,
                11
            ],
            [
                5,
                6,
                2,
                4,
                2,
                6,
                4,
                8,
                1,
                3,
                11,
                8,
                10,
                10,
                2
            ],
            [
                10,
                3,
                6,
                6,
                7,
                10,
                10,
                3,
                6,
                7,
                10,
                7,
                1,
                3,
                11
            ],
            [
                2,
                3,
                1,
                11,
                3,
                10,
                9,
                10,
                5,
                8,
                3,
                5,
                11,
                7,
                2
            ]
        ],