{
    "optimal_time": 135.0,
    "opt_compute_time:": 10.467062490992248,
    "spt_time": 175,
    "spt_compute_time": 11.43654637504369,
    "lpt_time": 204,
    "lpt_compute_time": 13.441243824083358,
    "n_jobs": 15,
    "n_resources": 15,
    "n_ops_per_job": 15,
    "max_op_time": 11,
    "jssp_identification": "15x15_1239_inst.json",
    "solution_optimality": "OPTIMAL",
    "jssp_instance": {
        "durations": [
            [
                6,
                4,
                5,
                7,
                9,
                8,
                1,
                9,
                10,
                9,
                2,
                1,
                8,
                11,
                9
            ],
            [
                5,
                6,
                7,
                9,
                1,
                6,
                10,
                5,
                9,
                3,
                1,
                1,
                9,
                7,
                8
            ],
            [
                2,
                3,
                5,
                7,
                11,
                2,
                2,
                2,
                1,
                9,
                7,
                8,
                5,
                6,
                5
            ],
            [
                4,
                10,
                7,
                4,
                9,
                5,
                4,
                7,
                3,
                7,
                11,
                3,
                2,
                2,
                6
            ],
            [
                2,
                10,
                2,
                3,
                3,
                7,
                6,
                2,
                3,
                4,
                11,
                3,
                10,
                10,
                1
            ],
            [
                9,
                2,
                4,
                8,
                2,
                1,
                6,
                8,
                8,
                2,
                8,
                6,
                11,
                3,
                6
            ],
            [
                4,
                8,
                10,
                4,
                9,
                3,
                6,
                2,
                8,
                11,
                9,
                6,
                3,
                11,
                1
            ],
            [
                4,
                5,
                2,
                4,
                4,
                10,
                8,
                8,
                2,
                1,
                8,
                7,
                5,
                6,
                11
            ],
            [
                5,
                3,
                7,
                9,
                6,
                7,
                2,
                7,
                10,
                6,
                7,
                7,
                5,
                1,
                6
            ],
            [
                1,
                10,
                9,
                7,
                7,
                7,
                10,
                2,
                11,
                9,
                8,
                1,
                9,
                8,
                6
            ],
            [
                8,
                8,
                6,
                5,
                10,
                8,
                4,
                2,
                9,
                5,
                3,
                11,
                3,
                7,
                1
            ],
            [
                7,
                1,
                4,
                3,
                9,
                6,
                10,
                2,
                3,
                3,
                1,
                5,
                10,
                1,
                5
            ],
            [
                11,
                8,
                10,
                3,
                2,
                11,
                7,
                3,
                8,
                9,
                8,
                3,
                11,
                5,
                7
            ],
            [
                4,
                9,
                4,
                5,
                5,
                5,
                5,
                9,
                2,
                4,
                3,
                3,
                1,
                2,
                6
            ],
            [
                10,
                7,
                10,
                6,
                5,
                8,
                9,
                6,
                6,
                4,
                5,
                1,
                5,
                2,
                8
            ]
        ],