{
    "optimal_time": 145.0,
    "opt_compute_time:": 14.892393370624632,
    "spt_time": 184,
    "spt_compute_time": 14.024691218975931,
    "lpt_time": 184,
    "lpt_compute_time": 12.673672418110073,
    "n_jobs": 15,
    "n_resources": 15,
    "n_ops_per_job": 15,
    "max_op_time": 11,
    "jssp_identification": "15x15_2415_inst.json",
    "solution_optimality": "OPTIMAL",
    "jssp_instance": {
        "durations": [
            [
                11,
                10,
                10,
                2,
                10,
                2,
                8,
                9,
                5,
                7,
                3,
                1,
                9,
                8,
                7
            ],
            [
                1,
                4,
                8,
                6,
                1,
                8,
                1,
                6,
                1,
                7,
                1,
                8,
                1,
                6,
                10
            ],
            [
                5,
                11,
                2,
                3,
                3,
                3,
                5,
                7,
                9,
                8,
                6,
                5,
                2,
                8,
                2
            ],
            [
                9,
                6,
                10,
                3,
                6,
                4,
                3,
                8,
                7,
                3,
                2,
                3,
                3,
                2,
                8
            ],
            [
                3,
                7,
                10,
                9,
                8,
                3,
                6,
                10,
                2,
                9,
                2,
                7,
                1,
                2,
                6
            ],
            [
                6,
                11,
                3,
                10,
                6,
                9,
                4,
                10,
                9,
                9,
                9,
                6,
                4,
                11,
                8
            ],
            [
                2,
                11,
                10,
                8,
                6,
                2,
                2,
                2,
                6,
                5,
                4,
                8,
                11,
                9,
                1
            ],
            [
                1,
                6,
                5,
                1,
                4,
                2,
                6,
                10,
                7,
                11,
                11,
                4,
                8,
                2,
                3
            ],
            [
                2,
                1,
                4,
                7,
                4,
                5,
                3,
                11,
                2,
                6,
                7,
                9,
                11,
                3,
                10
            ],
            [
                9,
                4,
                2,
                2,
                5,
                9,
                11,
                8,
                11,
                2,
                10,
                3,
                3,
                9,
                4
            ],
            [
                11,
                8,
                3,
                4,
                9,
                10,
                8,
                5,
                2,
                5,
                11,
                3,
                10,
                11,
                1
            ],
            [
                7,
                3,
                4,
                1,
                9,
                8,
                7,
                8,
                6,
                3,
                8,
                5,
                6,
                2,
                9
            ],
            [
                8,
                11,
                11,
                10,
                3,
                9,
                10,
                4,
                3,
                11,
                10,
                9,
                11,
                3,
                1
            ],
            [
                3,
                11,
                7,
                2,
                8,
                9,
                11,
                1,
                7,
                6,
                10,
                5,
                8,
                4,
                10
            ],
            [
                1,
                7,
                2,
                11,
                6,
                11,
                11,
                11,
                9,
                8,
                4,
                2,
                8,
                10,
                5
            ]
        ],