{
    "optimal_time": 155.0,
    "opt_compute_time:": 139.7294472940266,
    "spt_time": 196,
    "spt_compute_time": 12.847367176786065,
    "lpt_time": 198,
    "lpt_compute_time": 15.183361887931824,
    "n_jobs": 15,
    "n_resources": 15,
    "n_ops_per_job": 15,
    "max_op_time": 11,
    "jssp_identification": "15x15_2236_inst.json",
    "solution_optimality": "OPTIMAL",
    "jssp_instance": {
        "durations": [
            [
                7,
                10,
                2,
                8,
                7,
                4,
                2,
                2,
                1,
                5,
                11,
                2,
                2,
                11,
                3
            ],
            [
                6,
                5,
                10,
                4,
                10,
                2,
                3,
                5,
                11,
                8,
                7,
                8,
                11,
                7,
                6
            ],
            [
                4,
                11,
                2,
                9,
                2,
                7,
                4,
                9,
                10,
                9,
                11,
                8,
                9,
                5,
                2
            ],
            [
                9,
                9,
                7,
                5,
                9,
                1,
                5,
                2,
                9,
                6,
                5,
                3,
                5,
                5,
                4
            ],
            [
                6,
                11,
                8,
                3,
                4,
                8,
                4,
                6,
                1,
                11,
                8,
                9,
                11,
                1,
                8
            ],
            [
                10,
                10,
                1,
                7,
                8,
                10,
                7,
                11,
                7,
                5,
                3,
                5,
                9,
                4,
                10
            ],
            [
                10,
                9,
                1,
                2,
                2,
                3,
                1,
                8,
                9,
                10,
                6,
                10,
                10,
                4,
                8
            ],
            [
                4,
                5,
                9,
                7,
                9,
                11,
                1,
                1,
                2,
                7,
                8,
                4,
                5,
                2,
                9
            ],
            [
                10,
                5,
                6,
                3,
                1,
                7,
                11,
                5,
                11,
                11,
                10,
                8,
                5,
                5,
                1
            ],
            [
                4,
                11,
                7,
                3,
                5,
                11,
                4,
                8,
                9,
                5,
                11,
                1,
                10,
                6,
                10
            ],
            [
                6,
                6,
                3,
                9,
                10,
                3,
                10,
                9,
                11,
                5,
                3,
                10,
                6,
                9,
                10
            ],
            [
                6,
                8,
                9,
                9,
                10,
                2,
                11,
                8,
                10,
                8,
                10,
                8,
                10,
                9,
                3
            ],
            [
                9,
                11,
                11,
                2,
                2,
                11,
                10,
                11,
                8,
                7,
                1,
                5,
                1,
                9,
                6
            ],
            [
                7,
                10,
                9,
                9,
                5,
                3,
                4,
                2,
                7,
                8,
                5,
                6,
                3,
                1,
                9
            ],
            [
                7,
                5,
                6,
                7,
                7,
                8,
                5,
                4,
                3,
                10,
                10,
                11,
                9,
                6,
                6
            ]
        ],