{
    "optimal_time": 144.0,
    "opt_compute_time:": 282.5038186791353,
    "spt_time": 172,
    "spt_compute_time": 12.532455224078149,
    "lpt_time": 217,
    "lpt_compute_time": 15.754894042853266,
    "n_jobs": 15,
    "n_resources": 15,
    "n_ops_per_job": 15,
    "max_op_time": 11,
    "jssp_identification": "15x15_3389_inst.json",
    "solution_optimality": "OPTIMAL",
    "jssp_instance": {
        "durations": [
            [
                7,
                6,
                8,
                10,
                8,
                5,
                8,
                7,
                3,
                6,
                6,
                3,
                3,
                10,
                11
            ],
            [
                5,
                1,
                11,
                6,
                5,
                1,
                2,
                8,
                10,
                7,
                11,
                6,
                8,
                10,
                2
            ],
            [
                3,
                2,
                7,
                6,
                7,
                10,
                11,
                7,
                10,
                10,
                11,
                5,
                5,
                6,
                1
            ],
            [
                11,
                4,
                5,
                2,
                5,
                6,
                7,
                6,
                7,
                6,
                11,
                2,
                5,
                11,
                7
            ],
            [
                7,
                9,
                9,
                3,
                8,
                8,
                11,
                10,
                7,
                6,
                7,
                3,
                9,
                5,
                3
            ],
            [
                11,
                7,
                2,
                2,
                4,
                5,
                6,
                8,
                3,
                4,
                3,
                5,
                9,
                8,
                9
            ],
            [
                9,
                1,
                9,
                1,
                7,
                3,
                11,
                3,
                5,
                9,
                11,
                7,
                4,
                2,
                2
            ],
            [
                3,
                4,
                8,
                9,
                9,
                10,
                2,
                3,
                2,
                6,
                9,
                10,
                8,
                1,
                8
            ],
            [
                5,
                8,
                10,
                4,
                4,
                11,
                7,
                7,
                1,
                2,
                8,
                6,
                10,
                5,
                5
            ],
            [
                9,
                3,
                9,
                7,
                4,
                7,
                9,
                1,
                1,
                10,
                4,
                6,
                7,
                9,
                2
            ],
            [
                4,
                6,
                9,
                4,
                2,
                3,
                6,
                4,
                8,
                5,
                6,
                10,
                7,
                7,
                10
            ],
            [
                8,
                10,
                4,
                6,
                4,
                7,
                7,
                9,
                4,
                4,
                8,
                8,
                4,
                8,
                8
            ],
            [
                2,
                11,
                7,
                5,
                8,
                6,
                3,
                5,
                3,
                2,
                5,
                6,
                5,
                4,
                1
            ],
            [
                1,
                6,
                5,
                7,
                6,
                4,
                5,
                4,
                11,
                11,
                6,
                3,
                6,
                11,
                9
            ],
            [
                5,
                5,
                3,
                3,
                4,
                5,
                9,
                11,
                11,
                4,
                10,
                11,
                5,
                6,
                8
            ]
        ],