{
    "optimal_time": 150.0,
    "opt_compute_time:": 17.971469424664974,
    "spt_time": 195,
    "spt_compute_time": 12.304901402909309,
    "lpt_time": 203,
    "lpt_compute_time": 15.817326130811125,
    "n_jobs": 15,
    "n_resources": 15,
    "n_ops_per_job": 15,
    "max_op_time": 11,
    "jssp_identification": "15x15_3659_inst.json",
    "solution_optimality": "OPTIMAL",
    "jssp_instance": {
        "durations": [
            [
                11,
                5,
                3,
                5,
                5,
                11,
                1,
                3,
                4,
                10,
                8,
                10,
                5,
                10,
                9
            ],
            [
                9,
                6,
                7,
                1,
                3,
                11,
                5,
                4,
                6,
                11,
                4,
                10,
                7,
                8,
                5
            ],
            [
                10,
                8,
                10,
                1,
                8,
                11,
                4,
                6,
                9,
                10,
                10,
                4,
                10,
                2,
                7
            ],
            [
                3,
                4,
                7,
                6,
                10,
                4,
                4,
                11,
                7,
                10,
                7,
                10,
                10,
                2,
                7
            ],
            [
                6,
                2,
                7,
                3,
                8,
                11,
                1,
                4,
                10,
                3,
                2,
                5,
                9,
                2,
                3
            ],
            [
                1,
                3,
                11,
                1,
                3,
                4,
                1,
                5,
                6,
                10,
                2,
                6,
                2,
                7,
                2
            ],
            [
                1,
                11,
                8,
                6,
                7,
                2,
                5,
                3,
                8,
                2,
                1,
                8,
                2,
                1,
                6
            ],
            [
                7,
                7,
                9,
                7,
                11,
                2,
                10,
                9,
                1,
                8,
                6,
                8,
                3,
                11,
                7
            ],
            [
                8,
                8,
                7,
                6,
                11,
                2,
                5,
                5,
                1,
                1,
                9,
                8,
                10,
                2,
                5
            ],
            [
                9,
                3,
                10,
                11,
                7,
                10,
                8,
                2,
                8,
                5,
                10,
                6,
                11,
                8,
                9
            ],
            [
                5,
                10,
                3,
                1,
                10,
                6,
                3,
                8,
                8,
                5,
                1,
                7,
                5,
                4,
                8
            ],
            [
                9,
                2,
                11,
                8,
                7,
                1,
                8,
                1,
                1,
                5,
                7,
                9,
                2,
                3,
                5
            ],
            [
                11,
                1,
                5,
                8,
                4,
                1,
                3,
                11,
                5,
                8,
                6,
                5,
                9,
                7,
                4
            ],
            [
                8,
                7,
                3,
                9,
                1,
                7,
                8,
                1,
                5,
                4,
                9,
                6,
                8,
                8,
                8
            ],
            [
                6,
                6,
                11,
                7,
                10,
                4,
                4,
                4,
                5,
                6,
                4,
                7,
                1,
                1,
                3
            ]
        ],