{
    "optimal_time": 137.0,
    "opt_compute_time:": 348.0691533111967,
    "spt_time": 182,
    "spt_compute_time": 12.709489308297634,
    "lpt_time": 183,
    "lpt_compute_time": 14.098034359980375,
    "n_jobs": 15,
    "n_resources": 15,
    "n_ops_per_job": 15,
    "max_op_time": 11,
    "jssp_identification": "15x15_3815_inst.json",
    "solution_optimality": "OPTIMAL",
    "jssp_instance": {
        "durations": [
            [
                8,
                1,
                2,
                8,
                1,
                5,
                10,
                8,
                1,
                9,
                11,
                8,
                7,
                6,
                2
            ],
            [
                3,
                7,
                3,
                6,
                4,
                7,
                5,
                6,
                5,
                1,
                1,
                9,
                1,
                4,
                7
            ],
            [
                6,
                5,
                1,
                2,
                2,
                8,
                2,
                4,
                3,
                6,
                8,
                9,
                2,
                8,
                3
            ],
            [
                11,
                7,
                10,
                8,
                9,
                10,
                4,
                6,
                4,
                5,
                4,
                7,
                1,
                1,
                9
            ],
            [
                4,
                3,
                10,
                9,
                11,
                2,
                1,
                3,
                9,
                2,
                1,
                9,
                6,
                7,
                7
            ],
            [
                6,
                7,
                7,
                6,
                6,
                7,
                2,
                9,
                1,
                9,
                2,
                7,
                7,
                3,
                9
            ],
            [
                9,
                9,
                1,
                2,
                5,
                6,
                5,
                8,
                9,
                6,
                1,
                5,
                3,
                6,
                6
            ],
            [
                2,
                3,
                9,
                3,
                1,
                6,
                10,
                4,
                5,
                8,
                10,
                3,
                10,
                11,
                11
            ],
            [
                6,
                1,
                5,
                10,
                8,
                11,
                9,
                2,
                6,
                7,
                1,
                6,
                6,
                8,
                8
            ],
            [
                9,
                3,
                3,
                2,
                7,
                2,
                2,
                11,
                6,
                1,
                3,
                6,
                4,
                10,
                2
            ],
            [
                3,
                8,
                7,
                5,
                6,
                7,
                6,
                11,
                3,
                8,
                1,
                11,
                5,
                9,
                11
            ],
            [
                2,
                4,
                2,
                10,
                5,
                8,
                4,
                3,
                5,
                3,
                5,
                9,
                10,
                10,
                2
            ],
            [
                5,
                11,
                2,
                7,
                4,
                8,
                5,
                4,
                7,
                8,
                2,
                9,
                3,
                7,
                1
            ],
            [
                6,
                3,
                11,
                3,
                9,
                5,
                5,
                9,
                1,
                4,
                5,
                4,
                4,
                5,
                11
            ],
            [
                11,
                2,
                10,
                11,
                10,
                9,
                2,
                7,
                11,
                4,
                3,
                10,
                5,
                3,
                7
            ]
        ],