{
    "optimal_time": 138.0,
    "opt_compute_time:": 41.170255437958986,
    "spt_time": 167,
    "spt_compute_time": 11.671992531977594,
    "lpt_time": 186,
    "lpt_compute_time": 13.526031042914838,
    "n_jobs": 15,
    "n_resources": 15,
    "n_ops_per_job": 15,
    "max_op_time": 11,
    "jssp_identification": "15x15_3812_inst.json",
    "solution_optimality": "OPTIMAL",
    "jssp_instance": {
        "durations": [
            [
                4,
                2,
                3,
                1,
                6,
                9,
                11,
                6,
                9,
                8,
                1,
                1,
                10,
                2,
                11
            ],
            [
                5,
                8,
                1,
                4,
                3,
                6,
                6,
                7,
                1,
                8,
                2,
                5,
                7,
                7,
                1
            ],
            [
                3,
                10,
                6,
                4,
                2,
                2,
                9,
                9,
                11,
                4,
                9,
                7,
                6,
                8,
                1
            ],
            [
                8,
                5,
                3,
                9,
                8,
                8,
                1,
                7,
                4,
                1,
                7,
                5,
                1,
                4,
                1
            ],
            [
                3,
                5,
                8,
                1,
                1,
                6,
                5,
                11,
                5,
                3,
                6,
                9,
                4,
                10,
                2
            ],
            [
                10,
                1,
                10,
                1,
                11,
                4,
                9,
                6,
                5,
                3,
                9,
                5,
                3,
                5,
                11
            ],
            [
                1,
                9,
                2,
                11,
                4,
                3,
                9,
                2,
                5,
                7,
                10,
                5,
                3,
                1,
                8
            ],
            [
                9,
                5,
                3,
                2,
                2,
                6,
                1,
                1,
                8,
                1,
                10,
                5,
                5,
                10,
                11
            ],
            [
                5,
                11,
                6,
                5,
                4,
                7,
                8,
                2,
                6,
                6,
                2,
                9,
                6,
                6,
                6
            ],
            [
                4,
                5,
                7,
                5,
                8,
                7,
                5,
                2,
                4,
                8,
                6,
                3,
                4,
                8,
                2
            ],
            [
                6,
                5,
                6,
                3,
                10,
                11,
                3,
                6,
                2,
                6,
                3,
                1,
                11,
                4,
                7
            ],
            [
                7,
                7,
                3,
                5,
                3,
                5,
                4,
                6,
                3,
                8,
                6,
                3,
                10,
                2,
                11
            ],
            [
                4,
                3,
                3,
                4,
                2,
                4,
                11,
                4,
                3,
                9,
                11,
                7,
                11,
                3,
                3
            ],
            [
                11,
                11,
                7,
                3,
                10,
                4,
                1,
                2,
                3,
                5,
                9,
                11,
                8,
                9,
                9
            ],
            [
                11,
                10,
                8,
                2,
                4,
                2,
                8,
                3,
                3,
                7,
                6,
                10,
                2,
                4,
                10
            ]
        ],