{
    "optimal_time": 156.0,
    "opt_compute_time:": 16.121318607591093,
    "spt_time": 190,
    "spt_compute_time": 13.715358275920153,
    "lpt_time": 215,
    "lpt_compute_time": 16.52468735910952,
    "n_jobs": 15,
    "n_resources": 15,
    "n_ops_per_job": 15,
    "max_op_time": 11,
    "jssp_identification": "15x15_3147_inst.json",
    "solution_optimality": "OPTIMAL",
    "jssp_instance": {
        "durations": [
            [
                4,
                8,
                11,
                10,
                11,
                11,
                7,
                8,
                1,
                8,
                6,
                10,
                2,
                10,
                7
            ],
            [
                7,
                2,
                10,
                9,
                3,
                8,
                5,
                3,
                6,
                8,
                2,
                10,
                5,
                8,
                7
            ],
            [
                10,
                8,
                4,
                2,
                6,
                2,
                11,
                1,
                9,
                6,
                9,
                1,
                6,
                5,
                10
            ],
            [
                1,
                10,
                11,
                2,
                3,
                6,
                2,
                6,
                8,
                6,
                10,
                6,
                7,
                9,
                2
            ],
            [
                1,
                4,
                5,
                8,
                3,
                7,
                9,
                5,
                6,
                5,
                7,
                1,
                6,
                5,
                9
            ],
            [
                5,
                7,
                5,
                4,
                10,
                7,
                11,
                9,
                7,
                4,
                11,
                9,
                2,
                5,
                4
            ],
            [
                4,
                9,
                9,
                9,
                10,
                9,
                6,
                10,
                11,
                11,
                8,
                10,
                2,
                11,
                6
            ],
            [
                9,
                6,
                11,
                11,
                2,
                8,
                5,
                8,
                3,
                7,
                3,
                6,
                3,
                6,
                5
            ],
            [
                8,
                10,
                8,
                7,
                5,
                8,
                6,
                10,
                11,
                10,
                4,
                4,
                11,
                6,
                10
            ],
            [
                5,
                7,
                11,
                11,
                2,
                3,
                11,
                4,
                2,
                6,
                7,
                8,
                3,
                5,
                11
            ],
            [
                3,
                6,
                9,
                2,
                3,
                11,
                5,
                4,
                5,
                2,
                2,
                9,
                3,
                6,
                7
            ],
            [
                2,
                11,
                9,
                4,
                5,
                4,
                10,
                8,
                4,
                4,
                1,
                6,
                6,
                3,
                6
            ],
            [
                8,
                9,
                7,
                4,
                4,
                3,
                3,
                5,
                11,
                7,
                8,
                8,
                8,
                5,
                7
            ],
            [
                2,
                10,
                5,
                2,
                3,
                5,
                10,
                1,
                7,
                8,
                7,
                6,
                1,
                1,
                9
            ],
            [
                3,
                11,
                11,
                11,
                6,
                2,
                1,
                2,
                2,
                8,
                8,
                2,
                10,
                5,
                6
            ]
        ],