{
    "optimal_time": 137.0,
    "opt_compute_time:": 66.33356841700152,
    "spt_time": 170,
    "spt_compute_time": 12.68651930987835,
    "lpt_time": 212,
    "lpt_compute_time": 14.480926983989775,
    "n_jobs": 15,
    "n_resources": 15,
    "n_ops_per_job": 15,
    "max_op_time": 11,
    "jssp_identification": "15x15_2877_inst.json",
    "solution_optimality": "OPTIMAL",
    "jssp_instance": {
        "durations": [
            [
                9,
                5,
                3,
                1,
                8,
                1,
                11,
                1,
                1,
                4,
                6,
                9,
                9,
                9,
                9
            ],
            [
                9,
                6,
                2,
                10,
                1,
                3,
                4,
                8,
                11,
                2,
                3,
                7,
                9,
                2,
                4
            ],
            [
                6,
                8,
                7,
                3,
                7,
                7,
                8,
                10,
                11,
                10,
                3,
                1,
                7,
                1,
                2
            ],
            [
                3,
                3,
                4,
                7,
                5,
                3,
                6,
                7,
                10,
                4,
                2,
                4,
                7,
                10,
                10
            ],
            [
                6,
                4,
                10,
                7,
                11,
                4,
                4,
                2,
                9,
                8,
                1,
                6,
                1,
                10,
                5
            ],
            [
                3,
                2,
                10,
                2,
                6,
                1,
                6,
                7,
                6,
                11,
                10,
                1,
                5,
                5,
                2
            ],
            [
                6,
                11,
                9,
                5,
                10,
                9,
                3,
                7,
                7,
                9,
                11,
                9,
                9,
                3,
                7
            ],
            [
                6,
                4,
                10,
                8,
                9,
                10,
                8,
                8,
                10,
                6,
                4,
                4,
                10,
                2,
                3
            ],
            [
                5,
                5,
                4,
                4,
                11,
                9,
                7,
                2,
                3,
                2,
                4,
                5,
                1,
                1,
                6
            ],
            [
                3,
                3,
                2,
                1,
                2,
                7,
                6,
                5,
                9,
                2,
                1,
                5,
                9,
                4,
                8
            ],
            [
                3,
                10,
                4,
                11,
                10,
                2,
                10,
                5,
                5,
                8,
                9,
                3,
                1,
                5,
                3
            ],
            [
                10,
                11,
                7,
                5,
                1,
                6,
                9,
                10,
                4,
                9,
                4,
                11,
                4,
                9,
                5
            ],
            [
                3,
                2,
                10,
                10,
                10,
                4,
                1,
                5,
                7,
                10,
                3,
                10,
                5,
                2,
                11
            ],
            [
                1,
                8,
                9,
                5,
                6,
                2,
                10,
                8,
                4,
                5,
                6,
                9,
                9,
                10,
                8
            ],
            [
                3,
                8,
                10,
                9,
                3,
                3,
                9,
                9,
                3,
                10,
                3,
                3,
                9,
                9,
                2
            ]
        ],