{
    "optimal_time": 151.0,
    "opt_compute_time:": 555.3411233429797,
    "spt_time": 228,
    "spt_compute_time": 15.14682304719463,
    "lpt_time": 216,
    "lpt_compute_time": 15.6717713130638,
    "n_jobs": 15,
    "n_resources": 15,
    "n_ops_per_job": 15,
    "max_op_time": 11,
    "jssp_identification": "15x15_2593_inst.json",
    "solution_optimality": "OPTIMAL",
    "jssp_instance": {
        "durations": [
            [
                9,
                7,
                3,
                4,
                4,
                7,
                8,
                3,
                8,
                6,
                9,
                3,
                7,
                11,
                2
            ],
            [
                8,
                8,
                9,
                3,
                2,
                4,
                11,
                9,
                11,
                5,
                10,
                3,
                10,
                10,
                10
            ],
            [
                5,
                4,
                11,
                7,
                9,
                7,
                2,
                3,
                4,
                1,
                4,
                9,
                6,
                11,
                8
            ],
            [
                9,
                2,
                5,
                1,
                6,
                11,
                4,
                5,
                1,
                8,
                6,
                6,
                5,
                7,
                8
            ],
            [
                1,
                6,
                3,
                10,
                10,
                10,
                10,
                2,
                4,
                9,
                1,
                11,
                3,
                5,
                5
            ],
            [
                3,
                9,
                10,
                2,
                11,
                7,
                11,
                3,
                10,
                9,
                1,
                1,
                9,
                10,
                6
            ],
            [
                5,
                10,
                1,
                7,
                6,
                7,
                4,
                10,
                4,
                5,
                5,
                8,
                2,
                11,
                3
            ],
            [
                5,
                4,
                9,
                9,
                10,
                9,
                10,
                1,
                10,
                5,
                9,
                3,
                5,
                2,
                2
            ],
            [
                8,
                7,
                4,
                6,
                11,
                10,
                9,
                4,
                6,
                7,
                8,
                10,
                6,
                6,
                4
            ],
            [
                2,
                2,
                7,
                6,
                6,
                4,
                5,
                6,
                3,
                11,
                6,
                2,
                3,
                6,
                3
            ],
            [
                7,
                5,
                1,
                10,
                9,
                1,
                2,
                10,
                3,
                5,
                1,
                5,
                7,
                10,
                1
            ],
            [
                10,
                10,
                6,
                10,
                5,
                10,
                1,
                11,
                5,
                9,
                5,
                6,
                8,
                9,
                6
            ],
            [
                3,
                11,
                8,
                9,
                6,
                7,
                11,
                11,
                6,
                7,
                4,
                11,
                6,
                4,
                2
            ],
            [
                2,
                6,
                11,
                8,
                10,
                6,
                5,
                3,
                10,
                6,
                4,
                8,
                3,
                1,
                2
            ],
            [
                6,
                3,
                9,
                9,
                4,
                2,
                3,
                3,
                11,
                4,
                5,
                3,
                8,
                7,
                6
            ]
        ],