{
    "optimal_time": 143.0,
    "opt_compute_time:": 107.34688506834209,
    "spt_time": 167,
    "spt_compute_time": 12.50359401293099,
    "lpt_time": 190,
    "lpt_compute_time": 13.068915941752493,
    "n_jobs": 15,
    "n_resources": 15,
    "n_ops_per_job": 15,
    "max_op_time": 11,
    "jssp_identification": "15x15_2539_inst.json",
    "solution_optimality": "OPTIMAL",
    "jssp_instance": {
        "durations": [
            [
                5,
                5,
                11,
                11,
                3,
                7,
                3,
                9,
                8,
                2,
                6,
                8,
                6,
                2,
                8
            ],
            [
                9,
                2,
                10,
                8,
                7,
                7,
                10,
                7,
                6,
                8,
                5,
                5,
                3,
                7,
                6
            ],
            [
                2,
                2,
                8,
                3,
                6,
                4,
                1,
                1,
                9,
                1,
                4,
                9,
                3,
                4,
                9
            ],
            [
                8,
                3,
                10,
                2,
                1,
                10,
                10,
                6,
                9,
                11,
                8,
                7,
                6,
                8,
                4
            ],
            [
                4,
                2,
                6,
                3,
                5,
                6,
                2,
                2,
                5,
                5,
                6,
                10,
                11,
                3,
                9
            ],
            [
                2,
                7,
                11,
                3,
                6,
                9,
                11,
                9,
                4,
                4,
                9,
                6,
                11,
                10,
                3
            ],
            [
                3,
                1,
                3,
                6,
                11,
                11,
                2,
                1,
                9,
                6,
                5,
                9,
                3,
                2,
                3
            ],
            [
                6,
                7,
                9,
                11,
                9,
                11,
                9,
                10,
                5,
                5,
                9,
                6,
                7,
                6,
                1
            ],
            [
                1,
                3,
                7,
                1,
                3,
                7,
                8,
                6,
                8,
                2,
                11,
                9,
                3,
                4,
                2
            ],
            [
                10,
                5,
                5,
                4,
                9,
                2,
                11,
                6,
                8,
                5,
                5,
                6,
                2,
                11,
                5
            ],
            [
                4,
                7,
                11,
                11,
                8,
                11,
                4,
                4,
                7,
                5,
                9,
                2,
                6,
                6,
                4
            ],
            [
                6,
                6,
                6,
                9,
                11,
                5,
                11,
                5,
                1,
                3,
                3,
                8,
                11,
                6,
                4
            ],
            [
                5,
                11,
                7,
                7,
                9,
                9,
                2,
                10,
                6,
                6,
                7,
                10,
                7,
                4,
                4
            ],
            [
                7,
                8,
                2,
                9,
                8,
                3,
                5,
                10,
                8,
                8,
                9,
                4,
                9,
                6,
                11
            ],
            [
                11,
                5,
                3,
                11,
                1,
                8,
                4,
                8,
                10,
                5,
                9,
                4,
                2,
                5,
                5
            ]
        ],