{
    "optimal_time": 144.0,
    "opt_compute_time:": 61.797154853120446,
    "spt_time": 190,
    "spt_compute_time": 11.992260932922363,
    "lpt_time": 234,
    "lpt_compute_time": 16.60837419098243,
    "n_jobs": 15,
    "n_resources": 15,
    "n_ops_per_job": 15,
    "max_op_time": 11,
    "jssp_identification": "15x15_2862_inst.json",
    "solution_optimality": "OPTIMAL",
    "jssp_instance": {
        "durations": [
            [
                8,
                2,
                6,
                2,
                9,
                5,
                9,
                8,
                9,
                9,
                8,
                1,
                9,
                4,
                6
            ],
            [
                6,
                3,
                7,
                3,
                9,
                7,
                4,
                9,
                6,
                4,
                2,
                1,
                7,
                7,
                7
            ],
            [
                10,
                6,
                11,
                7,
                4,
                10,
                10,
                7,
                3,
                5,
                10,
                7,
                5,
                10,
                9
            ],
            [
                2,
                9,
                2,
                9,
                11,
                8,
                2,
                5,
                5,
                11,
                9,
                3,
                10,
                1,
                1
            ],
            [
                11,
                11,
                3,
                8,
                11,
                5,
                4,
                1,
                9,
                1,
                5,
                7,
                10,
                3,
                1
            ],
            [
                11,
                8,
                3,
                5,
                7,
                9,
                11,
                6,
                2,
                7,
                2,
                4,
                6,
                4,
                7
            ],
            [
                11,
                9,
                2,
                2,
                8,
                4,
                11,
                7,
                6,
                1,
                5,
                1,
                1,
                3,
                2
            ],
            [
                8,
                4,
                5,
                8,
                2,
                4,
                7,
                11,
                9,
                3,
                4,
                5,
                4,
                9,
                8
            ],
            [
                10,
                10,
                1,
                9,
                3,
                7,
                5,
                7,
                8,
                7,
                8,
                10,
                1,
                1,
                4
            ],
            [
                7,
                1,
                11,
                9,
                7,
                8,
                3,
                8,
                6,
                8,
                10,
                8,
                3,
                1,
                4
            ],
            [
                7,
                4,
                9,
                4,
                4,
                10,
                1,
                7,
                9,
                11,
                1,
                6,
                7,
                10,
                1
            ],
            [
                10,
                2,
                4,
                7,
                4,
                8,
                5,
                7,
                3,
                10,
                7,
                1,
                11,
                11,
                2
            ],
            [
                10,
                1,
                6,
                5,
                7,
                11,
                7,
                10,
                7,
                1,
                10,
                11,
                3,
                9,
                8
            ],
            [
                5,
                9,
                4,
                11,
                11,
                11,
                8,
                9,
                7,
                9,
                4,
                6,
                1,
                1,
                8
            ],
            [
                10,
                1,
                11,
                3,
                11,
                10,
                9,
                3,
                1,
                11,
                2,
                1,
                11,
                6,
                5
            ]
        ],