{
    "optimal_time": 137.0,
    "opt_compute_time:": 16.15639562578872,
    "spt_time": 172,
    "spt_compute_time": 10.490452304016799,
    "lpt_time": 227,
    "lpt_compute_time": 13.939987950958312,
    "n_jobs": 15,
    "n_resources": 15,
    "n_ops_per_job": 15,
    "max_op_time": 11,
    "jssp_identification": "15x15_1079_inst.json",
    "solution_optimality": "OPTIMAL",
    "jssp_instance": {
        "durations": [
            [
                3,
                9,
                1,
                4,
                7,
                5,
                6,
                11,
                10,
                7,
                2,
                3,
                7,
                6,
                7
            ],
            [
                1,
                2,
                9,
                1,
                7,
                10,
                5,
                8,
                9,
                3,
                3,
                10,
                4,
                9,
                6
            ],
            [
                5,
                4,
                3,
                11,
                10,
                7,
                3,
                8,
                10,
                9,
                4,
                9,
                9,
                7,
                4
            ],
            [
                1,
                5,
                5,
                5,
                6,
                5,
                6,
                9,
                11,
                3,
                6,
                11,
                2,
                2,
                6
            ],
            [
                5,
                8,
                8,
                1,
                6,
                2,
                10,
                6,
                2,
                3,
                1,
                8,
                4,
                3,
                7
            ],
            [
                2,
                5,
                5,
                7,
                6,
                3,
                4,
                6,
                5,
                9,
                7,
                11,
                7,
                7,
                7
            ],
            [
                11,
                11,
                4,
                2,
                7,
                3,
                11,
                1,
                10,
                7,
                10,
                5,
                3,
                2,
                1
            ],
            [
                9,
                5,
                6,
                2,
                9,
                4,
                1,
                5,
                6,
                4,
                10,
                1,
                1,
                1,
                11
            ],
            [
                7,
                4,
                9,
                6,
                6,
                2,
                9,
                10,
                1,
                8,
                3,
                6,
                6,
                10,
                8
            ],
            [
                9,
                2,
                9,
                1,
                6,
                3,
                3,
                4,
                8,
                3,
                10,
                8,
                10,
                3,
                5
            ],
            [
                10,
                9,
                7,
                4,
                2,
                2,
                1,
                10,
                2,
                9,
                7,
                6,
                9,
                7,
                8
            ],
            [
                3,
                6,
                7,
                10,
                10,
                3,
                9,
                9,
                3,
                11,
                7,
                8,
                10,
                6,
                11
            ],
            [
                6,
                11,
                6,
                9,
                6,
                8,
                4,
                11,
                8,
                8,
                1,
                4,
                2,
                10,
                11
            ],
            [
                6,
                5,
                5,
                8,
                10,
                9,
                10,
                4,
                3,
                11,
                1,
                8,
                9,
                2,
                8
            ],
            [
                3,
                11,
                4,
                6,
                5,
                2,
                5,
                2,
                11,
                7,
                5,
                10,
                8,
                2,
                5
            ]
        ],