{
    "optimal_time": 145.0,
    "opt_compute_time:": 86.06147274142131,
    "spt_time": 176,
    "spt_compute_time": 13.390330967027694,
    "lpt_time": 221,
    "lpt_compute_time": 15.086897556204349,
    "n_jobs": 15,
    "n_resources": 15,
    "n_ops_per_job": 15,
    "max_op_time": 11,
    "jssp_identification": "15x15_1585_inst.json",
    "solution_optimality": "OPTIMAL",
    "jssp_instance": {
        "durations": [
            [
                1,
                5,
                11,
                1,
                2,
                8,
                5,
                7,
                6,
                7,
                5,
                5,
                9,
                1,
                9
            ],
            [
                7,
                4,
                10,
                4,
                11,
                2,
                1,
                5,
                4,
                10,
                7,
                5,
                8,
                10,
                3
            ],
            [
                4,
                8,
                1,
                10,
                8,
                2,
                2,
                9,
                1,
                9,
                8,
                10,
                1,
                5,
                9
            ],
            [
                2,
                4,
                11,
                2,
                5,
                5,
                5,
                9,
                5,
                4,
                2,
                6,
                9,
                10,
                8
            ],
            [
                8,
                3,
                1,
                11,
                10,
                4,
                3,
                9,
                2,
                3,
                9,
                6,
                8,
                2,
                5
            ],
            [
                7,
                5,
                3,
                10,
                3,
                3,
                9,
                1,
                8,
                3,
                10,
                9,
                2,
                9,
                7
            ],
            [
                10,
                10,
                8,
                6,
                1,
                5,
                8,
                7,
                9,
                2,
                9,
                1,
                8,
                9,
                7
            ],
            [
                7,
                9,
                5,
                4,
                2,
                2,
                7,
                5,
                2,
                10,
                10,
                11,
                8,
                11,
                2
            ],
            [
                3,
                11,
                11,
                6,
                9,
                2,
                7,
                9,
                1,
                8,
                10,
                8,
                9,
                11,
                2
            ],
            [
                1,
                7,
                5,
                8,
                1,
                3,
                7,
                1,
                8,
                2,
                6,
                3,
                11,
                8,
                6
            ],
            [
                6,
                8,
                9,
                6,
                7,
                6,
                11,
                3,
                6,
                6,
                6,
                9,
                2,
                8,
                7
            ],
            [
                6,
                7,
                4,
                1,
                3,
                7,
                5,
                4,
                10,
                9,
                10,
                6,
                10,
                8,
                8
            ],
            [
                3,
                10,
                8,
                10,
                5,
                5,
                8,
                2,
                2,
                8,
                9,
                2,
                9,
                9,
                11
            ],
            [
                10,
                6,
                10,
                7,
                10,
                5,
                9,
                3,
                2,
                11,
                2,
                6,
                11,
                10,
                5
            ],
            [
                6,
                8,
                4,
                8,
                2,
                1,
                7,
                3,
                9,
                10,
                1,
                1,
                1,
                10,
                1
            ]
        ],