{
    "optimal_time": 145.0,
    "opt_compute_time:": 7.337775425054133,
    "spt_time": 187,
    "spt_compute_time": 13.564094594679773,
    "lpt_time": 205,
    "lpt_compute_time": 15.098832333926111,
    "n_jobs": 15,
    "n_resources": 15,
    "n_ops_per_job": 15,
    "max_op_time": 11,
    "jssp_identification": "15x15_3014_inst.json",
    "solution_optimality": "OPTIMAL",
    "jssp_instance": {
        "durations": [
            [
                7,
                7,
                2,
                11,
                10,
                8,
                7,
                2,
                11,
                1,
                5,
                2,
                3,
                7,
                3
            ],
            [
                1,
                2,
                2,
                3,
                4,
                4,
                7,
                2,
                3,
                3,
                11,
                4,
                11,
                5,
                9
            ],
            [
                11,
                1,
                3,
                10,
                11,
                4,
                11,
                8,
                9,
                4,
                4,
                10,
                7,
                3,
                4
            ],
            [
                5,
                11,
                2,
                5,
                6,
                8,
                2,
                1,
                9,
                10,
                4,
                8,
                11,
                8,
                1
            ],
            [
                3,
                3,
                1,
                7,
                11,
                4,
                5,
                7,
                3,
                11,
                5,
                5,
                9,
                8,
                1
            ],
            [
                6,
                7,
                5,
                3,
                8,
                7,
                9,
                7,
                10,
                3,
                10,
                4,
                7,
                3,
                4
            ],
            [
                4,
                4,
                8,
                7,
                9,
                4,
                6,
                6,
                6,
                11,
                7,
                10,
                1,
                3,
                5
            ],
            [
                11,
                10,
                5,
                10,
                11,
                10,
                5,
                1,
                7,
                3,
                8,
                1,
                11,
                8,
                6
            ],
            [
                1,
                8,
                4,
                11,
                2,
                10,
                8,
                7,
                8,
                11,
                3,
                5,
                3,
                10,
                8
            ],
            [
                7,
                4,
                3,
                9,
                4,
                7,
                2,
                1,
                2,
                4,
                10,
                9,
                10,
                1,
                3
            ],
            [
                9,
                8,
                3,
                6,
                9,
                11,
                4,
                3,
                10,
                4,
                6,
                8,
                1,
                6,
                2
            ],
            [
                8,
                11,
                3,
                5,
                11,
                10,
                2,
                3,
                10,
                9,
                6,
                10,
                5,
                7,
                4
            ],
            [
                6,
                5,
                8,
                1,
                11,
                7,
                8,
                9,
                1,
                2,
                7,
                2,
                10,
                6,
                9
            ],
            [
                10,
                10,
                6,
                6,
                4,
                3,
                8,
                10,
                5,
                9,
                1,
                4,
                1,
                2,
                2
            ],
            [
                1,
                9,
                10,
                2,
                11,
                7,
                11,
                6,
                9,
                1,
                11,
                10,
                10,
                9,
                6
            ]
        ],