{
    "optimal_time": 138.0,
    "opt_compute_time:": 63.342384134884924,
    "spt_time": 167,
    "spt_compute_time": 13.139377082232386,
    "lpt_time": 238,
    "lpt_compute_time": 14.764485033228993,
    "n_jobs": 15,
    "n_resources": 15,
    "n_ops_per_job": 15,
    "max_op_time": 11,
    "jssp_identification": "15x15_2122_inst.json",
    "solution_optimality": "OPTIMAL",
    "jssp_instance": {
        "durations": [
            [
                11,
                4,
                3,
                8,
                11,
                11,
                5,
                6,
                11,
                7,
                10,
                7,
                2,
                8,
                4
            ],
            [
                10,
                5,
                7,
                10,
                3,
                1,
                9,
                2,
                3,
                5,
                3,
                5,
                1,
                1,
                4
            ],
            [
                4,
                3,
                10,
                1,
                8,
                9,
                4,
                10,
                3,
                5,
                4,
                9,
                11,
                6,
                8
            ],
            [
                8,
                2,
                7,
                11,
                10,
                8,
                10,
                1,
                7,
                7,
                1,
                1,
                4,
                4,
                6
            ],
            [
                7,
                11,
                1,
                2,
                4,
                10,
                4,
                11,
                6,
                8,
                7,
                8,
                10,
                2,
                3
            ],
            [
                9,
                2,
                8,
                10,
                11,
                4,
                1,
                11,
                4,
                1,
                10,
                7,
                10,
                6,
                6
            ],
            [
                1,
                7,
                6,
                1,
                10,
                5,
                9,
                1,
                8,
                1,
                6,
                3,
                10,
                6,
                8
            ],
            [
                3,
                8,
                2,
                11,
                2,
                2,
                5,
                1,
                6,
                2,
                11,
                3,
                2,
                1,
                6
            ],
            [
                4,
                10,
                2,
                7,
                10,
                3,
                1,
                5,
                2,
                6,
                3,
                10,
                5,
                2,
                1
            ],
            [
                1,
                2,
                5,
                5,
                1,
                6,
                7,
                5,
                5,
                7,
                8,
                7,
                8,
                4,
                2
            ],
            [
                2,
                6,
                6,
                3,
                10,
                6,
                10,
                2,
                7,
                4,
                9,
                2,
                6,
                10,
                6
            ],
            [
                4,
                1,
                4,
                2,
                11,
                1,
                8,
                3,
                2,
                4,
                5,
                6,
                7,
                4,
                5
            ],
            [
                3,
                10,
                8,
                5,
                7,
                10,
                5,
                8,
                5,
                3,
                4,
                2,
                9,
                1,
                9
            ],
            [
                8,
                7,
                8,
                3,
                4,
                6,
                2,
                3,
                11,
                11,
                11,
                5,
                10,
                10,
                11
            ],
            [
                1,
                2,
                7,
                7,
                1,
                4,
                9,
                11,
                4,
                10,
                8,
                11,
                2,
                6,
                8
            ]
        ],