{
    "optimal_time": 132.0,
    "opt_compute_time:": 14.008413122966886,
    "spt_time": 180,
    "spt_compute_time": 11.43227455811575,
    "lpt_time": 182,
    "lpt_compute_time": 13.815699463244528,
    "n_jobs": 15,
    "n_resources": 15,
    "n_ops_per_job": 15,
    "max_op_time": 11,
    "jssp_identification": "15x15_3971_inst.json",
    "solution_optimality": "OPTIMAL",
    "jssp_instance": {
        "durations": [
            [
                2,
                11,
                6,
                3,
                2,
                6,
                1,
                8,
                2,
                5,
                3,
                11,
                9,
                10,
                7
            ],
            [
                7,
                10,
                10,
                5,
                8,
                3,
                1,
                4,
                1,
                7,
                7,
                10,
                1,
                4,
                4
            ],
            [
                3,
                11,
                6,
                8,
                1,
                1,
                5,
                9,
                8,
                7,
                5,
                5,
                7,
                2,
                1
            ],
            [
                1,
                11,
                1,
                7,
                5,
                11,
                9,
                9,
                3,
                2,
                9,
                5,
                6,
                1,
                6
            ],
            [
                10,
                11,
                5,
                8,
                4,
                9,
                11,
                6,
                10,
                8,
                3,
                4,
                4,
                2,
                10
            ],
            [
                1,
                11,
                4,
                1,
                8,
                6,
                4,
                6,
                1,
                5,
                6,
                5,
                8,
                1,
                10
            ],
            [
                8,
                8,
                3,
                1,
                5,
                5,
                5,
                7,
                8,
                7,
                8,
                1,
                3,
                8,
                2
            ],
            [
                8,
                5,
                8,
                9,
                11,
                1,
                8,
                1,
                1,
                2,
                4,
                7,
                7,
                5,
                9
            ],
            [
                8,
                1,
                5,
                1,
                10,
                6,
                10,
                4,
                1,
                11,
                9,
                7,
                1,
                10,
                9
            ],
            [
                4,
                4,
                9,
                6,
                11,
                3,
                5,
                11,
                7,
                10,
                7,
                6,
                4,
                9,
                2
            ],
            [
                3,
                8,
                7,
                10,
                4,
                4,
                8,
                3,
                5,
                11,
                7,
                5,
                3,
                3,
                11
            ],
            [
                3,
                5,
                7,
                9,
                8,
                9,
                5,
                11,
                3,
                3,
                10,
                10,
                10,
                1,
                5
            ],
            [
                5,
                7,
                8,
                6,
                10,
                10,
                1,
                3,
                6,
                3,
                1,
                2,
                9,
                7,
                11
            ],
            [
                1,
                2,
                1,
                8,
                10,
                8,
                3,
                2,
                11,
                3,
                6,
                7,
                10,
                9,
                9
            ],
            [
                5,
                7,
                3,
                8,
                6,
                7,
                10,
                5,
                2,
                8,
                1,
                9,
                3,
                6,
                3
            ]
        ],