{
    "optimal_time": 141.0,
    "opt_compute_time:": 2.5298041929490864,
    "spt_time": 177,
    "spt_compute_time": 11.426273718941957,
    "lpt_time": 187,
    "lpt_compute_time": 13.775122319813818,
    "n_jobs": 15,
    "n_resources": 15,
    "n_ops_per_job": 15,
    "max_op_time": 11,
    "jssp_identification": "15x15_3782_inst.json",
    "solution_optimality": "OPTIMAL",
    "jssp_instance": {
        "durations": [
            [
                8,
                8,
                10,
                9,
                4,
                9,
                3,
                8,
                7,
                4,
                1,
                3,
                3,
                4,
                9
            ],
            [
                4,
                6,
                6,
                4,
                10,
                11,
                1,
                9,
                3,
                6,
                7,
                2,
                1,
                5,
                5
            ],
            [
                6,
                6,
                7,
                3,
                4,
                4,
                7,
                10,
                8,
                2,
                2,
                2,
                4,
                8,
                11
            ],
            [
                11,
                10,
                9,
                2,
                8,
                7,
                2,
                10,
                4,
                2,
                3,
                4,
                7,
                8,
                2
            ],
            [
                10,
                6,
                8,
                7,
                9,
                10,
                2,
                2,
                7,
                8,
                10,
                5,
                10,
                1,
                8
            ],
            [
                11,
                9,
                1,
                1,
                6,
                1,
                3,
                2,
                4,
                5,
                3,
                7,
                8,
                6,
                4
            ],
            [
                2,
                4,
                6,
                4,
                7,
                4,
                10,
                10,
                10,
                2,
                1,
                2,
                10,
                6,
                10
            ],
            [
                4,
                4,
                8,
                9,
                1,
                3,
                11,
                8,
                3,
                2,
                3,
                8,
                7,
                7,
                8
            ],
            [
                1,
                7,
                7,
                2,
                4,
                9,
                4,
                9,
                2,
                6,
                9,
                1,
                9,
                11,
                8
            ],
            [
                5,
                3,
                9,
                8,
                7,
                3,
                9,
                5,
                7,
                9,
                6,
                9,
                5,
                10,
                9
            ],
            [
                10,
                11,
                7,
                2,
                11,
                9,
                3,
                11,
                4,
                7,
                6,
                7,
                4,
                10,
                8
            ],
            [
                3,
                3,
                10,
                6,
                8,
                11,
                10,
                8,
                7,
                6,
                9,
                7,
                3,
                2,
                2
            ],
            [
                5,
                7,
                3,
                5,
                4,
                8,
                1,
                1,
                3,
                5,
                5,
                5,
                10,
                2,
                8
            ],
            [
                10,
                9,
                5,
                8,
                5,
                10,
                9,
                6,
                8,
                6,
                11,
                6,
                3,
                1,
                1
            ],
            [
                6,
                4,
                5,
                5,
                6,
                8,
                6,
                5,
                2,
                4,
                11,
                3,
                3,
                9,
                4
            ]
        ],