{
    "optimal_time": 143.0,
    "opt_compute_time:": 17.230820467229933,
    "spt_time": 170,
    "spt_compute_time": 12.355426573660225,
    "lpt_time": 218,
    "lpt_compute_time": 14.991671134252101,
    "n_jobs": 15,
    "n_resources": 15,
    "n_ops_per_job": 15,
    "max_op_time": 11,
    "jssp_identification": "15x15_1309_inst.json",
    "solution_optimality": "OPTIMAL",
    "jssp_instance": {
        "durations": [
            [
                9,
                4,
                5,
                10,
                9,
                3,
                1,
                6,
                10,
                11,
                3,
                10,
                2,
                5,
                9
            ],
            [
                7,
                1,
                3,
                10,
                1,
                5,
                1,
                7,
                4,
                2,
                4,
                5,
                6,
                10,
                9
            ],
            [
                6,
                5,
                11,
                2,
                5,
                10,
                3,
                2,
                1,
                5,
                8,
                5,
                6,
                11,
                2
            ],
            [
                5,
                2,
                10,
                9,
                8,
                10,
                1,
                3,
                6,
                11,
                3,
                9,
                5,
                5,
                9
            ],
            [
                4,
                4,
                8,
                1,
                8,
                3,
                5,
                9,
                4,
                3,
                11,
                2,
                4,
                2,
                6
            ],
            [
                8,
                7,
                7,
                5,
                8,
                1,
                6,
                3,
                1,
                8,
                11,
                3,
                11,
                1,
                10
            ],
            [
                3,
                1,
                8,
                8,
                7,
                11,
                10,
                3,
                3,
                11,
                11,
                1,
                7,
                11,
                7
            ],
            [
                11,
                3,
                2,
                2,
                7,
                1,
                7,
                6,
                1,
                4,
                11,
                4,
                6,
                2,
                11
            ],
            [
                11,
                10,
                5,
                6,
                6,
                9,
                9,
                8,
                4,
                4,
                3,
                3,
                7,
                8,
                6
            ],
            [
                4,
                6,
                6,
                8,
                8,
                9,
                9,
                3,
                9,
                3,
                10,
                4,
                10,
                1,
                5
            ],
            [
                6,
                8,
                4,
                5,
                6,
                2,
                9,
                1,
                6,
                1,
                1,
                6,
                4,
                7,
                9
            ],
            [
                11,
                1,
                7,
                1,
                8,
                10,
                5,
                9,
                1,
                7,
                10,
                9,
                10,
                11,
                7
            ],
            [
                2,
                11,
                8,
                3,
                3,
                5,
                4,
                10,
                10,
                4,
                3,
                7,
                1,
                6,
                4
            ],
            [
                9,
                6,
                6,
                6,
                11,
                10,
                4,
                3,
                7,
                1,
                11,
                9,
                10,
                3,
                4
            ],
            [
                7,
                5,
                7,
                6,
                6,
                7,
                11,
                8,
                9,
                4,
                5,
                8,
                7,
                4,
                8
            ]
        ],