{
    "optimal_time": 132.0,
    "opt_compute_time:": 43.1379927280359,
    "spt_time": 164,
    "spt_compute_time": 11.28318472020328,
    "lpt_time": 188,
    "lpt_compute_time": 13.497576176188886,
    "n_jobs": 15,
    "n_resources": 15,
    "n_ops_per_job": 15,
    "max_op_time": 11,
    "jssp_identification": "15x15_1143_inst.json",
    "solution_optimality": "OPTIMAL",
    "jssp_instance": {
        "durations": [
            [
                3,
                9,
                8,
                10,
                2,
                10,
                11,
                1,
                1,
                3,
                5,
                5,
                8,
                8,
                2
            ],
            [
                9,
                10,
                1,
                2,
                8,
                1,
                4,
                6,
                1,
                9,
                11,
                5,
                2,
                4,
                11
            ],
            [
                9,
                1,
                10,
                3,
                7,
                2,
                5,
                7,
                6,
                11,
                9,
                8,
                5,
                2,
                6
            ],
            [
                2,
                5,
                11,
                10,
                2,
                10,
                3,
                3,
                7,
                4,
                9,
                5,
                9,
                7,
                2
            ],
            [
                1,
                6,
                3,
                3,
                6,
                11,
                6,
                7,
                2,
                6,
                9,
                6,
                11,
                9,
                7
            ],
            [
                3,
                11,
                5,
                3,
                2,
                5,
                8,
                5,
                8,
                11,
                9,
                3,
                1,
                6,
                2
            ],
            [
                4,
                11,
                1,
                3,
                10,
                2,
                4,
                6,
                1,
                10,
                7,
                7,
                6,
                6,
                11
            ],
            [
                5,
                3,
                11,
                5,
                9,
                8,
                4,
                10,
                7,
                1,
                11,
                10,
                6,
                1,
                4
            ],
            [
                1,
                3,
                8,
                10,
                8,
                6,
                8,
                6,
                3,
                3,
                10,
                4,
                8,
                6,
                7
            ],
            [
                10,
                11,
                9,
                7,
                9,
                3,
                1,
                6,
                10,
                3,
                1,
                4,
                1,
                5,
                6
            ],
            [
                4,
                6,
                2,
                6,
                10,
                2,
                7,
                3,
                10,
                11,
                1,
                3,
                6,
                1,
                2
            ],
            [
                9,
                8,
                11,
                7,
                3,
                6,
                4,
                3,
                1,
                1,
                5,
                11,
                7,
                3,
                1
            ],
            [
                10,
                11,
                10,
                9,
                11,
                4,
                8,
                4,
                5,
                3,
                8,
                3,
                2,
                2,
                3
            ],
            [
                7,
                10,
                5,
                3,
                6,
                1,
                3,
                9,
                2,
                10,
                10,
                10,
                3,
                4,
                10
            ],
            [
                1,
                1,
                10,
                1,
                8,
                9,
                1,
                10,
                11,
                4,
                8,
                10,
                8,
                10,
                5
            ]
        ],