{
    "optimal_time": 144.0,
    "opt_compute_time:": 242.5690304627642,
    "spt_time": 170,
    "spt_compute_time": 12.836994722019881,
    "lpt_time": 207,
    "lpt_compute_time": 14.442492137197405,
    "n_jobs": 15,
    "n_resources": 15,
    "n_ops_per_job": 15,
    "max_op_time": 11,
    "jssp_identification": "15x15_1611_inst.json",
    "solution_optimality": "OPTIMAL",
    "jssp_instance": {
        "durations": [
            [
                4,
                10,
                5,
                4,
                8,
                3,
                8,
                6,
                10,
                5,
                3,
                7,
                4,
                9,
                9
            ],
            [
                2,
                8,
                7,
                4,
                2,
                1,
                4,
                7,
                4,
                8,
                2,
                3,
                11,
                4,
                9
            ],
            [
                2,
                11,
                3,
                11,
                3,
                2,
                3,
                7,
                10,
                3,
                7,
                6,
                5,
                5,
                8
            ],
            [
                5,
                4,
                9,
                8,
                11,
                6,
                9,
                6,
                7,
                5,
                9,
                5,
                6,
                7,
                2
            ],
            [
                1,
                5,
                10,
                1,
                2,
                11,
                9,
                7,
                9,
                9,
                5,
                4,
                1,
                9,
                8
            ],
            [
                6,
                7,
                1,
                6,
                4,
                3,
                2,
                3,
                4,
                6,
                1,
                10,
                2,
                1,
                3
            ],
            [
                4,
                4,
                7,
                9,
                11,
                10,
                7,
                2,
                4,
                2,
                2,
                7,
                6,
                9,
                11
            ],
            [
                8,
                10,
                4,
                10,
                7,
                4,
                1,
                2,
                8,
                6,
                5,
                4,
                11,
                1,
                8
            ],
            [
                9,
                3,
                11,
                3,
                5,
                10,
                1,
                2,
                3,
                8,
                3,
                9,
                11,
                3,
                3
            ],
            [
                9,
                4,
                2,
                3,
                9,
                3,
                6,
                2,
                5,
                2,
                7,
                7,
                2,
                7,
                3
            ],
            [
                5,
                1,
                3,
                1,
                10,
                1,
                11,
                4,
                8,
                10,
                11,
                2,
                8,
                9,
                3
            ],
            [
                7,
                8,
                4,
                11,
                5,
                1,
                8,
                2,
                9,
                4,
                6,
                4,
                9,
                5,
                7
            ],
            [
                11,
                4,
                3,
                2,
                4,
                5,
                2,
                9,
                11,
                6,
                5,
                2,
                4,
                9,
                10
            ],
            [
                2,
                10,
                10,
                10,
                1,
                2,
                8,
                8,
                11,
                9,
                4,
                2,
                9,
                6,
                7
            ],
            [
                4,
                6,
                4,
                6,
                8,
                9,
                1,
                11,
                8,
                11,
                5,
                7,
                10,
                3,
                11
            ]
        ],