{
    "optimal_time": 143.0,
    "opt_compute_time:": 43.64794177003205,
    "spt_time": 169,
    "spt_compute_time": 11.797930912580341,
    "lpt_time": 187,
    "lpt_compute_time": 13.816440002061427,
    "n_jobs": 15,
    "n_resources": 15,
    "n_ops_per_job": 15,
    "max_op_time": 11,
    "jssp_identification": "15x15_3813_inst.json",
    "solution_optimality": "OPTIMAL",
    "jssp_instance": {
        "durations": [
            [
                9,
                3,
                4,
                11,
                10,
                5,
                8,
                11,
                5,
                3,
                6,
                6,
                2,
                4,
                3
            ],
            [
                8,
                9,
                7,
                5,
                9,
                6,
                11,
                4,
                11,
                10,
                3,
                5,
                1,
                9,
                9
            ],
            [
                6,
                2,
                11,
                7,
                6,
                3,
                1,
                3,
                6,
                7,
                9,
                4,
                10,
                7,
                2
            ],
            [
                9,
                11,
                7,
                10,
                5,
                7,
                10,
                10,
                9,
                3,
                11,
                4,
                2,
                9,
                10
            ],
            [
                10,
                6,
                10,
                2,
                8,
                6,
                2,
                4,
                1,
                4,
                10,
                5,
                1,
                7,
                7
            ],
            [
                3,
                11,
                8,
                9,
                2,
                6,
                8,
                11,
                4,
                10,
                2,
                4,
                8,
                3,
                2
            ],
            [
                1,
                10,
                8,
                2,
                2,
                5,
                7,
                7,
                2,
                4,
                3,
                7,
                8,
                5,
                2
            ],
            [
                4,
                5,
                11,
                6,
                11,
                7,
                5,
                5,
                10,
                9,
                2,
                11,
                7,
                7,
                4
            ],
            [
                10,
                9,
                6,
                2,
                3,
                8,
                9,
                11,
                8,
                7,
                11,
                1,
                2,
                2,
                8
            ],
            [
                2,
                11,
                2,
                6,
                8,
                10,
                4,
                8,
                8,
                4,
                7,
                8,
                9,
                8,
                7
            ],
            [
                2,
                5,
                2,
                5,
                7,
                5,
                9,
                4,
                4,
                10,
                9,
                5,
                11,
                10,
                7
            ],
            [
                9,
                5,
                4,
                10,
                2,
                6,
                9,
                7,
                6,
                9,
                3,
                2,
                2,
                8,
                10
            ],
            [
                11,
                5,
                5,
                7,
                2,
                2,
                11,
                1,
                8,
                9,
                11,
                10,
                1,
                10,
                1
            ],
            [
                4,
                7,
                7,
                4,
                6,
                2,
                6,
                3,
                1,
                8,
                8,
                5,
                11,
                5,
                4
            ],
            [
                7,
                6,
                8,
                4,
                11,
                2,
                10,
                9,
                1,
                10,
                10,
                4,
                1,
                1,
                1
            ]
        ],