{
    "optimal_time": 155.0,
    "opt_compute_time:": 19.548099264036864,
    "spt_time": 190,
    "spt_compute_time": 13.578493895940483,
    "lpt_time": 202,
    "lpt_compute_time": 15.940783894155174,
    "n_jobs": 15,
    "n_resources": 15,
    "n_ops_per_job": 15,
    "max_op_time": 11,
    "jssp_identification": "15x15_2260_inst.json",
    "solution_optimality": "OPTIMAL",
    "jssp_instance": {
        "durations": [
            [
                7,
                2,
                5,
                5,
                4,
                9,
                10,
                2,
                11,
                11,
                9,
                9,
                2,
                6,
                11
            ],
            [
                3,
                8,
                5,
                1,
                6,
                4,
                11,
                11,
                2,
                8,
                3,
                9,
                11,
                10,
                11
            ],
            [
                11,
                7,
                5,
                4,
                6,
                9,
                10,
                9,
                1,
                7,
                8,
                8,
                4,
                11,
                6
            ],
            [
                1,
                6,
                2,
                11,
                9,
                6,
                4,
                6,
                7,
                2,
                7,
                7,
                11,
                7,
                5
            ],
            [
                10,
                1,
                11,
                11,
                9,
                1,
                5,
                1,
                5,
                4,
                8,
                10,
                4,
                3,
                1
            ],
            [
                5,
                2,
                1,
                4,
                4,
                6,
                1,
                7,
                9,
                10,
                4,
                3,
                7,
                9,
                9
            ],
            [
                9,
                8,
                11,
                2,
                11,
                7,
                4,
                4,
                1,
                10,
                5,
                8,
                8,
                1,
                11
            ],
            [
                6,
                7,
                7,
                9,
                8,
                9,
                1,
                5,
                9,
                9,
                6,
                1,
                1,
                9,
                11
            ],
            [
                9,
                7,
                10,
                3,
                10,
                1,
                10,
                1,
                1,
                7,
                9,
                4,
                5,
                6,
                5
            ],
            [
                7,
                5,
                8,
                5,
                1,
                9,
                7,
                4,
                8,
                7,
                7,
                9,
                11,
                8,
                9
            ],
            [
                9,
                10,
                5,
                5,
                1,
                10,
                9,
                3,
                3,
                1,
                9,
                1,
                6,
                8,
                11
            ],
            [
                5,
                1,
                11,
                9,
                6,
                6,
                11,
                5,
                2,
                10,
                9,
                8,
                3,
                6,
                8
            ],
            [
                1,
                11,
                11,
                6,
                6,
                9,
                1,
                11,
                7,
                9,
                6,
                4,
                7,
                11,
                6
            ],
            [
                4,
                6,
                6,
                4,
                1,
                5,
                4,
                1,
                5,
                4,
                6,
                6,
                1,
                5,
                4
            ],
            [
                9,
                1,
                3,
                3,
                8,
                5,
                2,
                3,
                10,
                9,
                11,
                11,
                1,
                10,
                6
            ]
        ],