{
    "optimal_time": 146.0,
    "opt_compute_time:": 684.7290013800375,
    "spt_time": 178,
    "spt_compute_time": 11.843784045893699,
    "lpt_time": 235,
    "lpt_compute_time": 15.467472036834806,
    "n_jobs": 15,
    "n_resources": 15,
    "n_ops_per_job": 15,
    "max_op_time": 11,
    "jssp_identification": "15x15_1461_inst.json",
    "solution_optimality": "OPTIMAL",
    "jssp_instance": {
        "durations": [
            [
                1,
                4,
                6,
                9,
                5,
                9,
                4,
                2,
                4,
                1,
                5,
                5,
                4,
                11,
                6
            ],
            [
                4,
                4,
                10,
                3,
                1,
                8,
                8,
                10,
                4,
                6,
                1,
                4,
                5,
                9,
                1
            ],
            [
                7,
                4,
                4,
                5,
                9,
                2,
                4,
                9,
                11,
                6,
                11,
                2,
                2,
                8,
                5
            ],
            [
                6,
                3,
                11,
                7,
                9,
                9,
                8,
                7,
                4,
                7,
                5,
                3,
                4,
                1,
                8
            ],
            [
                7,
                11,
                3,
                4,
                2,
                6,
                11,
                6,
                6,
                10,
                5,
                2,
                8,
                2,
                4
            ],
            [
                1,
                11,
                3,
                5,
                2,
                10,
                5,
                10,
                6,
                2,
                2,
                9,
                11,
                9,
                8
            ],
            [
                10,
                3,
                3,
                1,
                9,
                8,
                5,
                9,
                7,
                9,
                5,
                11,
                8,
                5,
                9
            ],
            [
                5,
                11,
                2,
                4,
                4,
                9,
                1,
                3,
                11,
                3,
                4,
                3,
                11,
                8,
                3
            ],
            [
                8,
                6,
                9,
                7,
                2,
                5,
                6,
                10,
                6,
                4,
                8,
                8,
                6,
                8,
                10
            ],
            [
                5,
                3,
                1,
                8,
                9,
                4,
                5,
                8,
                10,
                4,
                7,
                7,
                7,
                2,
                5
            ],
            [
                9,
                1,
                6,
                11,
                9,
                3,
                11,
                3,
                6,
                8,
                2,
                11,
                2,
                1,
                10
            ],
            [
                4,
                8,
                6,
                9,
                10,
                3,
                9,
                3,
                2,
                1,
                4,
                9,
                11,
                8,
                10
            ],
            [
                10,
                10,
                4,
                4,
                9,
                9,
                6,
                9,
                10,
                11,
                11,
                10,
                1,
                7,
                8
            ],
            [
                9,
                3,
                4,
                6,
                11,
                8,
                4,
                10,
                4,
                4,
                9,
                10,
                3,
                4,
                8
            ],
            [
                11,
                9,
                4,
                6,
                4,
                7,
                4,
                4,
                4,
                3,
                9,
                1,
                4,
                10,
                8
            ]
        ],