{
    "optimal_time": 146.0,
    "opt_compute_time:": 1067.1574050672352,
    "spt_time": 180,
    "spt_compute_time": 12.326192278880626,
    "lpt_time": 205,
    "lpt_compute_time": 14.54322418011725,
    "n_jobs": 15,
    "n_resources": 15,
    "n_ops_per_job": 15,
    "max_op_time": 11,
    "jssp_identification": "15x15_3026_inst.json",
    "solution_optimality": "OPTIMAL",
    "jssp_instance": {
        "durations": [
            [
                9,
                11,
                9,
                8,
                11,
                8,
                4,
                1,
                10,
                11,
                7,
                2,
                7,
                6,
                8
            ],
            [
                10,
                2,
                2,
                10,
                3,
                3,
                4,
                3,
                8,
                3,
                10,
                2,
                5,
                11,
                2
            ],
            [
                1,
                8,
                10,
                7,
                6,
                9,
                4,
                9,
                1,
                10,
                10,
                2,
                1,
                11,
                5
            ],
            [
                6,
                11,
                10,
                7,
                1,
                4,
                6,
                1,
                11,
                4,
                4,
                1,
                5,
                9,
                6
            ],
            [
                7,
                11,
                4,
                2,
                4,
                4,
                3,
                5,
                3,
                10,
                7,
                4,
                5,
                4,
                7
            ],
            [
                3,
                6,
                4,
                11,
                3,
                5,
                4,
                9,
                7,
                9,
                11,
                1,
                4,
                2,
                11
            ],
            [
                11,
                3,
                9,
                2,
                3,
                10,
                2,
                11,
                10,
                9,
                8,
                9,
                11,
                10,
                2
            ],
            [
                2,
                6,
                8,
                11,
                8,
                3,
                4,
                3,
                11,
                8,
                4,
                11,
                9,
                1,
                8
            ],
            [
                2,
                9,
                7,
                2,
                4,
                11,
                4,
                6,
                3,
                2,
                6,
                7,
                3,
                5,
                8
            ],
            [
                6,
                5,
                8,
                10,
                11,
                1,
                1,
                6,
                5,
                4,
                8,
                7,
                10,
                3,
                4
            ],
            [
                1,
                10,
                4,
                4,
                1,
                11,
                4,
                9,
                3,
                8,
                7,
                8,
                7,
                5,
                10
            ],
            [
                2,
                9,
                6,
                9,
                5,
                4,
                3,
                8,
                9,
                5,
                11,
                2,
                3,
                10,
                9
            ],
            [
                3,
                8,
                9,
                2,
                8,
                4,
                1,
                8,
                5,
                3,
                11,
                6,
                11,
                1,
                11
            ],
            [
                10,
                1,
                4,
                11,
                11,
                10,
                1,
                7,
                2,
                1,
                11,
                2,
                4,
                7,
                10
            ],
            [
                4,
                10,
                6,
                3,
                1,
                1,
                10,
                7,
                3,
                10,
                9,
                3,
                7,
                11,
                10
            ]
        ],