{
    "optimal_time": 138.0,
    "opt_compute_time:": 59.91534539498389,
    "spt_time": 183,
    "spt_compute_time": 13.652504643891007,
    "lpt_time": 190,
    "lpt_compute_time": 14.834420549683273,
    "n_jobs": 15,
    "n_resources": 15,
    "n_ops_per_job": 15,
    "max_op_time": 11,
    "jssp_identification": "15x15_3678_inst.json",
    "solution_optimality": "OPTIMAL",
    "jssp_instance": {
        "durations": [
            [
                7,
                6,
                10,
                10,
                3,
                4,
                1,
                7,
                4,
                9,
                7,
                7,
                2,
                5,
                7
            ],
            [
                11,
                9,
                4,
                6,
                3,
                9,
                1,
                10,
                8,
                11,
                8,
                8,
                1,
                9,
                7
            ],
            [
                8,
                5,
                11,
                6,
                10,
                3,
                10,
                8,
                2,
                1,
                7,
                4,
                8,
                10,
                6
            ],
            [
                9,
                3,
                10,
                6,
                5,
                1,
                8,
                2,
                2,
                6,
                6,
                1,
                3,
                9,
                3
            ],
            [
                5,
                5,
                2,
                6,
                1,
                2,
                3,
                2,
                6,
                9,
                10,
                2,
                6,
                2,
                6
            ],
            [
                4,
                2,
                2,
                3,
                8,
                2,
                7,
                3,
                2,
                2,
                1,
                7,
                10,
                7,
                2
            ],
            [
                10,
                2,
                4,
                4,
                2,
                5,
                7,
                8,
                4,
                5,
                4,
                9,
                4,
                4,
                5
            ],
            [
                3,
                9,
                6,
                8,
                9,
                7,
                1,
                2,
                7,
                3,
                8,
                11,
                9,
                2,
                3
            ],
            [
                6,
                5,
                7,
                9,
                10,
                4,
                2,
                4,
                10,
                8,
                9,
                11,
                1,
                4,
                10
            ],
            [
                10,
                3,
                1,
                7,
                4,
                8,
                8,
                2,
                9,
                6,
                2,
                1,
                2,
                4,
                2
            ],
            [
                11,
                7,
                4,
                6,
                2,
                5,
                2,
                4,
                2,
                5,
                7,
                5,
                6,
                10,
                1
            ],
            [
                1,
                9,
                3,
                11,
                4,
                11,
                10,
                1,
                9,
                6,
                10,
                3,
                1,
                9,
                9
            ],
            [
                11,
                1,
                7,
                2,
                9,
                2,
                2,
                4,
                7,
                10,
                7,
                6,
                7,
                10,
                5
            ],
            [
                2,
                7,
                1,
                10,
                10,
                5,
                8,
                3,
                6,
                10,
                8,
                6,
                10,
                7,
                10
            ],
            [
                5,
                10,
                3,
                10,
                8,
                9,
                10,
                11,
                10,
                4,
                9,
                2,
                5,
                6,
                4
            ]
        ],