{
    "optimal_time": 139.0,
    "opt_compute_time:": 39.88704436086118,
    "spt_time": 174,
    "spt_compute_time": 11.673495871014893,
    "lpt_time": 221,
    "lpt_compute_time": 14.145421222317964,
    "n_jobs": 15,
    "n_resources": 15,
    "n_ops_per_job": 15,
    "max_op_time": 11,
    "jssp_identification": "15x15_1701_inst.json",
    "solution_optimality": "OPTIMAL",
    "jssp_instance": {
        "durations": [
            [
                10,
                5,
                1,
                7,
                3,
                3,
                5,
                9,
                2,
                3,
                4,
                3,
                1,
                5,
                8
            ],
            [
                1,
                5,
                2,
                7,
                7,
                9,
                4,
                8,
                11,
                7,
                9,
                2,
                7,
                2,
                5
            ],
            [
                5,
                5,
                11,
                11,
                9,
                6,
                5,
                1,
                9,
                7,
                11,
                4,
                10,
                7,
                2
            ],
            [
                6,
                11,
                7,
                4,
                10,
                7,
                1,
                10,
                10,
                2,
                1,
                2,
                7,
                6,
                9
            ],
            [
                5,
                6,
                1,
                6,
                2,
                6,
                5,
                10,
                11,
                2,
                9,
                9,
                3,
                2,
                9
            ],
            [
                3,
                11,
                10,
                2,
                1,
                6,
                4,
                5,
                7,
                6,
                2,
                7,
                1,
                6,
                6
            ],
            [
                8,
                3,
                8,
                11,
                1,
                1,
                6,
                9,
                10,
                4,
                5,
                8,
                5,
                1,
                8
            ],
            [
                11,
                2,
                5,
                5,
                6,
                9,
                6,
                8,
                7,
                6,
                2,
                10,
                1,
                10,
                3
            ],
            [
                3,
                5,
                1,
                5,
                11,
                1,
                9,
                4,
                8,
                2,
                1,
                1,
                8,
                2,
                9
            ],
            [
                2,
                5,
                8,
                3,
                11,
                10,
                6,
                9,
                10,
                8,
                7,
                11,
                5,
                10,
                4
            ],
            [
                6,
                4,
                4,
                4,
                11,
                2,
                8,
                6,
                4,
                3,
                10,
                8,
                11,
                2,
                5
            ],
            [
                6,
                5,
                10,
                7,
                5,
                9,
                3,
                10,
                8,
                3,
                8,
                1,
                4,
                8,
                9
            ],
            [
                10,
                6,
                4,
                11,
                1,
                9,
                9,
                9,
                8,
                6,
                8,
                8,
                6,
                9,
                6
            ],
            [
                9,
                6,
                10,
                11,
                1,
                4,
                5,
                10,
                9,
                3,
                5,
                1,
                10,
                11,
                9
            ],
            [
                9,
                10,
                3,
                8,
                5,
                9,
                6,
                3,
                8,
                8,
                11,
                10,
                3,
                4,
                9
            ]
        ],