{
    "optimal_time": 145.0,
    "opt_compute_time:": 15.86084698792547,
    "spt_time": 184,
    "spt_compute_time": 12.220290749333799,
    "lpt_time": 211,
    "lpt_compute_time": 15.783854959066957,
    "n_jobs": 15,
    "n_resources": 15,
    "n_ops_per_job": 15,
    "max_op_time": 11,
    "jssp_identification": "15x15_2139_inst.json",
    "solution_optimality": "OPTIMAL",
    "jssp_instance": {
        "durations": [
            [
                11,
                9,
                2,
                4,
                10,
                11,
                1,
                11,
                4,
                8,
                10,
                4,
                3,
                3,
                2
            ],
            [
                3,
                1,
                10,
                3,
                11,
                7,
                4,
                2,
                7,
                4,
                11,
                2,
                7,
                3,
                4
            ],
            [
                11,
                3,
                4,
                3,
                4,
                11,
                10,
                3,
                11,
                7,
                2,
                4,
                3,
                2,
                7
            ],
            [
                6,
                1,
                11,
                6,
                10,
                1,
                8,
                3,
                8,
                11,
                7,
                6,
                4,
                10,
                11
            ],
            [
                1,
                8,
                4,
                4,
                6,
                7,
                6,
                7,
                7,
                7,
                7,
                4,
                6,
                10,
                5
            ],
            [
                6,
                2,
                7,
                9,
                10,
                5,
                3,
                4,
                4,
                9,
                5,
                7,
                6,
                1,
                1
            ],
            [
                10,
                11,
                3,
                3,
                1,
                3,
                10,
                5,
                5,
                8,
                3,
                5,
                8,
                10,
                10
            ],
            [
                2,
                8,
                10,
                11,
                2,
                7,
                9,
                7,
                9,
                8,
                11,
                8,
                7,
                2,
                4
            ],
            [
                11,
                9,
                2,
                11,
                7,
                3,
                2,
                7,
                2,
                7,
                8,
                3,
                9,
                8,
                3
            ],
            [
                2,
                8,
                3,
                9,
                11,
                2,
                10,
                3,
                9,
                4,
                11,
                10,
                2,
                3,
                8
            ],
            [
                10,
                4,
                3,
                10,
                11,
                10,
                1,
                2,
                1,
                11,
                3,
                1,
                3,
                9,
                4
            ],
            [
                4,
                2,
                4,
                9,
                10,
                8,
                8,
                1,
                4,
                1,
                4,
                11,
                4,
                9,
                4
            ],
            [
                3,
                10,
                2,
                6,
                7,
                10,
                7,
                2,
                10,
                5,
                4,
                11,
                3,
                6,
                10
            ],
            [
                11,
                3,
                7,
                1,
                3,
                7,
                9,
                7,
                9,
                6,
                10,
                3,
                9,
                6,
                5
            ],
            [
                3,
                11,
                5,
                4,
                2,
                11,
                3,
                8,
                4,
                1,
                4,
                11,
                7,
                5,
                10
            ]
        ],