{
    "optimal_time": 155.0,
    "opt_compute_time:": 287.50104379002005,
    "spt_time": 193,
    "spt_compute_time": 14.027675125282258,
    "lpt_time": 216,
    "lpt_compute_time": 16.30013683019206,
    "n_jobs": 15,
    "n_resources": 15,
    "n_ops_per_job": 15,
    "max_op_time": 11,
    "jssp_identification": "15x15_3772_inst.json",
    "solution_optimality": "OPTIMAL",
    "jssp_instance": {
        "durations": [
            [
                8,
                4,
                1,
                9,
                11,
                6,
                6,
                2,
                7,
                2,
                7,
                10,
                9,
                1,
                8
            ],
            [
                1,
                3,
                9,
                7,
                6,
                8,
                9,
                6,
                3,
                4,
                3,
                9,
                5,
                1,
                11
            ],
            [
                3,
                7,
                11,
                4,
                3,
                2,
                10,
                6,
                2,
                9,
                10,
                9,
                11,
                5,
                6
            ],
            [
                10,
                6,
                7,
                9,
                3,
                6,
                4,
                4,
                5,
                10,
                5,
                5,
                2,
                10,
                10
            ],
            [
                8,
                1,
                3,
                11,
                6,
                11,
                4,
                6,
                3,
                4,
                9,
                7,
                4,
                1,
                2
            ],
            [
                8,
                5,
                2,
                3,
                4,
                9,
                9,
                3,
                11,
                3,
                9,
                1,
                3,
                3,
                4
            ],
            [
                2,
                7,
                5,
                6,
                3,
                10,
                2,
                5,
                9,
                2,
                8,
                6,
                8,
                4,
                9
            ],
            [
                5,
                9,
                5,
                7,
                6,
                9,
                1,
                7,
                8,
                9,
                3,
                6,
                6,
                11,
                6
            ],
            [
                4,
                7,
                11,
                2,
                6,
                6,
                4,
                11,
                1,
                2,
                9,
                5,
                9,
                6,
                11
            ],
            [
                7,
                11,
                3,
                9,
                1,
                6,
                2,
                4,
                10,
                9,
                11,
                10,
                2,
                3,
                8
            ],
            [
                10,
                8,
                4,
                4,
                6,
                10,
                8,
                10,
                11,
                2,
                8,
                11,
                11,
                10,
                5
            ],
            [
                7,
                7,
                11,
                6,
                11,
                8,
                6,
                11,
                9,
                8,
                10,
                1,
                8,
                10,
                3
            ],
            [
                10,
                2,
                1,
                1,
                5,
                8,
                11,
                3,
                8,
                6,
                5,
                10,
                11,
                11,
                7
            ],
            [
                4,
                10,
                8,
                10,
                5,
                3,
                9,
                7,
                7,
                11,
                8,
                4,
                2,
                1,
                9
            ],
            [
                7,
                1,
                3,
                5,
                10,
                2,
                5,
                1,
                4,
                7,
                3,
                7,
                5,
                8,
                4
            ]
        ],