{
    "optimal_time": 139.0,
    "opt_compute_time:": 42.07022086903453,
    "spt_time": 164,
    "spt_compute_time": 10.55647843470797,
    "lpt_time": 171,
    "lpt_compute_time": 12.670118208043277,
    "n_jobs": 15,
    "n_resources": 15,
    "n_ops_per_job": 15,
    "max_op_time": 11,
    "jssp_identification": "15x15_2429_inst.json",
    "solution_optimality": "OPTIMAL",
    "jssp_instance": {
        "durations": [
            [
                7,
                6,
                4,
                7,
                8,
                1,
                1,
                1,
                11,
                6,
                2,
                9,
                5,
                9,
                7
            ],
            [
                5,
                1,
                4,
                9,
                3,
                11,
                11,
                4,
                11,
                3,
                3,
                8,
                9,
                2,
                11
            ],
            [
                3,
                2,
                10,
                4,
                4,
                8,
                4,
                9,
                7,
                1,
                5,
                7,
                6,
                2,
                8
            ],
            [
                6,
                11,
                11,
                5,
                5,
                4,
                10,
                11,
                11,
                8,
                3,
                3,
                3,
                5,
                1
            ],
            [
                3,
                1,
                4,
                8,
                8,
                3,
                3,
                2,
                3,
                1,
                11,
                11,
                2,
                3,
                3
            ],
            [
                3,
                2,
                9,
                6,
                11,
                3,
                10,
                9,
                1,
                5,
                5,
                11,
                4,
                3,
                11
            ],
            [
                9,
                1,
                5,
                7,
                7,
                3,
                10,
                5,
                2,
                4,
                10,
                8,
                5,
                10,
                11
            ],
            [
                4,
                8,
                1,
                1,
                9,
                1,
                5,
                1,
                10,
                5,
                1,
                8,
                11,
                10,
                1
            ],
            [
                1,
                1,
                3,
                7,
                10,
                10,
                1,
                10,
                6,
                6,
                8,
                9,
                11,
                3,
                11
            ],
            [
                3,
                10,
                8,
                6,
                4,
                10,
                2,
                10,
                8,
                3,
                11,
                8,
                11,
                11,
                3
            ],
            [
                3,
                8,
                2,
                2,
                1,
                8,
                10,
                2,
                8,
                7,
                4,
                10,
                4,
                10,
                8
            ],
            [
                1,
                10,
                9,
                4,
                10,
                8,
                2,
                9,
                8,
                4,
                7,
                10,
                5,
                11,
                11
            ],
            [
                7,
                2,
                6,
                8,
                9,
                4,
                5,
                1,
                7,
                3,
                10,
                4,
                1,
                5,
                2
            ],
            [
                2,
                11,
                2,
                7,
                2,
                8,
                4,
                2,
                10,
                10,
                3,
                11,
                1,
                5,
                8
            ],
            [
                5,
                5,
                4,
                5,
                4,
                11,
                11,
                8,
                7,
                9,
                4,
                3,
                10,
                7,
                7
            ]
        ],