{
    "optimal_time": 137.0,
    "opt_compute_time:": 455.30995212402195,
    "spt_time": 161,
    "spt_compute_time": 13.190133044030517,
    "lpt_time": 192,
    "lpt_compute_time": 15.837702501565218,
    "n_jobs": 15,
    "n_resources": 15,
    "n_ops_per_job": 15,
    "max_op_time": 11,
    "jssp_identification": "15x15_3936_inst.json",
    "solution_optimality": "OPTIMAL",
    "jssp_instance": {
        "durations": [
            [
                5,
                6,
                1,
                3,
                5,
                9,
                4,
                4,
                8,
                5,
                3,
                2,
                9,
                9,
                8
            ],
            [
                6,
                7,
                5,
                3,
                2,
                6,
                2,
                1,
                10,
                8,
                7,
                5,
                11,
                9,
                11
            ],
            [
                6,
                7,
                2,
                8,
                11,
                1,
                7,
                10,
                9,
                5,
                8,
                2,
                9,
                11,
                3
            ],
            [
                4,
                6,
                5,
                1,
                11,
                7,
                6,
                1,
                7,
                2,
                6,
                5,
                8,
                10,
                8
            ],
            [
                4,
                6,
                10,
                1,
                7,
                5,
                5,
                4,
                11,
                2,
                6,
                2,
                6,
                10,
                7
            ],
            [
                9,
                8,
                5,
                4,
                7,
                6,
                11,
                5,
                5,
                3,
                1,
                5,
                2,
                6,
                8
            ],
            [
                2,
                1,
                9,
                11,
                11,
                4,
                2,
                3,
                2,
                5,
                7,
                10,
                6,
                2,
                8
            ],
            [
                4,
                8,
                1,
                1,
                2,
                2,
                4,
                8,
                2,
                10,
                2,
                9,
                1,
                8,
                11
            ],
            [
                10,
                10,
                3,
                8,
                11,
                1,
                3,
                2,
                4,
                11,
                6,
                11,
                11,
                7,
                2
            ],
            [
                1,
                1,
                11,
                6,
                3,
                10,
                3,
                5,
                3,
                11,
                8,
                4,
                5,
                2,
                1
            ],
            [
                3,
                1,
                7,
                5,
                6,
                11,
                6,
                9,
                2,
                8,
                9,
                8,
                11,
                1,
                2
            ],
            [
                10,
                8,
                9,
                7,
                2,
                10,
                7,
                6,
                10,
                5,
                2,
                11,
                4,
                5,
                11
            ],
            [
                11,
                1,
                10,
                7,
                6,
                2,
                10,
                5,
                7,
                5,
                6,
                11,
                6,
                9,
                10
            ],
            [
                10,
                11,
                11,
                1,
                3,
                6,
                7,
                4,
                11,
                3,
                4,
                5,
                3,
                11,
                2
            ],
            [
                8,
                1,
                3,
                9,
                1,
                10,
                6,
                5,
                9,
                11,
                9,
                2,
                6,
                4,
                3
            ]
        ],