{
    "optimal_time": 144.0,
    "opt_compute_time:": 3.9568462101742625,
    "spt_time": 189,
    "spt_compute_time": 12.861862977966666,
    "lpt_time": 193,
    "lpt_compute_time": 15.810510856099427,
    "n_jobs": 15,
    "n_resources": 15,
    "n_ops_per_job": 15,
    "max_op_time": 11,
    "jssp_identification": "15x15_3422_inst.json",
    "solution_optimality": "OPTIMAL",
    "jssp_instance": {
        "durations": [
            [
                8,
                5,
                1,
                4,
                11,
                7,
                9,
                8,
                11,
                7,
                11,
                9,
                7,
                9,
                8
            ],
            [
                5,
                2,
                3,
                8,
                4,
                5,
                10,
                9,
                9,
                9,
                1,
                10,
                8,
                7,
                4
            ],
            [
                1,
                8,
                9,
                5,
                4,
                8,
                10,
                3,
                2,
                4,
                3,
                11,
                11,
                9,
                7
            ],
            [
                6,
                9,
                2,
                3,
                11,
                9,
                1,
                11,
                6,
                11,
                10,
                5,
                4,
                9,
                9
            ],
            [
                10,
                3,
                7,
                6,
                9,
                4,
                6,
                2,
                1,
                7,
                10,
                10,
                11,
                11,
                8
            ],
            [
                9,
                6,
                5,
                2,
                5,
                10,
                5,
                1,
                6,
                2,
                2,
                10,
                9,
                9,
                10
            ],
            [
                1,
                4,
                4,
                6,
                1,
                11,
                8,
                7,
                4,
                2,
                11,
                4,
                10,
                2,
                4
            ],
            [
                10,
                7,
                11,
                11,
                3,
                5,
                2,
                9,
                10,
                11,
                11,
                8,
                7,
                5,
                9
            ],
            [
                4,
                5,
                6,
                7,
                5,
                8,
                11,
                4,
                4,
                1,
                6,
                7,
                3,
                6,
                2
            ],
            [
                9,
                8,
                3,
                6,
                5,
                7,
                7,
                1,
                8,
                3,
                9,
                7,
                3,
                2,
                10
            ],
            [
                9,
                6,
                5,
                6,
                1,
                6,
                9,
                8,
                6,
                7,
                3,
                5,
                11,
                2,
                4
            ],
            [
                7,
                9,
                9,
                10,
                2,
                8,
                3,
                4,
                11,
                6,
                10,
                1,
                3,
                7,
                10
            ],
            [
                1,
                6,
                7,
                3,
                3,
                6,
                7,
                6,
                1,
                10,
                8,
                6,
                5,
                7,
                4
            ],
            [
                5,
                5,
                5,
                2,
                7,
                3,
                9,
                7,
                1,
                11,
                9,
                1,
                9,
                1,
                7
            ],
            [
                4,
                9,
                11,
                9,
                7,
                11,
                8,
                11,
                1,
                1,
                5,
                5,
                4,
                3,
                9
            ]
        ],