{
    "optimal_time": 135.0,
    "opt_compute_time:": 42.074509204830974,
    "spt_time": 179,
    "spt_compute_time": 11.627105826046318,
    "lpt_time": 196,
    "lpt_compute_time": 12.933145598974079,
    "n_jobs": 15,
    "n_resources": 15,
    "n_ops_per_job": 15,
    "max_op_time": 11,
    "jssp_identification": "15x15_1388_inst.json",
    "solution_optimality": "OPTIMAL",
    "jssp_instance": {
        "durations": [
            [
                9,
                9,
                5,
                3,
                5,
                7,
                4,
                4,
                4,
                7,
                11,
                6,
                8,
                7,
                10
            ],
            [
                2,
                11,
                3,
                1,
                8,
                5,
                7,
                4,
                2,
                2,
                5,
                6,
                1,
                6,
                11
            ],
            [
                2,
                10,
                10,
                4,
                6,
                3,
                4,
                1,
                3,
                5,
                4,
                3,
                10,
                8,
                8
            ],
            [
                6,
                6,
                2,
                4,
                3,
                4,
                11,
                11,
                11,
                11,
                4,
                6,
                3,
                1,
                4
            ],
            [
                6,
                7,
                11,
                5,
                11,
                8,
                1,
                6,
                10,
                10,
                6,
                1,
                6,
                4,
                5
            ],
            [
                5,
                1,
                8,
                7,
                4,
                4,
                4,
                2,
                10,
                4,
                4,
                5,
                3,
                9,
                2
            ],
            [
                10,
                8,
                4,
                7,
                1,
                9,
                11,
                7,
                9,
                10,
                11,
                8,
                2,
                6,
                1
            ],
            [
                11,
                6,
                5,
                10,
                2,
                10,
                4,
                1,
                8,
                4,
                8,
                9,
                5,
                3,
                9
            ],
            [
                5,
                10,
                2,
                2,
                9,
                5,
                9,
                6,
                7,
                6,
                10,
                2,
                1,
                5,
                10
            ],
            [
                11,
                9,
                2,
                8,
                9,
                1,
                4,
                4,
                9,
                2,
                5,
                8,
                10,
                5,
                1
            ],
            [
                6,
                4,
                6,
                5,
                10,
                1,
                5,
                6,
                8,
                4,
                8,
                1,
                5,
                4,
                1
            ],
            [
                2,
                9,
                2,
                4,
                7,
                9,
                3,
                6,
                9,
                5,
                8,
                4,
                10,
                1,
                9
            ],
            [
                5,
                5,
                5,
                6,
                1,
                5,
                4,
                1,
                2,
                5,
                7,
                11,
                9,
                8,
                2
            ],
            [
                3,
                11,
                8,
                5,
                9,
                5,
                2,
                9,
                6,
                8,
                4,
                8,
                7,
                1,
                4
            ],
            [
                8,
                4,
                10,
                10,
                8,
                1,
                6,
                5,
                3,
                6,
                2,
                7,
                10,
                1,
                10
            ]
        ],