{
    "optimal_time": 131.0,
    "opt_compute_time:": 128.21276688482612,
    "spt_time": 164,
    "spt_compute_time": 11.543772537726909,
    "lpt_time": 181,
    "lpt_compute_time": 12.44782092096284,
    "n_jobs": 15,
    "n_resources": 15,
    "n_ops_per_job": 15,
    "max_op_time": 11,
    "jssp_identification": "15x15_2948_inst.json",
    "solution_optimality": "OPTIMAL",
    "jssp_instance": {
        "durations": [
            [
                3,
                2,
                9,
                10,
                2,
                5,
                8,
                5,
                3,
                4,
                1,
                10,
                7,
                7,
                8
            ],
            [
                6,
                7,
                5,
                7,
                3,
                5,
                10,
                8,
                7,
                7,
                7,
                9,
                7,
                1,
                2
            ],
            [
                9,
                2,
                8,
                11,
                1,
                5,
                3,
                5,
                9,
                4,
                4,
                8,
                10,
                7,
                1
            ],
            [
                3,
                3,
                11,
                2,
                6,
                6,
                6,
                9,
                1,
                9,
                5,
                7,
                6,
                6,
                3
            ],
            [
                4,
                2,
                4,
                3,
                11,
                5,
                10,
                8,
                1,
                11,
                10,
                6,
                3,
                2,
                3
            ],
            [
                2,
                9,
                1,
                9,
                2,
                3,
                7,
                11,
                6,
                1,
                2,
                1,
                7,
                1,
                1
            ],
            [
                10,
                10,
                7,
                5,
                1,
                6,
                1,
                8,
                3,
                5,
                9,
                3,
                2,
                6,
                4
            ],
            [
                8,
                8,
                9,
                5,
                6,
                9,
                6,
                8,
                2,
                9,
                2,
                3,
                1,
                9,
                6
            ],
            [
                2,
                5,
                4,
                6,
                7,
                5,
                3,
                2,
                1,
                10,
                8,
                5,
                3,
                2,
                7
            ],
            [
                10,
                6,
                8,
                3,
                3,
                1,
                7,
                4,
                7,
                6,
                10,
                1,
                1,
                6,
                7
            ],
            [
                11,
                5,
                9,
                2,
                1,
                11,
                9,
                1,
                5,
                3,
                11,
                7,
                2,
                8,
                2
            ],
            [
                2,
                1,
                8,
                3,
                4,
                3,
                10,
                11,
                3,
                1,
                6,
                4,
                6,
                8,
                8
            ],
            [
                5,
                11,
                4,
                10,
                1,
                9,
                8,
                9,
                5,
                9,
                9,
                1,
                4,
                8,
                6
            ],
            [
                3,
                1,
                5,
                6,
                7,
                3,
                10,
                3,
                6,
                7,
                8,
                4,
                2,
                5,
                3
            ],
            [
                1,
                7,
                5,
                5,
                2,
                10,
                9,
                4,
                3,
                9,
                2,
                11,
                11,
                6,
                10
            ]
        ],