{
    "optimal_time": 142.0,
    "opt_compute_time:": 26.284639663994312,
    "spt_time": 181,
    "spt_compute_time": 13.08379646576941,
    "lpt_time": 188,
    "lpt_compute_time": 15.682713912799954,
    "n_jobs": 15,
    "n_resources": 15,
    "n_ops_per_job": 15,
    "max_op_time": 11,
    "jssp_identification": "15x15_3927_inst.json",
    "solution_optimality": "OPTIMAL",
    "jssp_instance": {
        "durations": [
            [
                2,
                7,
                1,
                10,
                2,
                3,
                4,
                8,
                2,
                11,
                8,
                8,
                8,
                2,
                4
            ],
            [
                5,
                5,
                8,
                11,
                11,
                9,
                10,
                2,
                10,
                6,
                1,
                3,
                4,
                4,
                6
            ],
            [
                4,
                11,
                6,
                8,
                8,
                2,
                1,
                4,
                4,
                6,
                3,
                2,
                4,
                5,
                8
            ],
            [
                9,
                11,
                7,
                2,
                8,
                5,
                2,
                10,
                6,
                2,
                11,
                10,
                4,
                6,
                4
            ],
            [
                1,
                2,
                11,
                8,
                2,
                2,
                6,
                6,
                11,
                10,
                7,
                1,
                11,
                4,
                1
            ],
            [
                7,
                1,
                7,
                7,
                9,
                5,
                3,
                11,
                11,
                11,
                11,
                6,
                7,
                6,
                3
            ],
            [
                10,
                1,
                11,
                7,
                10,
                8,
                9,
                10,
                9,
                7,
                9,
                1,
                2,
                8,
                4
            ],
            [
                11,
                5,
                8,
                8,
                3,
                1,
                9,
                10,
                8,
                8,
                7,
                2,
                7,
                4,
                5
            ],
            [
                1,
                11,
                4,
                3,
                2,
                8,
                6,
                3,
                7,
                9,
                9,
                3,
                1,
                8,
                3
            ],
            [
                7,
                9,
                5,
                10,
                9,
                1,
                6,
                3,
                2,
                5,
                1,
                5,
                1,
                10,
                9
            ],
            [
                11,
                6,
                1,
                10,
                1,
                6,
                2,
                3,
                9,
                3,
                1,
                11,
                9,
                1,
                7
            ],
            [
                4,
                11,
                9,
                10,
                2,
                4,
                2,
                5,
                3,
                2,
                9,
                10,
                3,
                4,
                1
            ],
            [
                3,
                1,
                6,
                1,
                1,
                11,
                11,
                9,
                6,
                6,
                1,
                11,
                1,
                2,
                2
            ],
            [
                7,
                10,
                5,
                9,
                8,
                7,
                3,
                3,
                7,
                7,
                10,
                3,
                1,
                8,
                10
            ],
            [
                5,
                6,
                1,
                3,
                1,
                4,
                11,
                7,
                6,
                4,
                11,
                5,
                6,
                10,
                11
            ]
        ],