{
    "optimal_time": 142.0,
    "opt_compute_time:": 23.762206871062517,
    "spt_time": 187,
    "spt_compute_time": 12.492881748825312,
    "lpt_time": 201,
    "lpt_compute_time": 17.035644710063934,
    "n_jobs": 15,
    "n_resources": 15,
    "n_ops_per_job": 15,
    "max_op_time": 11,
    "jssp_identification": "15x15_3726_inst.json",
    "solution_optimality": "OPTIMAL",
    "jssp_instance": {
        "durations": [
            [
                6,
                5,
                3,
                5,
                3,
                7,
                6,
                7,
                10,
                8,
                7,
                6,
                10,
                10,
                8
            ],
            [
                7,
                2,
                6,
                7,
                11,
                3,
                9,
                10,
                7,
                8,
                10,
                7,
                4,
                5,
                10
            ],
            [
                9,
                3,
                5,
                5,
                5,
                11,
                11,
                7,
                4,
                8,
                9,
                11,
                5,
                8,
                1
            ],
            [
                1,
                2,
                5,
                1,
                3,
                9,
                3,
                3,
                9,
                3,
                2,
                6,
                7,
                8,
                10
            ],
            [
                6,
                7,
                2,
                1,
                11,
                11,
                2,
                10,
                4,
                7,
                10,
                7,
                9,
                9,
                8
            ],
            [
                5,
                7,
                11,
                4,
                5,
                6,
                6,
                7,
                10,
                3,
                6,
                8,
                4,
                8,
                5
            ],
            [
                4,
                6,
                3,
                9,
                4,
                7,
                1,
                9,
                4,
                2,
                10,
                10,
                4,
                3,
                6
            ],
            [
                1,
                2,
                9,
                10,
                1,
                9,
                7,
                11,
                6,
                8,
                2,
                9,
                9,
                10,
                4
            ],
            [
                1,
                11,
                10,
                4,
                3,
                3,
                10,
                10,
                2,
                7,
                1,
                3,
                6,
                1,
                3
            ],
            [
                7,
                8,
                4,
                1,
                6,
                2,
                6,
                9,
                5,
                3,
                11,
                5,
                2,
                8,
                1
            ],
            [
                7,
                3,
                4,
                2,
                7,
                5,
                2,
                9,
                8,
                3,
                7,
                4,
                7,
                1,
                7
            ],
            [
                6,
                3,
                10,
                6,
                10,
                2,
                7,
                1,
                3,
                1,
                5,
                11,
                5,
                8,
                5
            ],
            [
                11,
                10,
                7,
                2,
                11,
                1,
                9,
                9,
                10,
                3,
                5,
                11,
                9,
                4,
                2
            ],
            [
                3,
                7,
                5,
                10,
                8,
                8,
                10,
                4,
                3,
                2,
                7,
                10,
                11,
                6,
                1
            ],
            [
                9,
                6,
                6,
                10,
                6,
                10,
                6,
                6,
                6,
                8,
                10,
                10,
                4,
                10,
                10
            ]
        ],