{
    "optimal_time": 146.0,
    "opt_compute_time:": 2.1204176358878613,
    "spt_time": 167,
    "spt_compute_time": 11.176189729012549,
    "lpt_time": 208,
    "lpt_compute_time": 14.10022083716467,
    "n_jobs": 15,
    "n_resources": 15,
    "n_ops_per_job": 15,
    "max_op_time": 11,
    "jssp_identification": "15x15_1384_inst.json",
    "solution_optimality": "OPTIMAL",
    "jssp_instance": {
        "durations": [
            [
                5,
                6,
                11,
                7,
                8,
                2,
                11,
                6,
                8,
                11,
                6,
                3,
                4,
                10,
                11
            ],
            [
                10,
                7,
                11,
                5,
                10,
                7,
                9,
                10,
                9,
                8,
                4,
                9,
                5,
                3,
                2
            ],
            [
                2,
                7,
                5,
                6,
                1,
                8,
                8,
                1,
                3,
                7,
                1,
                10,
                6,
                2,
                5
            ],
            [
                11,
                10,
                3,
                9,
                10,
                11,
                6,
                5,
                10,
                10,
                11,
                10,
                10,
                7,
                10
            ],
            [
                11,
                6,
                11,
                4,
                3,
                10,
                2,
                3,
                5,
                4,
                1,
                9,
                8,
                4,
                2
            ],
            [
                5,
                1,
                6,
                6,
                4,
                1,
                1,
                3,
                11,
                4,
                8,
                10,
                8,
                3,
                11
            ],
            [
                2,
                5,
                1,
                7,
                5,
                7,
                4,
                8,
                2,
                9,
                8,
                4,
                9,
                3,
                9
            ],
            [
                1,
                5,
                5,
                2,
                2,
                9,
                11,
                7,
                9,
                1,
                3,
                6,
                4,
                6,
                2
            ],
            [
                2,
                8,
                7,
                10,
                7,
                11,
                5,
                11,
                1,
                8,
                11,
                6,
                7,
                9,
                7
            ],
            [
                5,
                5,
                4,
                9,
                8,
                1,
                5,
                11,
                7,
                8,
                8,
                8,
                9,
                8,
                2
            ],
            [
                3,
                6,
                4,
                10,
                6,
                9,
                11,
                2,
                3,
                2,
                9,
                2,
                6,
                9,
                9
            ],
            [
                6,
                8,
                9,
                1,
                11,
                9,
                5,
                5,
                5,
                1,
                7,
                1,
                6,
                10,
                8
            ],
            [
                2,
                7,
                1,
                6,
                7,
                1,
                5,
                10,
                4,
                5,
                7,
                8,
                2,
                8,
                7
            ],
            [
                9,
                2,
                5,
                6,
                1,
                6,
                10,
                10,
                4,
                8,
                10,
                9,
                8,
                1,
                9
            ],
            [
                3,
                3,
                3,
                1,
                3,
                7,
                10,
                1,
                5,
                4,
                5,
                6,
                8,
                10,
                1
            ]
        ],