{
    "optimal_time": 136.0,
    "opt_compute_time:": 7.67797720618546,
    "spt_time": 156,
    "spt_compute_time": 11.193872731178999,
    "lpt_time": 203,
    "lpt_compute_time": 12.757634259294719,
    "n_jobs": 15,
    "n_resources": 15,
    "n_ops_per_job": 15,
    "max_op_time": 11,
    "jssp_identification": "15x15_2347_inst.json",
    "solution_optimality": "OPTIMAL",
    "jssp_instance": {
        "durations": [
            [
                3,
                5,
                4,
                7,
                10,
                5,
                3,
                2,
                1,
                3,
                1,
                2,
                1,
                7,
                6
            ],
            [
                1,
                4,
                11,
                5,
                5,
                9,
                1,
                7,
                9,
                1,
                8,
                11,
                8,
                10,
                1
            ],
            [
                4,
                4,
                8,
                2,
                6,
                2,
                6,
                8,
                3,
                9,
                9,
                2,
                10,
                3,
                8
            ],
            [
                2,
                6,
                7,
                2,
                3,
                8,
                7,
                9,
                6,
                4,
                11,
                10,
                10,
                11,
                2
            ],
            [
                3,
                10,
                2,
                5,
                7,
                3,
                10,
                10,
                1,
                6,
                3,
                6,
                6,
                4,
                2
            ],
            [
                10,
                1,
                3,
                5,
                3,
                4,
                6,
                10,
                5,
                2,
                5,
                4,
                2,
                10,
                4
            ],
            [
                6,
                11,
                10,
                2,
                2,
                1,
                2,
                7,
                6,
                1,
                2,
                9,
                8,
                2,
                4
            ],
            [
                2,
                11,
                10,
                1,
                1,
                11,
                4,
                6,
                7,
                6,
                3,
                11,
                5,
                10,
                7
            ],
            [
                7,
                8,
                1,
                6,
                7,
                2,
                2,
                8,
                7,
                9,
                11,
                5,
                7,
                9,
                5
            ],
            [
                8,
                6,
                11,
                5,
                3,
                10,
                5,
                11,
                5,
                6,
                2,
                6,
                9,
                1,
                9
            ],
            [
                4,
                10,
                4,
                4,
                3,
                1,
                6,
                5,
                6,
                7,
                3,
                4,
                7,
                11,
                5
            ],
            [
                6,
                10,
                3,
                3,
                7,
                9,
                6,
                10,
                3,
                9,
                6,
                6,
                5,
                5,
                1
            ],
            [
                4,
                3,
                7,
                6,
                3,
                9,
                9,
                3,
                4,
                6,
                3,
                8,
                6,
                8,
                9
            ],
            [
                6,
                5,
                10,
                3,
                1,
                8,
                9,
                9,
                11,
                2,
                10,
                2,
                9,
                11,
                4
            ],
            [
                3,
                7,
                6,
                2,
                10,
                3,
                11,
                11,
                1,
                9,
                11,
                1,
                6,
                7,
                4
            ]
        ],