{
    "optimal_time": 144.0,
    "opt_compute_time:": 346.4709790991619,
    "spt_time": 195,
    "spt_compute_time": 12.597503575962037,
    "lpt_time": 200,
    "lpt_compute_time": 13.07167233992368,
    "n_jobs": 15,
    "n_resources": 15,
    "n_ops_per_job": 15,
    "max_op_time": 11,
    "jssp_identification": "15x15_1817_inst.json",
    "solution_optimality": "OPTIMAL",
    "jssp_instance": {
        "durations": [
            [
                3,
                4,
                10,
                4,
                1,
                3,
                10,
                11,
                8,
                6,
                6,
                11,
                11,
                10,
                9
            ],
            [
                5,
                9,
                2,
                4,
                3,
                9,
                4,
                5,
                2,
                11,
                2,
                3,
                1,
                10,
                5
            ],
            [
                5,
                6,
                4,
                4,
                9,
                5,
                2,
                3,
                1,
                8,
                6,
                3,
                7,
                6,
                5
            ],
            [
                11,
                7,
                2,
                5,
                7,
                7,
                6,
                5,
                2,
                11,
                2,
                5,
                10,
                8,
                9
            ],
            [
                10,
                6,
                3,
                7,
                1,
                6,
                11,
                2,
                3,
                9,
                3,
                5,
                2,
                11,
                1
            ],
            [
                1,
                10,
                1,
                11,
                1,
                9,
                9,
                11,
                3,
                8,
                2,
                5,
                10,
                2,
                11
            ],
            [
                9,
                11,
                11,
                6,
                5,
                2,
                1,
                6,
                2,
                4,
                6,
                11,
                11,
                5,
                5
            ],
            [
                5,
                7,
                7,
                5,
                1,
                2,
                5,
                5,
                3,
                8,
                10,
                10,
                1,
                5,
                1
            ],
            [
                1,
                4,
                9,
                3,
                8,
                7,
                1,
                9,
                6,
                6,
                2,
                9,
                6,
                7,
                2
            ],
            [
                9,
                10,
                7,
                4,
                11,
                6,
                8,
                8,
                2,
                8,
                1,
                9,
                9,
                3,
                3
            ],
            [
                9,
                10,
                1,
                2,
                4,
                9,
                10,
                9,
                7,
                2,
                11,
                9,
                9,
                1,
                9
            ],
            [
                2,
                11,
                4,
                3,
                1,
                2,
                4,
                11,
                6,
                9,
                2,
                8,
                10,
                6,
                9
            ],
            [
                2,
                8,
                8,
                10,
                7,
                9,
                7,
                9,
                11,
                8,
                10,
                1,
                9,
                4,
                11
            ],
            [
                7,
                6,
                3,
                7,
                11,
                3,
                4,
                9,
                1,
                5,
                11,
                11,
                5,
                9,
                6
            ],
            [
                3,
                5,
                1,
                1,
                11,
                9,
                7,
                7,
                5,
                3,
                4,
                11,
                4,
                8,
                2
            ]
        ],