{
    "optimal_time": 147.0,
    "opt_compute_time:": 46.20946838520467,
    "spt_time": 188,
    "spt_compute_time": 13.693171374034137,
    "lpt_time": 186,
    "lpt_compute_time": 15.283176252618432,
    "n_jobs": 15,
    "n_resources": 15,
    "n_ops_per_job": 15,
    "max_op_time": 11,
    "jssp_identification": "15x15_2504_inst.json",
    "solution_optimality": "OPTIMAL",
    "jssp_instance": {
        "durations": [
            [
                8,
                3,
                7,
                8,
                3,
                2,
                5,
                1,
                4,
                11,
                9,
                10,
                9,
                2,
                9
            ],
            [
                11,
                10,
                1,
                6,
                2,
                8,
                3,
                3,
                10,
                9,
                3,
                2,
                2,
                8,
                2
            ],
            [
                3,
                1,
                2,
                11,
                8,
                6,
                7,
                11,
                11,
                9,
                4,
                4,
                9,
                10,
                7
            ],
            [
                1,
                9,
                3,
                1,
                11,
                8,
                11,
                11,
                7,
                10,
                5,
                2,
                10,
                6,
                7
            ],
            [
                3,
                3,
                5,
                7,
                6,
                11,
                11,
                9,
                11,
                10,
                9,
                2,
                2,
                10,
                7
            ],
            [
                3,
                11,
                9,
                11,
                3,
                7,
                1,
                8,
                8,
                9,
                7,
                9,
                5,
                10,
                3
            ],
            [
                5,
                6,
                4,
                1,
                1,
                1,
                8,
                2,
                9,
                5,
                7,
                1,
                5,
                8,
                1
            ],
            [
                8,
                11,
                1,
                11,
                4,
                9,
                11,
                3,
                4,
                9,
                2,
                2,
                1,
                2,
                2
            ],
            [
                10,
                10,
                6,
                9,
                3,
                9,
                9,
                10,
                5,
                8,
                9,
                11,
                3,
                6,
                1
            ],
            [
                9,
                8,
                5,
                1,
                7,
                8,
                4,
                9,
                11,
                11,
                4,
                4,
                2,
                6,
                7
            ],
            [
                10,
                4,
                11,
                3,
                5,
                8,
                3,
                4,
                2,
                11,
                8,
                7,
                11,
                4,
                7
            ],
            [
                6,
                7,
                8,
                10,
                3,
                5,
                7,
                6,
                6,
                5,
                5,
                7,
                2,
                11,
                1
            ],
            [
                9,
                7,
                8,
                6,
                6,
                8,
                2,
                11,
                3,
                2,
                2,
                10,
                8,
                3,
                3
            ],
            [
                9,
                4,
                2,
                4,
                10,
                6,
                11,
                4,
                5,
                3,
                3,
                11,
                11,
                2,
                5
            ],
            [
                9,
                6,
                8,
                10,
                3,
                8,
                10,
                9,
                6,
                9,
                5,
                2,
                10,
                11,
                7
            ]
        ],