{
    "optimal_time": 143.0,
    "opt_compute_time:": 10.53859049640596,
    "spt_time": 192,
    "spt_compute_time": 11.668757404666394,
    "lpt_time": 207,
    "lpt_compute_time": 14.791695605963469,
    "n_jobs": 15,
    "n_resources": 15,
    "n_ops_per_job": 15,
    "max_op_time": 11,
    "jssp_identification": "15x15_2268_inst.json",
    "solution_optimality": "OPTIMAL",
    "jssp_instance": {
        "durations": [
            [
                1,
                7,
                2,
                10,
                8,
                4,
                8,
                11,
                1,
                2,
                11,
                9,
                2,
                2,
                5
            ],
            [
                10,
                10,
                2,
                7,
                9,
                3,
                8,
                10,
                11,
                3,
                8,
                2,
                7,
                5,
                5
            ],
            [
                5,
                9,
                9,
                9,
                11,
                8,
                5,
                1,
                10,
                11,
                10,
                9,
                6,
                11,
                8
            ],
            [
                3,
                8,
                2,
                5,
                1,
                4,
                9,
                2,
                9,
                3,
                7,
                10,
                6,
                6,
                7
            ],
            [
                9,
                6,
                8,
                8,
                1,
                9,
                10,
                5,
                8,
                10,
                7,
                1,
                11,
                4,
                8
            ],
            [
                6,
                8,
                4,
                7,
                8,
                4,
                2,
                1,
                8,
                7,
                11,
                3,
                1,
                6,
                4
            ],
            [
                11,
                6,
                7,
                1,
                4,
                6,
                1,
                3,
                1,
                1,
                1,
                9,
                3,
                1,
                6
            ],
            [
                6,
                10,
                6,
                9,
                11,
                11,
                9,
                7,
                7,
                3,
                1,
                2,
                8,
                9,
                9
            ],
            [
                7,
                1,
                7,
                6,
                4,
                8,
                2,
                6,
                2,
                8,
                7,
                5,
                5,
                7,
                11
            ],
            [
                10,
                7,
                4,
                8,
                7,
                1,
                8,
                10,
                4,
                10,
                3,
                4,
                1,
                6,
                3
            ],
            [
                2,
                3,
                6,
                9,
                11,
                5,
                4,
                7,
                11,
                9,
                4,
                2,
                9,
                5,
                2
            ],
            [
                4,
                10,
                2,
                6,
                4,
                7,
                2,
                11,
                10,
                4,
                2,
                10,
                10,
                5,
                1
            ],
            [
                11,
                11,
                3,
                7,
                6,
                7,
                5,
                2,
                1,
                11,
                10,
                4,
                10,
                4,
                6
            ],
            [
                5,
                4,
                6,
                2,
                1,
                8,
                9,
                11,
                5,
                8,
                11,
                6,
                5,
                9,
                11
            ],
            [
                4,
                2,
                1,
                2,
                4,
                1,
                11,
                5,
                4,
                6,
                8,
                4,
                10,
                1,
                10
            ]
        ],