{
    "optimal_time": 142.0,
    "opt_compute_time:": 33.032852600794286,
    "spt_time": 195,
    "spt_compute_time": 11.768962278030813,
    "lpt_time": 191,
    "lpt_compute_time": 14.581173363141716,
    "n_jobs": 15,
    "n_resources": 15,
    "n_ops_per_job": 15,
    "max_op_time": 11,
    "jssp_identification": "15x15_2851_inst.json",
    "solution_optimality": "OPTIMAL",
    "jssp_instance": {
        "durations": [
            [
                1,
                1,
                7,
                10,
                8,
                3,
                1,
                10,
                3,
                5,
                9,
                8,
                11,
                4,
                5
            ],
            [
                4,
                8,
                11,
                11,
                9,
                6,
                5,
                1,
                5,
                5,
                4,
                5,
                1,
                1,
                4
            ],
            [
                8,
                6,
                9,
                5,
                4,
                3,
                8,
                11,
                8,
                2,
                1,
                4,
                5,
                9,
                1
            ],
            [
                7,
                8,
                9,
                11,
                10,
                10,
                7,
                1,
                1,
                5,
                1,
                4,
                5,
                9,
                4
            ],
            [
                10,
                5,
                3,
                2,
                11,
                3,
                2,
                8,
                10,
                1,
                6,
                8,
                2,
                3,
                1
            ],
            [
                8,
                6,
                8,
                9,
                5,
                11,
                11,
                5,
                5,
                8,
                6,
                7,
                4,
                1,
                7
            ],
            [
                2,
                3,
                8,
                11,
                7,
                9,
                10,
                2,
                11,
                2,
                5,
                2,
                7,
                1,
                9
            ],
            [
                9,
                8,
                5,
                10,
                7,
                2,
                7,
                10,
                5,
                1,
                7,
                6,
                9,
                8,
                2
            ],
            [
                5,
                5,
                6,
                5,
                5,
                6,
                3,
                3,
                8,
                7,
                4,
                10,
                2,
                6,
                4
            ],
            [
                5,
                10,
                11,
                2,
                4,
                10,
                11,
                11,
                6,
                4,
                3,
                3,
                8,
                5,
                5
            ],
            [
                10,
                2,
                6,
                6,
                6,
                6,
                9,
                7,
                7,
                8,
                8,
                4,
                9,
                4,
                3
            ],
            [
                3,
                3,
                3,
                5,
                11,
                4,
                3,
                1,
                1,
                7,
                10,
                10,
                6,
                9,
                7
            ],
            [
                10,
                3,
                3,
                4,
                3,
                9,
                10,
                7,
                8,
                8,
                9,
                10,
                7,
                7,
                4
            ],
            [
                10,
                10,
                8,
                8,
                6,
                11,
                10,
                11,
                4,
                8,
                5,
                3,
                7,
                4,
                11
            ],
            [
                4,
                10,
                7,
                7,
                9,
                3,
                10,
                2,
                10,
                9,
                8,
                5,
                1,
                2,
                3
            ]
        ],