{
    "optimal_time": 148.0,
    "opt_compute_time:": 68.957081544213,
    "spt_time": 180,
    "spt_compute_time": 11.725372031796724,
    "lpt_time": 208,
    "lpt_compute_time": 14.252534876111895,
    "n_jobs": 15,
    "n_resources": 15,
    "n_ops_per_job": 15,
    "max_op_time": 11,
    "jssp_identification": "15x15_1797_inst.json",
    "solution_optimality": "OPTIMAL",
    "jssp_instance": {
        "durations": [
            [
                5,
                8,
                11,
                7,
                11,
                9,
                10,
                2,
                10,
                4,
                9,
                5,
                5,
                5,
                6
            ],
            [
                11,
                11,
                9,
                5,
                1,
                1,
                11,
                1,
                4,
                5,
                7,
                8,
                3,
                11,
                2
            ],
            [
                11,
                11,
                8,
                11,
                9,
                5,
                7,
                6,
                6,
                6,
                9,
                7,
                11,
                3,
                3
            ],
            [
                3,
                2,
                11,
                3,
                8,
                5,
                8,
                2,
                6,
                7,
                10,
                5,
                4,
                3,
                8
            ],
            [
                7,
                7,
                8,
                11,
                7,
                2,
                6,
                11,
                7,
                3,
                9,
                11,
                8,
                5,
                11
            ],
            [
                10,
                2,
                6,
                10,
                4,
                6,
                8,
                10,
                8,
                1,
                3,
                9,
                10,
                11,
                10
            ],
            [
                10,
                5,
                10,
                7,
                7,
                11,
                11,
                8,
                1,
                9,
                2,
                5,
                10,
                8,
                1
            ],
            [
                7,
                11,
                4,
                5,
                11,
                1,
                9,
                9,
                8,
                3,
                6,
                2,
                9,
                1,
                8
            ],
            [
                6,
                2,
                2,
                11,
                6,
                11,
                8,
                10,
                2,
                4,
                9,
                1,
                9,
                4,
                5
            ],
            [
                1,
                4,
                1,
                1,
                4,
                4,
                3,
                2,
                2,
                9,
                2,
                6,
                3,
                11,
                11
            ],
            [
                2,
                3,
                8,
                11,
                6,
                4,
                6,
                4,
                8,
                5,
                11,
                5,
                7,
                7,
                10
            ],
            [
                8,
                10,
                9,
                11,
                1,
                11,
                6,
                1,
                11,
                4,
                4,
                9,
                7,
                3,
                6
            ],
            [
                9,
                4,
                7,
                7,
                10,
                11,
                2,
                9,
                6,
                8,
                8,
                6,
                2,
                1,
                4
            ],
            [
                3,
                6,
                7,
                1,
                11,
                6,
                10,
                10,
                1,
                6,
                4,
                10,
                8,
                8,
                4
            ],
            [
                11,
                8,
                1,
                8,
                9,
                4,
                10,
                6,
                2,
                9,
                11,
                10,
                8,
                7,
                1
            ]
        ],