{
    "optimal_time": 139.0,
    "opt_compute_time:": 49.39021125761792,
    "spt_time": 181,
    "spt_compute_time": 10.833781092893332,
    "lpt_time": 210,
    "lpt_compute_time": 13.101891770027578,
    "n_jobs": 15,
    "n_resources": 15,
    "n_ops_per_job": 15,
    "max_op_time": 11,
    "jssp_identification": "15x15_1124_inst.json",
    "solution_optimality": "OPTIMAL",
    "jssp_instance": {
        "durations": [
            [
                10,
                1,
                5,
                4,
                7,
                3,
                11,
                2,
                7,
                7,
                10,
                8,
                11,
                3,
                8
            ],
            [
                6,
                1,
                4,
                3,
                4,
                4,
                11,
                1,
                6,
                4,
                6,
                4,
                11,
                7,
                7
            ],
            [
                10,
                7,
                6,
                6,
                5,
                7,
                10,
                7,
                8,
                3,
                8,
                9,
                7,
                9,
                6
            ],
            [
                10,
                1,
                6,
                8,
                2,
                3,
                11,
                2,
                8,
                9,
                1,
                4,
                9,
                3,
                11
            ],
            [
                2,
                10,
                11,
                11,
                4,
                3,
                6,
                7,
                4,
                10,
                2,
                6,
                1,
                10,
                11
            ],
            [
                7,
                4,
                5,
                5,
                6,
                8,
                2,
                2,
                5,
                10,
                5,
                10,
                6,
                5,
                2
            ],
            [
                6,
                10,
                2,
                9,
                2,
                7,
                1,
                2,
                3,
                5,
                10,
                9,
                7,
                1,
                10
            ],
            [
                3,
                10,
                2,
                5,
                7,
                2,
                8,
                4,
                4,
                3,
                10,
                6,
                7,
                5,
                2
            ],
            [
                7,
                3,
                11,
                6,
                1,
                1,
                3,
                6,
                2,
                5,
                3,
                8,
                2,
                3,
                11
            ],
            [
                11,
                7,
                5,
                10,
                8,
                9,
                9,
                7,
                6,
                10,
                4,
                4,
                4,
                10,
                4
            ],
            [
                2,
                9,
                10,
                7,
                9,
                6,
                5,
                6,
                10,
                9,
                7,
                1,
                2,
                2,
                2
            ],
            [
                6,
                4,
                3,
                3,
                3,
                7,
                9,
                7,
                9,
                1,
                11,
                10,
                7,
                11,
                3
            ],
            [
                10,
                3,
                3,
                6,
                1,
                1,
                5,
                2,
                10,
                3,
                7,
                11,
                5,
                1,
                4
            ],
            [
                3,
                9,
                5,
                5,
                4,
                11,
                4,
                9,
                5,
                3,
                8,
                11,
                1,
                1,
                6
            ],
            [
                9,
                3,
                6,
                7,
                2,
                3,
                6,
                8,
                9,
                8,
                10,
                11,
                10,
                7,
                2
            ]
        ],