{
    "optimal_time": 142.0,
    "opt_compute_time:": 2.066777135245502,
    "spt_time": 186,
    "spt_compute_time": 11.14222834026441,
    "lpt_time": 209,
    "lpt_compute_time": 13.848807093221694,
    "n_jobs": 15,
    "n_resources": 15,
    "n_ops_per_job": 15,
    "max_op_time": 11,
    "jssp_identification": "15x15_1393_inst.json",
    "solution_optimality": "OPTIMAL",
    "jssp_instance": {
        "durations": [
            [
                2,
                9,
                1,
                11,
                3,
                4,
                9,
                3,
                3,
                11,
                7,
                8,
                8,
                5,
                4
            ],
            [
                7,
                4,
                9,
                3,
                5,
                9,
                7,
                11,
                9,
                2,
                5,
                8,
                4,
                3,
                5
            ],
            [
                8,
                1,
                4,
                8,
                4,
                3,
                2,
                6,
                8,
                10,
                6,
                7,
                9,
                5,
                9
            ],
            [
                5,
                3,
                1,
                8,
                9,
                2,
                8,
                4,
                4,
                9,
                2,
                4,
                6,
                10,
                2
            ],
            [
                1,
                8,
                10,
                1,
                8,
                7,
                8,
                4,
                4,
                9,
                9,
                6,
                2,
                6,
                3
            ],
            [
                10,
                11,
                9,
                10,
                7,
                10,
                1,
                5,
                1,
                9,
                10,
                4,
                4,
                5,
                10
            ],
            [
                7,
                10,
                1,
                6,
                11,
                7,
                11,
                10,
                11,
                8,
                10,
                11,
                11,
                7,
                5
            ],
            [
                8,
                9,
                11,
                2,
                3,
                8,
                2,
                5,
                11,
                9,
                8,
                3,
                1,
                6,
                2
            ],
            [
                10,
                1,
                11,
                1,
                1,
                4,
                4,
                7,
                6,
                7,
                1,
                2,
                1,
                4,
                4
            ],
            [
                5,
                3,
                9,
                1,
                2,
                4,
                3,
                6,
                7,
                2,
                11,
                6,
                10,
                9,
                9
            ],
            [
                10,
                1,
                8,
                10,
                5,
                2,
                2,
                3,
                3,
                1,
                1,
                9,
                10,
                9,
                3
            ],
            [
                4,
                10,
                9,
                3,
                10,
                6,
                10,
                6,
                1,
                1,
                10,
                5,
                1,
                1,
                5
            ],
            [
                3,
                2,
                1,
                8,
                3,
                11,
                7,
                6,
                7,
                1,
                9,
                9,
                7,
                3,
                2
            ],
            [
                1,
                7,
                3,
                8,
                1,
                7,
                6,
                3,
                10,
                2,
                11,
                7,
                1,
                10,
                6
            ],
            [
                8,
                5,
                3,
                9,
                7,
                1,
                3,
                4,
                11,
                3,
                9,
                9,
                2,
                2,
                8
            ]
        ],