{
    "optimal_time": 141.0,
    "opt_compute_time:": 22.001227143220603,
    "spt_time": 165,
    "spt_compute_time": 12.575237471144646,
    "lpt_time": 178,
    "lpt_compute_time": 12.104904189705849,
    "n_jobs": 15,
    "n_resources": 15,
    "n_ops_per_job": 15,
    "max_op_time": 11,
    "jssp_identification": "15x15_1575_inst.json",
    "solution_optimality": "OPTIMAL",
    "jssp_instance": {
        "durations": [
            [
                9,
                8,
                7,
                8,
                2,
                4,
                5,
                1,
                2,
                7,
                3,
                10,
                9,
                5,
                11
            ],
            [
                4,
                6,
                1,
                11,
                11,
                5,
                2,
                5,
                9,
                10,
                4,
                7,
                6,
                4,
                3
            ],
            [
                2,
                5,
                7,
                7,
                6,
                4,
                2,
                1,
                7,
                10,
                2,
                9,
                5,
                4,
                9
            ],
            [
                10,
                7,
                1,
                9,
                8,
                9,
                9,
                3,
                2,
                1,
                10,
                6,
                9,
                9,
                2
            ],
            [
                4,
                8,
                4,
                6,
                8,
                6,
                4,
                10,
                11,
                10,
                1,
                4,
                8,
                7,
                3
            ],
            [
                5,
                1,
                3,
                1,
                8,
                7,
                2,
                3,
                7,
                7,
                2,
                11,
                6,
                4,
                6
            ],
            [
                5,
                1,
                10,
                10,
                11,
                2,
                9,
                11,
                8,
                2,
                6,
                5,
                9,
                3,
                8
            ],
            [
                3,
                3,
                9,
                5,
                2,
                5,
                6,
                5,
                2,
                3,
                9,
                5,
                2,
                10,
                6
            ],
            [
                1,
                5,
                5,
                4,
                9,
                10,
                4,
                9,
                9,
                6,
                4,
                6,
                3,
                4,
                10
            ],
            [
                7,
                1,
                3,
                11,
                7,
                7,
                8,
                4,
                1,
                7,
                10,
                6,
                4,
                1,
                1
            ],
            [
                6,
                2,
                4,
                3,
                10,
                6,
                2,
                5,
                8,
                3,
                11,
                5,
                11,
                11,
                6
            ],
            [
                3,
                1,
                4,
                4,
                2,
                10,
                11,
                10,
                6,
                7,
                4,
                7,
                8,
                10,
                11
            ],
            [
                2,
                5,
                6,
                6,
                5,
                3,
                3,
                5,
                5,
                5,
                2,
                9,
                6,
                3,
                2
            ],
            [
                3,
                3,
                7,
                5,
                7,
                9,
                2,
                5,
                1,
                4,
                2,
                1,
                10,
                3,
                8
            ],
            [
                7,
                2,
                1,
                10,
                9,
                5,
                2,
                1,
                5,
                5,
                10,
                7,
                11,
                10,
                1
            ]
        ],