{
    "optimal_time": 136.0,
    "opt_compute_time:": 64.45482625905424,
    "spt_time": 178,
    "spt_compute_time": 11.21458755619824,
    "lpt_time": 175,
    "lpt_compute_time": 12.429567920044065,
    "n_jobs": 15,
    "n_resources": 15,
    "n_ops_per_job": 15,
    "max_op_time": 11,
    "jssp_identification": "15x15_2108_inst.json",
    "solution_optimality": "OPTIMAL",
    "jssp_instance": {
        "durations": [
            [
                9,
                10,
                2,
                3,
                5,
                1,
                9,
                6,
                3,
                10,
                10,
                9,
                1,
                6,
                4
            ],
            [
                8,
                8,
                11,
                8,
                2,
                10,
                6,
                3,
                1,
                3,
                5,
                3,
                5,
                6,
                7
            ],
            [
                6,
                6,
                10,
                5,
                9,
                8,
                3,
                7,
                6,
                2,
                8,
                2,
                11,
                4,
                3
            ],
            [
                7,
                10,
                6,
                11,
                5,
                6,
                11,
                8,
                5,
                8,
                10,
                9,
                1,
                4,
                1
            ],
            [
                3,
                2,
                1,
                6,
                1,
                11,
                9,
                1,
                3,
                11,
                5,
                11,
                8,
                8,
                8
            ],
            [
                6,
                8,
                2,
                9,
                3,
                1,
                4,
                9,
                1,
                1,
                2,
                8,
                2,
                1,
                7
            ],
            [
                5,
                2,
                6,
                1,
                1,
                1,
                1,
                11,
                6,
                1,
                3,
                5,
                6,
                11,
                5
            ],
            [
                7,
                6,
                7,
                6,
                10,
                9,
                10,
                6,
                10,
                1,
                7,
                6,
                10,
                1,
                4
            ],
            [
                3,
                2,
                10,
                9,
                5,
                9,
                10,
                6,
                4,
                11,
                1,
                3,
                2,
                5,
                9
            ],
            [
                4,
                3,
                11,
                7,
                9,
                11,
                7,
                2,
                8,
                10,
                7,
                6,
                1,
                9,
                7
            ],
            [
                8,
                3,
                9,
                6,
                9,
                10,
                11,
                5,
                7,
                4,
                2,
                1,
                3,
                8,
                8
            ],
            [
                7,
                4,
                5,
                6,
                4,
                1,
                11,
                9,
                3,
                5,
                7,
                9,
                7,
                5,
                7
            ],
            [
                4,
                9,
                2,
                8,
                3,
                2,
                3,
                2,
                11,
                11,
                3,
                3,
                10,
                11,
                3
            ],
            [
                7,
                8,
                9,
                7,
                3,
                8,
                4,
                3,
                1,
                6,
                11,
                5,
                10,
                4,
                4
            ],
            [
                8,
                7,
                11,
                10,
                5,
                3,
                5,
                3,
                2,
                7,
                3,
                7,
                2,
                1,
                8
            ]
        ],