{
    "optimal_time": 131.0,
    "opt_compute_time:": 3.576307401061058,
    "spt_time": 157,
    "spt_compute_time": 11.39111444214359,
    "lpt_time": 182,
    "lpt_compute_time": 12.239819931797683,
    "n_jobs": 15,
    "n_resources": 15,
    "n_ops_per_job": 15,
    "max_op_time": 11,
    "jssp_identification": "15x15_1708_inst.json",
    "solution_optimality": "OPTIMAL",
    "jssp_instance": {
        "durations": [
            [
                2,
                11,
                2,
                1,
                4,
                9,
                1,
                7,
                10,
                10,
                8,
                8,
                4,
                5,
                9
            ],
            [
                4,
                7,
                4,
                10,
                7,
                4,
                1,
                9,
                11,
                3,
                5,
                10,
                2,
                5,
                8
            ],
            [
                2,
                3,
                7,
                3,
                5,
                2,
                1,
                6,
                10,
                7,
                4,
                2,
                6,
                3,
                4
            ],
            [
                11,
                10,
                2,
                11,
                6,
                5,
                4,
                9,
                9,
                1,
                10,
                1,
                5,
                6,
                2
            ],
            [
                5,
                10,
                9,
                1,
                1,
                4,
                3,
                4,
                5,
                3,
                3,
                9,
                9,
                3,
                10
            ],
            [
                5,
                2,
                3,
                3,
                10,
                7,
                4,
                4,
                11,
                1,
                8,
                6,
                8,
                5,
                3
            ],
            [
                6,
                2,
                7,
                8,
                1,
                9,
                6,
                10,
                4,
                1,
                6,
                4,
                3,
                4,
                9
            ],
            [
                5,
                8,
                1,
                11,
                1,
                1,
                1,
                9,
                10,
                9,
                3,
                8,
                8,
                7,
                10
            ],
            [
                10,
                7,
                4,
                5,
                8,
                11,
                5,
                2,
                1,
                6,
                3,
                9,
                10,
                10,
                7
            ],
            [
                10,
                2,
                1,
                11,
                9,
                3,
                10,
                11,
                10,
                3,
                8,
                5,
                8,
                10,
                6
            ],
            [
                4,
                2,
                11,
                8,
                3,
                5,
                3,
                8,
                6,
                1,
                4,
                1,
                4,
                2,
                7
            ],
            [
                5,
                2,
                8,
                2,
                6,
                6,
                5,
                7,
                10,
                7,
                2,
                1,
                9,
                9,
                1
            ],
            [
                9,
                7,
                10,
                4,
                11,
                1,
                7,
                6,
                8,
                2,
                2,
                8,
                9,
                5,
                1
            ],
            [
                1,
                2,
                1,
                2,
                11,
                4,
                5,
                5,
                8,
                8,
                10,
                2,
                4,
                1,
                2
            ],
            [
                1,
                10,
                10,
                8,
                1,
                8,
                7,
                11,
                8,
                6,
                3,
                3,
                8,
                5,
                1
            ]
        ],