{
    "optimal_time": 144.0,
    "opt_compute_time:": 634.4984105080366,
    "spt_time": 162,
    "spt_compute_time": 12.042930747382343,
    "lpt_time": 178,
    "lpt_compute_time": 12.417044423986226,
    "n_jobs": 15,
    "n_resources": 15,
    "n_ops_per_job": 15,
    "max_op_time": 11,
    "jssp_identification": "15x15_2154_inst.json",
    "solution_optimality": "OPTIMAL",
    "jssp_instance": {
        "durations": [
            [
                6,
                7,
                7,
                8,
                5,
                9,
                5,
                11,
                1,
                1,
                11,
                2,
                2,
                11,
                4
            ],
            [
                1,
                6,
                7,
                4,
                1,
                11,
                2,
                1,
                3,
                8,
                5,
                1,
                8,
                4,
                10
            ],
            [
                9,
                8,
                7,
                1,
                6,
                9,
                5,
                4,
                2,
                2,
                6,
                4,
                8,
                10,
                3
            ],
            [
                8,
                3,
                8,
                11,
                11,
                1,
                5,
                2,
                5,
                1,
                8,
                3,
                11,
                5,
                9
            ],
            [
                9,
                7,
                3,
                8,
                11,
                6,
                6,
                11,
                4,
                1,
                8,
                6,
                4,
                6,
                4
            ],
            [
                4,
                1,
                10,
                8,
                10,
                11,
                9,
                1,
                5,
                6,
                9,
                8,
                3,
                5,
                10
            ],
            [
                8,
                9,
                2,
                3,
                3,
                9,
                6,
                1,
                9,
                7,
                1,
                3,
                3,
                7,
                5
            ],
            [
                3,
                3,
                8,
                3,
                6,
                4,
                3,
                7,
                9,
                6,
                8,
                11,
                2,
                8,
                9
            ],
            [
                9,
                10,
                9,
                10,
                8,
                11,
                9,
                10,
                6,
                5,
                10,
                1,
                3,
                11,
                4
            ],
            [
                11,
                5,
                3,
                3,
                10,
                8,
                1,
                5,
                11,
                3,
                5,
                2,
                11,
                1,
                8
            ],
            [
                1,
                9,
                3,
                11,
                4,
                3,
                5,
                5,
                10,
                4,
                6,
                7,
                11,
                10,
                2
            ],
            [
                2,
                3,
                9,
                10,
                10,
                11,
                6,
                4,
                6,
                2,
                6,
                10,
                4,
                1,
                3
            ],
            [
                7,
                8,
                4,
                9,
                9,
                1,
                3,
                8,
                2,
                11,
                1,
                6,
                10,
                2,
                3
            ],
            [
                1,
                2,
                10,
                3,
                11,
                9,
                6,
                9,
                9,
                6,
                3,
                1,
                3,
                3,
                9
            ],
            [
                1,
                1,
                7,
                11,
                6,
                6,
                1,
                6,
                7,
                9,
                2,
                10,
                4,
                8,
                9
            ]
        ],