{
    "optimal_time": 149.0,
    "opt_compute_time:": 274.3540410329588,
    "spt_time": 204,
    "spt_compute_time": 14.166403164621443,
    "lpt_time": 200,
    "lpt_compute_time": 13.95763199776411,
    "n_jobs": 15,
    "n_resources": 15,
    "n_ops_per_job": 15,
    "max_op_time": 11,
    "jssp_identification": "15x15_1595_inst.json",
    "solution_optimality": "OPTIMAL",
    "jssp_instance": {
        "durations": [
            [
                3,
                6,
                4,
                9,
                4,
                7,
                7,
                9,
                3,
                8,
                8,
                11,
                10,
                11,
                5
            ],
            [
                8,
                10,
                9,
                5,
                10,
                6,
                5,
                10,
                6,
                6,
                4,
                8,
                10,
                8,
                2
            ],
            [
                2,
                7,
                7,
                9,
                11,
                4,
                5,
                6,
                8,
                7,
                10,
                5,
                5,
                5,
                2
            ],
            [
                2,
                7,
                5,
                2,
                8,
                6,
                8,
                7,
                2,
                2,
                11,
                8,
                11,
                11,
                8
            ],
            [
                11,
                3,
                2,
                11,
                10,
                2,
                6,
                5,
                10,
                1,
                2,
                11,
                2,
                3,
                6
            ],
            [
                5,
                8,
                2,
                9,
                6,
                8,
                9,
                9,
                10,
                6,
                8,
                2,
                7,
                6,
                1
            ],
            [
                7,
                9,
                10,
                2,
                1,
                2,
                4,
                1,
                2,
                10,
                3,
                8,
                11,
                8,
                3
            ],
            [
                9,
                5,
                6,
                9,
                7,
                6,
                9,
                4,
                5,
                1,
                2,
                10,
                10,
                11,
                2
            ],
            [
                9,
                10,
                4,
                2,
                11,
                7,
                6,
                5,
                11,
                3,
                3,
                11,
                10,
                2,
                7
            ],
            [
                11,
                2,
                3,
                8,
                4,
                4,
                6,
                5,
                11,
                6,
                6,
                5,
                6,
                11,
                4
            ],
            [
                11,
                11,
                5,
                4,
                11,
                11,
                1,
                2,
                4,
                4,
                5,
                5,
                9,
                9,
                7
            ],
            [
                4,
                8,
                2,
                9,
                9,
                2,
                5,
                11,
                11,
                2,
                9,
                3,
                8,
                4,
                3
            ],
            [
                2,
                2,
                3,
                2,
                2,
                3,
                8,
                7,
                6,
                9,
                6,
                8,
                4,
                4,
                11
            ],
            [
                11,
                1,
                8,
                6,
                2,
                10,
                11,
                7,
                10,
                8,
                10,
                10,
                7,
                9,
                11
            ],
            [
                10,
                7,
                9,
                8,
                11,
                3,
                11,
                1,
                11,
                6,
                9,
                10,
                10,
                4,
                3
            ]
        ],