{
    "optimal_time": 138.0,
    "opt_compute_time:": 5.092494037002325,
    "spt_time": 165,
    "spt_compute_time": 12.04192273505032,
    "lpt_time": 202,
    "lpt_compute_time": 14.94644484622404,
    "n_jobs": 15,
    "n_resources": 15,
    "n_ops_per_job": 15,
    "max_op_time": 11,
    "jssp_identification": "15x15_3843_inst.json",
    "solution_optimality": "OPTIMAL",
    "jssp_instance": {
        "durations": [
            [
                1,
                5,
                10,
                6,
                3,
                1,
                2,
                1,
                2,
                4,
                2,
                6,
                4,
                5,
                3
            ],
            [
                10,
                1,
                4,
                5,
                2,
                1,
                3,
                3,
                1,
                8,
                4,
                6,
                6,
                6,
                2
            ],
            [
                1,
                6,
                11,
                1,
                5,
                1,
                1,
                7,
                4,
                5,
                2,
                10,
                8,
                8,
                7
            ],
            [
                11,
                7,
                9,
                9,
                6,
                5,
                9,
                8,
                9,
                5,
                11,
                7,
                4,
                4,
                5
            ],
            [
                8,
                4,
                2,
                11,
                2,
                10,
                2,
                7,
                5,
                10,
                9,
                4,
                1,
                6,
                2
            ],
            [
                3,
                7,
                10,
                1,
                3,
                4,
                9,
                4,
                6,
                4,
                4,
                7,
                8,
                5,
                9
            ],
            [
                11,
                11,
                7,
                6,
                9,
                3,
                1,
                10,
                5,
                3,
                3,
                11,
                8,
                1,
                7
            ],
            [
                3,
                1,
                7,
                10,
                4,
                9,
                1,
                1,
                10,
                10,
                5,
                6,
                6,
                8,
                8
            ],
            [
                5,
                8,
                4,
                5,
                6,
                10,
                7,
                9,
                6,
                4,
                5,
                5,
                3,
                1,
                5
            ],
            [
                1,
                9,
                9,
                8,
                3,
                9,
                7,
                2,
                4,
                10,
                5,
                8,
                4,
                10,
                10
            ],
            [
                4,
                2,
                2,
                7,
                10,
                1,
                7,
                4,
                8,
                6,
                7,
                2,
                10,
                4,
                9
            ],
            [
                10,
                10,
                4,
                3,
                3,
                7,
                5,
                8,
                3,
                3,
                3,
                6,
                7,
                7,
                11
            ],
            [
                3,
                10,
                4,
                6,
                10,
                9,
                11,
                7,
                5,
                6,
                11,
                8,
                3,
                1,
                9
            ],
            [
                3,
                9,
                10,
                8,
                10,
                7,
                11,
                4,
                10,
                10,
                6,
                11,
                3,
                3,
                3
            ],
            [
                5,
                1,
                6,
                8,
                1,
                6,
                10,
                2,
                2,
                1,
                1,
                2,
                3,
                9,
                9
            ]
        ],