{
    "optimal_time": 149.0,
    "opt_compute_time:": 88.007578169927,
    "spt_time": 189,
    "spt_compute_time": 13.014957343228161,
    "lpt_time": 246,
    "lpt_compute_time": 16.385448394343257,
    "n_jobs": 15,
    "n_resources": 15,
    "n_ops_per_job": 15,
    "max_op_time": 11,
    "jssp_identification": "15x15_2964_inst.json",
    "solution_optimality": "OPTIMAL",
    "jssp_instance": {
        "durations": [
            [
                2,
                2,
                8,
                6,
                11,
                8,
                11,
                8,
                2,
                1,
                11,
                1,
                11,
                4,
                8
            ],
            [
                8,
                10,
                6,
                7,
                10,
                7,
                11,
                5,
                7,
                5,
                10,
                7,
                2,
                10,
                8
            ],
            [
                2,
                4,
                6,
                1,
                9,
                9,
                7,
                6,
                3,
                10,
                9,
                2,
                2,
                10,
                4
            ],
            [
                7,
                2,
                10,
                9,
                7,
                9,
                11,
                2,
                7,
                8,
                6,
                1,
                6,
                10,
                3
            ],
            [
                8,
                9,
                10,
                1,
                11,
                7,
                1,
                5,
                6,
                3,
                8,
                6,
                6,
                8,
                10
            ],
            [
                2,
                5,
                7,
                8,
                3,
                1,
                9,
                8,
                10,
                6,
                9,
                9,
                4,
                1,
                6
            ],
            [
                1,
                7,
                9,
                10,
                5,
                11,
                2,
                4,
                5,
                2,
                10,
                8,
                10,
                10,
                8
            ],
            [
                7,
                5,
                11,
                8,
                9,
                7,
                5,
                4,
                10,
                6,
                1,
                9,
                8,
                5,
                9
            ],
            [
                9,
                7,
                5,
                2,
                9,
                7,
                3,
                1,
                11,
                2,
                10,
                1,
                5,
                3,
                10
            ],
            [
                9,
                8,
                5,
                3,
                1,
                10,
                1,
                1,
                11,
                6,
                9,
                9,
                10,
                4,
                10
            ],
            [
                3,
                11,
                9,
                8,
                7,
                1,
                4,
                7,
                9,
                11,
                7,
                10,
                5,
                3,
                11
            ],
            [
                3,
                2,
                9,
                7,
                8,
                9,
                10,
                6,
                2,
                11,
                10,
                10,
                5,
                3,
                1
            ],
            [
                2,
                1,
                10,
                8,
                5,
                6,
                4,
                6,
                10,
                1,
                10,
                11,
                10,
                6,
                3
            ],
            [
                10,
                6,
                8,
                9,
                7,
                5,
                11,
                11,
                5,
                6,
                1,
                1,
                2,
                3,
                4
            ],
            [
                10,
                5,
                4,
                11,
                10,
                2,
                10,
                9,
                9,
                3,
                11,
                5,
                11,
                10,
                7
            ]
        ],