{
    "optimal_time": 479.0,
    "opt_compute_time:": 0.020416175946593285,
    "spt_time": 540,
    "spt_compute_time": 10.57835200894624,
    "lpt_time": 621,
    "lpt_compute_time": 12.222883569076657,
    "n_jobs": 6,
    "n_resources": 6,
    "n_ops_per_job": 6,
    "max_op_time": 99,
    "jssp_identification": "6x6_1633_inst.json",
    "solution_optimality": "OPTIMAL",
    "jssp_instance": {
        "durations": [
            [
                79,
                88,
                55,
                87,
                78,
                9
            ],
            [
                12,
                82,
                52,
                44,
                60,
                8
            ],
            [
                38,
                54,
                80,
                25,
                44,
                20
            ],
            [
                45,
                21,
                80,
                25,
                42,
                69
            ],
            [
                59,
                38,
                78,
                93,
                40,
                13
            ],
            [
                58,
                37,
                47,
                37,
                64,
                57
            ]
        ],
        "machines": [
            [
                3,
                0,
                2,
                4,
                1,
                5
            ],
            [
                0,
                5,
                1,
                3,
                2,
                4
            ],
            [
                5,
                0,
                1,
                2,
                4,
                3
            ],
            [
                3,
                0,
                1,
                2,
                4,
                5
            ],
            [
                4,
                2,
                0,
                3,
                1,
                5
            ],
            [
                0,
                1,
                2,
                3,
                4,
                5
            ]
        ]
    }
}