{
    "optimal_time": 506.0,
    "opt_compute_time:": 0.011938417330384254,
    "spt_time": 557,
    "spt_compute_time": 10.764322830364108,
    "lpt_time": 583,
    "lpt_compute_time": 11.202776064164937,
    "n_jobs": 6,
    "n_resources": 6,
    "n_ops_per_job": 6,
    "max_op_time": 99,
    "jssp_identification": "6x6_1247_inst.json",
    "solution_optimality": "OPTIMAL",
    "jssp_instance": {
        "durations": [
            [
                44,
                86,
                16,
                11,
                66,
                39
            ],
            [
                45,
                47,
                54,
                92,
                60,
                57
            ],
            [
                81,
                66,
                96,
                13,
                86,
                39
            ],
            [
                54,
                19,
                14,
                61,
                89,
                66
            ],
            [
                44,
                86,
                77,
                81,
                17,
                26
            ],
            [
                26,
                60,
                96,
                88,
                18,
                10
            ]
        ],
        "machines": [
            [
                5,
                3,
                0,
                4,
                1,
                2
            ],
            [
                1,
                4,
                3,
                0,
                2,
                5
            ],
            [
                3,
                2,
                0,
                5,
                1,
                4
            ],
            [
                1,
                5,
                2,
                4,
                0,
                3
            ],
            [
                2,
                5,
                1,
                3,
                0,
                4
            ],
            [
                0,
                4,
                1,
                3,
                2,
                5
            ]
        ]
    }
}