{
    "optimal_time": 495.0,
    "opt_compute_time:": 0.016019132919609547,
    "spt_time": 502,
    "spt_compute_time": 9.580785170197487,
    "lpt_time": 589,
    "lpt_compute_time": 12.01022023614496,
    "n_jobs": 6,
    "n_resources": 6,
    "n_ops_per_job": 6,
    "max_op_time": 99,
    "jssp_identification": "6x6_1667_inst.json",
    "solution_optimality": "OPTIMAL",
    "jssp_instance": {
        "durations": [
            [
                8,
                66,
                46,
                39,
                87,
                63
            ],
            [
                93,
                86,
                94,
                6,
                91,
                52
            ],
            [
                57,
                43,
                64,
                28,
                57,
                13
            ],
            [
                51,
                13,
                52,
                98,
                68,
                54
            ],
            [
                8,
                46,
                61,
                93,
                92,
                48
            ],
            [
                98,
                56,
                66,
                52,
                19,
                37
            ]
        ],
        "machines": [
            [
                0,
                1,
                4,
                5,
                2,
                3
            ],
            [
                0,
                5,
                4,
                1,
                3,
                2
            ],
            [
                3,
                1,
                4,
                2,
                0,
                5
            ],
            [
                5,
                1,
                2,
                0,
                4,
                3
            ],
            [
                4,
                3,
                2,
                5,
                1,
                0
            ],
            [
                2,
                1,
                3,
                4,
                0,
                5
            ]
        ]
    }
}