{
    "optimal_time": 553.0,
    "opt_compute_time:": 0.03522855043411255,
    "spt_time": 606,
    "spt_compute_time": 14.145951250568032,
    "lpt_time": 663,
    "lpt_compute_time": 12.874108814634383,
    "n_jobs": 6,
    "n_resources": 6,
    "n_ops_per_job": 6,
    "max_op_time": 99,
    "jssp_identification": "6x6_23_inst.json",
    "solution_optimality": "OPTIMAL",
    "jssp_instance": {
        "durations": [
            [
                50,
                53,
                62,
                27,
                89,
                59
            ],
            [
                65,
                74,
                22,
                76,
                33,
                25
            ],
            [
                42,
                88,
                84,
                32,
                73,
                6
            ],
            [
                76,
                74,
                67,
                93,
                65,
                15
            ],
            [
                78,
                22,
                84,
                61,
                8,
                91
            ],
            [
                50,
                38,
                85,
                44,
                62,
                51
            ]
        ],
        "machines": [
            [
                3,
                1,
                5,
                4,
                2,
                0
            ],
            [
                3,
                2,
                5,
                4,
                1,
                0
            ],
            [
                5,
                1,
                0,
                2,
                4,
                3
            ],
            [
                4,
                1,
                2,
                3,
                5,
                0
            ],
            [
                0,
                4,
                1,
                2,
                3,
                5
            ],
            [
                5,
                4,
                3,
                2,
                0,
                1
            ]
        ]
    }
}