{
    "optimal_time": 499.0,
    "opt_compute_time:": 0.030299952253699303,
    "spt_time": 575,
    "spt_compute_time": 9.846195709891617,
    "lpt_time": 588,
    "lpt_compute_time": 10.850672217085958,
    "n_jobs": 6,
    "n_resources": 6,
    "n_ops_per_job": 6,
    "max_op_time": 99,
    "jssp_identification": "6x6_1251_inst.json",
    "solution_optimality": "OPTIMAL",
    "jssp_instance": {
        "durations": [
            [
                18,
                67,
                66,
                13,
                84,
                31
            ],
            [
                27,
                17,
                62,
                30,
                53,
                82
            ],
            [
                98,
                54,
                79,
                85,
                33,
                12
            ],
            [
                64,
                77,
                25,
                69,
                53,
                65
            ],
            [
                97,
                77,
                50,
                6,
                57,
                86
            ],
            [
                76,
                48,
                78,
                67,
                26,
                81
            ]
        ],
        "machines": [
            [
                1,
                5,
                2,
                4,
                0,
                3
            ],
            [
                1,
                3,
                5,
                0,
                2,
                4
            ],
            [
                4,
                2,
                3,
                5,
                1,
                0
            ],
            [
                1,
                0,
                4,
                3,
                2,
                5
            ],
            [
                2,
                5,
                4,
                3,
                0,
                1
            ],
            [
                0,
                2,
                3,
                4,
                5,
                1
            ]
        ]
    }
}