{
    "optimal_time": 470.0,
    "opt_compute_time:": 0.01569342240691185,
    "spt_time": 508,
    "spt_compute_time": 8.70216712448746,
    "lpt_time": 499,
    "lpt_compute_time": 8.958382128737867,
    "n_jobs": 6,
    "n_resources": 6,
    "n_ops_per_job": 6,
    "max_op_time": 99,
    "jssp_identification": "6x6_491_inst.json",
    "solution_optimality": "OPTIMAL",
    "jssp_instance": {
        "durations": [
            [
                23,
                69,
                93,
                96,
                7,
                41
            ],
            [
                76,
                70,
                22,
                22,
                19,
                38
            ],
            [
                84,
                21,
                36,
                13,
                96,
                26
            ],
            [
                26,
                96,
                47,
                96,
                58,
                36
            ],
            [
                70,
                97,
                12,
                61,
                15,
                64
            ],
            [
                16,
                10,
                10,
                38,
                57,
                66
            ]
        ],
        "machines": [
            [
                1,
                4,
                3,
                5,
                0,
                2
            ],
            [
                2,
                5,
                4,
                3,
                0,
                1
            ],
            [
                0,
                1,
                4,
                2,
                5,
                3
            ],
            [
                5,
                1,
                0,
                2,
                4,
                3
            ],
            [
                0,
                1,
                2,
                4,
                5,
                3
            ],
            [
                4,
                1,
                2,
                3,
                5,
                0
            ]
        ]
    }
}