{
    "optimal_time": 440.0,
    "opt_compute_time:": 0.017440606839954853,
    "spt_time": 563,
    "spt_compute_time": 9.559800404123962,
    "lpt_time": 486,
    "lpt_compute_time": 9.342794279567897,
    "n_jobs": 6,
    "n_resources": 6,
    "n_ops_per_job": 6,
    "max_op_time": 99,
    "jssp_identification": "6x6_1578_inst.json",
    "solution_optimality": "OPTIMAL",
    "jssp_instance": {
        "durations": [
            [
                39,
                53,
                34,
                47,
                20,
                87
            ],
            [
                62,
                54,
                91,
                29,
                76,
                73
            ],
            [
                60,
                66,
                30,
                70,
                40,
                20
            ],
            [
                15,
                63,
                64,
                67,
                24,
                44
            ],
            [
                23,
                16,
                77,
                26,
                45,
                43
            ],
            [
                26,
                59,
                58,
                12,
                90,
                53
            ]
        ],
        "machines": [
            [
                1,
                5,
                0,
                4,
                3,
                2
            ],
            [
                3,
                1,
                2,
                0,
                4,
                5
            ],
            [
                0,
                1,
                3,
                5,
                4,
                2
            ],
            [
                0,
                4,
                5,
                3,
                1,
                2
            ],
            [
                2,
                1,
                3,
                5,
                4,
                0
            ],
            [
                1,
                3,
                2,
                5,
                0,
                4
            ]
        ]
    }
}