{
    "optimal_time": 395.0,
    "opt_compute_time:": 0.018600378185510635,
    "spt_time": 454,
    "spt_compute_time": 8.739084924571216,
    "lpt_time": 457,
    "lpt_compute_time": 8.907427267171443,
    "n_jobs": 6,
    "n_resources": 6,
    "n_ops_per_job": 6,
    "max_op_time": 99,
    "jssp_identification": "6x6_1525_inst.json",
    "solution_optimality": "OPTIMAL",
    "jssp_instance": {
        "durations": [
            [
                97,
                41,
                6,
                16,
                41,
                44
            ],
            [
                93,
                43,
                38,
                59,
                24,
                34
            ],
            [
                59,
                70,
                79,
                88,
                31,
                44
            ],
            [
                21,
                7,
                32,
                81,
                39,
                22
            ],
            [
                31,
                20,
                55,
                8,
                11,
                7
            ],
            [
                34,
                26,
                24,
                18,
                17,
                57
            ]
        ],
        "machines": [
            [
                0,
                3,
                1,
                5,
                2,
                4
            ],
            [
                0,
                3,
                1,
                5,
                4,
                2
            ],
            [
                1,
                5,
                4,
                2,
                0,
                3
            ],
            [
                5,
                0,
                1,
                4,
                2,
                3
            ],
            [
                3,
                4,
                2,
                0,
                1,
                5
            ],
            [
                2,
                4,
                5,
                3,
                1,
                0
            ]
        ]
    }
}