{
    "optimal_time": 474.0,
    "opt_compute_time:": 0.028568738140165806,
    "spt_time": 518,
    "spt_compute_time": 10.094723413698375,
    "lpt_time": 493,
    "lpt_compute_time": 11.353919685818255,
    "n_jobs": 6,
    "n_resources": 6,
    "n_ops_per_job": 6,
    "max_op_time": 99,
    "jssp_identification": "6x6_577_inst.json",
    "solution_optimality": "OPTIMAL",
    "jssp_instance": {
        "durations": [
            [
                26,
                45,
                32,
                40,
                62,
                18
            ],
            [
                55,
                21,
                59,
                64,
                44,
                70
            ],
            [
                81,
                27,
                79,
                37,
                28,
                81
            ],
            [
                61,
                22,
                38,
                34,
                58,
                10
            ],
            [
                31,
                44,
                53,
                56,
                47,
                79
            ],
            [
                89,
                44,
                98,
                66,
                42,
                16
            ]
        ],
        "machines": [
            [
                5,
                2,
                3,
                1,
                4,
                0
            ],
            [
                2,
                0,
                5,
                4,
                1,
                3
            ],
            [
                1,
                3,
                4,
                5,
                2,
                0
            ],
            [
                1,
                0,
                5,
                3,
                4,
                2
            ],
            [
                5,
                3,
                0,
                2,
                1,
                4
            ],
            [
                3,
                5,
                1,
                2,
                0,
                4
            ]
        ]
    }
}