{
    "optimal_time": 533.0,
    "opt_compute_time:": 0.01650531217455864,
    "spt_time": 648,
    "spt_compute_time": 10.795854654163122,
    "lpt_time": 736,
    "lpt_compute_time": 13.617581623606384,
    "n_jobs": 6,
    "n_resources": 6,
    "n_ops_per_job": 6,
    "max_op_time": 99,
    "jssp_identification": "6x6_29_inst.json",
    "solution_optimality": "OPTIMAL",
    "jssp_instance": {
        "durations": [
            [
                31,
                28,
                93,
                35,
                7,
                52
            ],
            [
                41,
                92,
                46,
                95,
                38,
                92
            ],
            [
                79,
                93,
                40,
                20,
                61,
                76
            ],
            [
                23,
                70,
                25,
                80,
                44,
                49
            ],
            [
                53,
                32,
                82,
                15,
                73,
                10
            ],
            [
                24,
                86,
                96,
                84,
                91,
                93
            ]
        ],
        "machines": [
            [
                0,
                4,
                1,
                3,
                2,
                5
            ],
            [
                3,
                1,
                4,
                0,
                2,
                5
            ],
            [
                0,
                1,
                3,
                5,
                4,
                2
            ],
            [
                2,
                3,
                4,
                5,
                0,
                1
            ],
            [
                1,
                2,
                3,
                5,
                0,
                4
            ],
            [
                0,
                5,
                3,
                1,
                2,
                4
            ]
        ]
    }
}