{
    "optimal_time": 559.0,
    "opt_compute_time:": 0.016285044141113758,
    "spt_time": 602,
    "spt_compute_time": 9.439248981885612,
    "lpt_time": 686,
    "lpt_compute_time": 11.924691400490701,
    "n_jobs": 6,
    "n_resources": 6,
    "n_ops_per_job": 6,
    "max_op_time": 99,
    "jssp_identification": "6x6_1756_inst.json",
    "solution_optimality": "OPTIMAL",
    "jssp_instance": {
        "durations": [
            [
                83,
                6,
                8,
                28,
                94,
                94
            ],
            [
                78,
                27,
                95,
                93,
                86,
                29
            ],
            [
                27,
                16,
                78,
                37,
                14,
                79
            ],
            [
                7,
                24,
                40,
                17,
                6,
                83
            ],
            [
                84,
                68,
                79,
                53,
                87,
                80
            ],
            [
                69,
                68,
                34,
                95,
                17,
                58
            ]
        ],
        "machines": [
            [
                2,
                4,
                3,
                5,
                1,
                0
            ],
            [
                5,
                2,
                1,
                4,
                3,
                0
            ],
            [
                3,
                1,
                2,
                5,
                0,
                4
            ],
            [
                1,
                3,
                2,
                5,
                4,
                0
            ],
            [
                0,
                4,
                5,
                2,
                1,
                3
            ],
            [
                0,
                1,
                4,
                5,
                2,
                3
            ]
        ]
    }
}