{
    "optimal_time": 479.0,
    "opt_compute_time:": 0.011785103008151054,
    "spt_time": 577,
    "spt_compute_time": 9.013080870732665,
    "lpt_time": 526,
    "lpt_compute_time": 9.781133034266531,
    "n_jobs": 6,
    "n_resources": 6,
    "n_ops_per_job": 6,
    "max_op_time": 99,
    "jssp_identification": "6x6_543_inst.json",
    "solution_optimality": "OPTIMAL",
    "jssp_instance": {
        "durations": [
            [
                17,
                63,
                84,
                13,
                25,
                48
            ],
            [
                47,
                24,
                57,
                73,
                9,
                8
            ],
            [
                52,
                56,
                95,
                60,
                98,
                68
            ],
            [
                92,
                24,
                49,
                29,
                52,
                43
            ],
            [
                94,
                65,
                66,
                8,
                22,
                96
            ],
            [
                22,
                66,
                33,
                19,
                95,
                89
            ]
        ],
        "machines": [
            [
                1,
                3,
                4,
                2,
                5,
                0
            ],
            [
                0,
                4,
                2,
                5,
                1,
                3
            ],
            [
                4,
                1,
                5,
                3,
                2,
                0
            ],
            [
                5,
                2,
                4,
                0,
                3,
                1
            ],
            [
                0,
                3,
                4,
                2,
                1,
                5
            ],
            [
                2,
                5,
                3,
                1,
                0,
                4
            ]
        ]
    }
}