{
    "optimal_time": 527.0,
    "opt_compute_time:": 0.017231306992471218,
    "spt_time": 579,
    "spt_compute_time": 9.59453015960753,
    "lpt_time": 598,
    "lpt_compute_time": 10.946146450936794,
    "n_jobs": 6,
    "n_resources": 6,
    "n_ops_per_job": 6,
    "max_op_time": 99,
    "jssp_identification": "6x6_1028_inst.json",
    "solution_optimality": "OPTIMAL",
    "jssp_instance": {
        "durations": [
            [
                84,
                84,
                65,
                71,
                95,
                74
            ],
            [
                7,
                88,
                51,
                48,
                70,
                73
            ],
            [
                20,
                58,
                74,
                13,
                85,
                73
            ],
            [
                49,
                39,
                60,
                28,
                38,
                73
            ],
            [
                15,
                86,
                90,
                58,
                35,
                79
            ],
            [
                12,
                60,
                65,
                19,
                79,
                17
            ]
        ],
        "machines": [
            [
                4,
                3,
                1,
                2,
                5,
                0
            ],
            [
                3,
                2,
                1,
                4,
                5,
                0
            ],
            [
                3,
                1,
                0,
                2,
                4,
                5
            ],
            [
                1,
                4,
                3,
                0,
                2,
                5
            ],
            [
                2,
                5,
                0,
                1,
                4,
                3
            ],
            [
                3,
                0,
                4,
                5,
                2,
                1
            ]
        ]
    }
}