{
    "optimal_time": 450.0,
    "opt_compute_time:": 0.016678343527019024,
    "spt_time": 556,
    "spt_compute_time": 8.3000562293455,
    "lpt_time": 554,
    "lpt_compute_time": 10.49427805095911,
    "n_jobs": 6,
    "n_resources": 6,
    "n_ops_per_job": 6,
    "max_op_time": 99,
    "jssp_identification": "6x6_379_inst.json",
    "solution_optimality": "OPTIMAL",
    "jssp_instance": {
        "durations": [
            [
                10,
                55,
                48,
                24,
                44,
                17
            ],
            [
                20,
                25,
                58,
                7,
                12,
                50
            ],
            [
                65,
                45,
                74,
                81,
                76,
                77
            ],
            [
                17,
                21,
                21,
                37,
                18,
                81
            ],
            [
                16,
                81,
                37,
                32,
                9,
                94
            ],
            [
                31,
                68,
                17,
                38,
                33,
                58
            ]
        ],
        "machines": [
            [
                1,
                3,
                0,
                5,
                4,
                2
            ],
            [
                4,
                1,
                0,
                2,
                5,
                3
            ],
            [
                4,
                1,
                3,
                2,
                0,
                5
            ],
            [
                3,
                1,
                5,
                4,
                0,
                2
            ],
            [
                3,
                1,
                4,
                0,
                2,
                5
            ],
            [
                3,
                5,
                4,
                2,
                1,
                0
            ]
        ]
    }
}