{
    "optimal_time": 545.0,
    "opt_compute_time:": 0.011459081433713436,
    "spt_time": 639,
    "spt_compute_time": 13.100610353983939,
    "lpt_time": 654,
    "lpt_compute_time": 11.965129896998405,
    "n_jobs": 6,
    "n_resources": 6,
    "n_ops_per_job": 6,
    "max_op_time": 99,
    "jssp_identification": "6x6_712_inst.json",
    "solution_optimality": "OPTIMAL",
    "jssp_instance": {
        "durations": [
            [
                87,
                6,
                10,
                98,
                36,
                65
            ],
            [
                60,
                97,
                14,
                88,
                95,
                34
            ],
            [
                11,
                31,
                86,
                69,
                67,
                66
            ],
            [
                43,
                19,
                17,
                84,
                50,
                51
            ],
            [
                98,
                92,
                15,
                69,
                37,
                13
            ],
            [
                34,
                23,
                88,
                30,
                34,
                27
            ]
        ],
        "machines": [
            [
                4,
                5,
                0,
                3,
                1,
                2
            ],
            [
                4,
                0,
                1,
                5,
                3,
                2
            ],
            [
                0,
                5,
                4,
                2,
                3,
                1
            ],
            [
                2,
                1,
                4,
                3,
                0,
                5
            ],
            [
                2,
                0,
                5,
                4,
                1,
                3
            ],
            [
                4,
                0,
                3,
                1,
                2,
                5
            ]
        ]
    }
}