{
    "optimal_time": 499.0,
    "opt_compute_time:": 0.023817967623472214,
    "spt_time": 540,
    "spt_compute_time": 9.365604156628251,
    "lpt_time": 610,
    "lpt_compute_time": 10.861049422062933,
    "n_jobs": 6,
    "n_resources": 6,
    "n_ops_per_job": 6,
    "max_op_time": 99,
    "jssp_identification": "6x6_1713_inst.json",
    "solution_optimality": "OPTIMAL",
    "jssp_instance": {
        "durations": [
            [
                73,
                42,
                44,
                23,
                13,
                92
            ],
            [
                34,
                93,
                41,
                43,
                42,
                93
            ],
            [
                38,
                7,
                64,
                67,
                14,
                86
            ],
            [
                44,
                97,
                11,
                13,
                51,
                8
            ],
            [
                53,
                45,
                76,
                18,
                84,
                61
            ],
            [
                47,
                18,
                71,
                77,
                57,
                59
            ]
        ],
        "machines": [
            [
                0,
                5,
                3,
                1,
                4,
                2
            ],
            [
                2,
                4,
                5,
                0,
                1,
                3
            ],
            [
                1,
                3,
                5,
                2,
                4,
                0
            ],
            [
                5,
                3,
                2,
                1,
                0,
                4
            ],
            [
                1,
                4,
                5,
                0,
                3,
                2
            ],
            [
                5,
                1,
                4,
                0,
                2,
                3
            ]
        ]
    }
}