{
    "optimal_time": 483.0,
    "opt_compute_time:": 0.013809960335493088,
    "spt_time": 501,
    "spt_compute_time": 9.776531273499131,
    "lpt_time": 525,
    "lpt_compute_time": 10.975367384962738,
    "n_jobs": 6,
    "n_resources": 6,
    "n_ops_per_job": 6,
    "max_op_time": 99,
    "jssp_identification": "6x6_1208_inst.json",
    "solution_optimality": "OPTIMAL",
    "jssp_instance": {
        "durations": [
            [
                97,
                63,
                90,
                63,
                27,
                44
            ],
            [
                8,
                22,
                20,
                56,
                27,
                14
            ],
            [
                64,
                9,
                71,
                51,
                88,
                16
            ],
            [
                60,
                56,
                9,
                57,
                27,
                25
            ],
            [
                79,
                85,
                60,
                63,
                63,
                19
            ],
            [
                63,
                7,
                89,
                83,
                50,
                58
            ]
        ],
        "machines": [
            [
                5,
                4,
                0,
                2,
                3,
                1
            ],
            [
                0,
                5,
                1,
                4,
                2,
                3
            ],
            [
                0,
                5,
                1,
                4,
                3,
                2
            ],
            [
                0,
                3,
                1,
                4,
                2,
                5
            ],
            [
                4,
                0,
                1,
                3,
                2,
                5
            ],
            [
                3,
                4,
                2,
                1,
                5,
                0
            ]
        ]
    }
}