{
    "optimal_time": 490.0,
    "opt_compute_time:": 0.025410166941583157,
    "spt_time": 521,
    "spt_compute_time": 9.367820518091321,
    "lpt_time": 628,
    "lpt_compute_time": 11.58961390517652,
    "n_jobs": 6,
    "n_resources": 6,
    "n_ops_per_job": 6,
    "max_op_time": 99,
    "jssp_identification": "6x6_1335_inst.json",
    "solution_optimality": "OPTIMAL",
    "jssp_instance": {
        "durations": [
            [
                44,
                26,
                28,
                19,
                56,
                78
            ],
            [
                25,
                85,
                78,
                98,
                10,
                71
            ],
            [
                55,
                62,
                10,
                31,
                66,
                11
            ],
            [
                55,
                47,
                81,
                92,
                32,
                20
            ],
            [
                25,
                42,
                8,
                55,
                44,
                63
            ],
            [
                79,
                17,
                72,
                12,
                41,
                67
            ]
        ],
        "machines": [
            [
                3,
                5,
                0,
                4,
                1,
                2
            ],
            [
                0,
                4,
                2,
                1,
                5,
                3
            ],
            [
                4,
                5,
                2,
                1,
                0,
                3
            ],
            [
                5,
                4,
                1,
                3,
                2,
                0
            ],
            [
                3,
                0,
                5,
                1,
                2,
                4
            ],
            [
                3,
                1,
                5,
                0,
                4,
                2
            ]
        ]
    }
}