{
    "optimal_time": 497.0,
    "opt_compute_time:": 0.020875697024166584,
    "spt_time": 518,
    "spt_compute_time": 8.422813975252211,
    "lpt_time": 616,
    "lpt_compute_time": 12.71034342981875,
    "n_jobs": 6,
    "n_resources": 6,
    "n_ops_per_job": 6,
    "max_op_time": 99,
    "jssp_identification": "6x6_304_inst.json",
    "solution_optimality": "OPTIMAL",
    "jssp_instance": {
        "durations": [
            [
                63,
                56,
                96,
                83,
                31,
                19
            ],
            [
                64,
                59,
                41,
                59,
                97,
                10
            ],
            [
                7,
                62,
                8,
                9,
                90,
                73
            ],
            [
                86,
                83,
                41,
                9,
                63,
                45
            ],
            [
                75,
                9,
                67,
                70,
                13,
                7
            ],
            [
                17,
                57,
                16,
                34,
                73,
                6
            ]
        ],
        "machines": [
            [
                2,
                4,
                3,
                5,
                1,
                0
            ],
            [
                3,
                2,
                4,
                1,
                5,
                0
            ],
            [
                2,
                3,
                5,
                1,
                0,
                4
            ],
            [
                3,
                1,
                5,
                4,
                2,
                0
            ],
            [
                5,
                3,
                0,
                2,
                4,
                1
            ],
            [
                0,
                5,
                3,
                1,
                4,
                2
            ]
        ]
    }
}