{
    "optimal_time": 555.0,
    "opt_compute_time:": 0.03193758334964514,
    "spt_time": 593,
    "spt_compute_time": 8.945905935019255,
    "lpt_time": 803,
    "lpt_compute_time": 12.574567685835063,
    "n_jobs": 6,
    "n_resources": 6,
    "n_ops_per_job": 6,
    "max_op_time": 99,
    "jssp_identification": "6x6_1271_inst.json",
    "solution_optimality": "OPTIMAL",
    "jssp_instance": {
        "durations": [
            [
                44,
                82,
                51,
                59,
                77,
                87
            ],
            [
                8,
                67,
                79,
                22,
                82,
                76
            ],
            [
                48,
                89,
                13,
                67,
                92,
                69
            ],
            [
                12,
                92,
                8,
                11,
                10,
                31
            ],
            [
                62,
                76,
                52,
                71,
                75,
                73
            ],
            [
                19,
                30,
                26,
                62,
                78,
                22
            ]
        ],
        "machines": [
            [
                2,
                5,
                4,
                1,
                3,
                0
            ],
            [
                2,
                0,
                4,
                3,
                5,
                1
            ],
            [
                5,
                4,
                3,
                2,
                0,
                1
            ],
            [
                0,
                2,
                3,
                4,
                5,
                1
            ],
            [
                0,
                2,
                5,
                4,
                3,
                1
            ],
            [
                2,
                0,
                3,
                1,
                5,
                4
            ]
        ]
    }
}