{
    "optimal_time": 518.0,
    "opt_compute_time:": 0.01826064381748438,
    "spt_time": 547,
    "spt_compute_time": 10.78570075146854,
    "lpt_time": 620,
    "lpt_compute_time": 11.858665402047336,
    "n_jobs": 6,
    "n_resources": 6,
    "n_ops_per_job": 6,
    "max_op_time": 99,
    "jssp_identification": "6x6_785_inst.json",
    "solution_optimality": "OPTIMAL",
    "jssp_instance": {
        "durations": [
            [
                97,
                69,
                66,
                32,
                65,
                75
            ],
            [
                67,
                44,
                36,
                29,
                52,
                76
            ],
            [
                19,
                8,
                80,
                16,
                82,
                76
            ],
            [
                49,
                23,
                87,
                22,
                89,
                60
            ],
            [
                26,
                46,
                16,
                8,
                44,
                15
            ],
            [
                12,
                43,
                57,
                34,
                66,
                37
            ]
        ],
        "machines": [
            [
                5,
                2,
                1,
                3,
                0,
                4
            ],
            [
                4,
                2,
                5,
                1,
                3,
                0
            ],
            [
                2,
                4,
                1,
                5,
                0,
                3
            ],
            [
                5,
                4,
                1,
                2,
                0,
                3
            ],
            [
                1,
                2,
                4,
                3,
                5,
                0
            ],
            [
                5,
                3,
                1,
                2,
                0,
                4
            ]
        ]
    }
}