{
    "optimal_time": 560.0,
    "opt_compute_time:": 0.05676989443600178,
    "spt_time": 677,
    "spt_compute_time": 12.35282461810857,
    "lpt_time": 738,
    "lpt_compute_time": 11.933350420556962,
    "n_jobs": 6,
    "n_resources": 6,
    "n_ops_per_job": 6,
    "max_op_time": 99,
    "jssp_identification": "6x6_1653_inst.json",
    "solution_optimality": "OPTIMAL",
    "jssp_instance": {
        "durations": [
            [
                94,
                68,
                43,
                43,
                26,
                25
            ],
            [
                60,
                41,
                35,
                61,
                47,
                79
            ],
            [
                7,
                76,
                39,
                8,
                17,
                15
            ],
            [
                18,
                53,
                71,
                98,
                54,
                61
            ],
            [
                52,
                93,
                44,
                49,
                91,
                73
            ],
            [
                42,
                24,
                57,
                45,
                66,
                51
            ]
        ],
        "machines": [
            [
                1,
                3,
                0,
                5,
                2,
                4
            ],
            [
                2,
                4,
                3,
                1,
                5,
                0
            ],
            [
                5,
                0,
                2,
                1,
                4,
                3
            ],
            [
                0,
                1,
                3,
                5,
                4,
                2
            ],
            [
                1,
                3,
                4,
                2,
                5,
                0
            ],
            [
                0,
                3,
                1,
                5,
                2,
                4
            ]
        ]
    }
}