{
    "optimal_time": 508.0,
    "opt_compute_time:": 0.017806694842875004,
    "spt_time": 578,
    "spt_compute_time": 9.608593402430415,
    "lpt_time": 590,
    "lpt_compute_time": 12.644038242287934,
    "n_jobs": 6,
    "n_resources": 6,
    "n_ops_per_job": 6,
    "max_op_time": 99,
    "jssp_identification": "6x6_140_inst.json",
    "solution_optimality": "OPTIMAL",
    "jssp_instance": {
        "durations": [
            [
                36,
                76,
                22,
                88,
                45,
                98
            ],
            [
                40,
                66,
                95,
                69,
                36,
                33
            ],
            [
                45,
                81,
                36,
                80,
                77,
                59
            ],
            [
                10,
                20,
                30,
                83,
                59,
                77
            ],
            [
                48,
                51,
                37,
                93,
                32,
                7
            ],
            [
                52,
                44,
                42,
                79,
                94,
                13
            ]
        ],
        "machines": [
            [
                4,
                2,
                1,
                3,
                0,
                5
            ],
            [
                5,
                1,
                2,
                0,
                3,
                4
            ],
            [
                0,
                1,
                3,
                2,
                5,
                4
            ],
            [
                0,
                3,
                4,
                5,
                1,
                2
            ],
            [
                1,
                0,
                3,
                4,
                2,
                5
            ],
            [
                0,
                2,
                1,
                3,
                4,
                5
            ]
        ]
    }
}