{
    "optimal_time": 481.0,
    "opt_compute_time:": 0.018527611158788204,
    "spt_time": 500,
    "spt_compute_time": 10.956848807632923,
    "lpt_time": 667,
    "lpt_compute_time": 12.672909590415657,
    "n_jobs": 6,
    "n_resources": 6,
    "n_ops_per_job": 6,
    "max_op_time": 99,
    "jssp_identification": "6x6_1056_inst.json",
    "solution_optimality": "OPTIMAL",
    "jssp_instance": {
        "durations": [
            [
                54,
                20,
                20,
                48,
                97,
                10
            ],
            [
                35,
                85,
                26,
                70,
                12,
                52
            ],
            [
                7,
                45,
                13,
                70,
                15,
                91
            ],
            [
                90,
                93,
                88,
                34,
                10,
                83
            ],
            [
                42,
                34,
                11,
                51,
                26,
                50
            ],
            [
                28,
                21,
                79,
                37,
                75,
                96
            ]
        ],
        "machines": [
            [
                4,
                3,
                5,
                1,
                2,
                0
            ],
            [
                2,
                4,
                3,
                5,
                1,
                0
            ],
            [
                3,
                0,
                4,
                2,
                5,
                1
            ],
            [
                3,
                1,
                4,
                5,
                0,
                2
            ],
            [
                2,
                3,
                4,
                1,
                5,
                0
            ],
            [
                2,
                5,
                4,
                0,
                3,
                1
            ]
        ]
    }
}