{
    "optimal_time": 484.0,
    "opt_compute_time:": 0.0429476834833622,
    "spt_time": 594,
    "spt_compute_time": 11.636223608627915,
    "lpt_time": 704,
    "lpt_compute_time": 13.322475846856833,
    "n_jobs": 6,
    "n_resources": 6,
    "n_ops_per_job": 6,
    "max_op_time": 99,
    "jssp_identification": "6x6_1320_inst.json",
    "solution_optimality": "OPTIMAL",
    "jssp_instance": {
        "durations": [
            [
                60,
                70,
                95,
                19,
                63,
                15
            ],
            [
                33,
                87,
                12,
                49,
                23,
                84
            ],
            [
                56,
                48,
                10,
                39,
                44,
                78
            ],
            [
                64,
                6,
                88,
                88,
                26,
                29
            ],
            [
                58,
                7,
                78,
                15,
                39,
                74
            ],
            [
                66,
                89,
                77,
                54,
                91,
                24
            ]
        ],
        "machines": [
            [
                5,
                2,
                0,
                1,
                4,
                3
            ],
            [
                5,
                4,
                3,
                1,
                0,
                2
            ],
            [
                5,
                0,
                1,
                4,
                2,
                3
            ],
            [
                2,
                0,
                4,
                1,
                3,
                5
            ],
            [
                5,
                1,
                0,
                4,
                3,
                2
            ],
            [
                2,
                3,
                5,
                4,
                1,
                0
            ]
        ]
    }
}