{
    "optimal_time": 513.0,
    "opt_compute_time:": 0.0268821706995368,
    "spt_time": 529,
    "spt_compute_time": 10.114596825093031,
    "lpt_time": 570,
    "lpt_compute_time": 12.470754268579185,
    "n_jobs": 6,
    "n_resources": 6,
    "n_ops_per_job": 6,
    "max_op_time": 99,
    "jssp_identification": "6x6_1417_inst.json",
    "solution_optimality": "OPTIMAL",
    "jssp_instance": {
        "durations": [
            [
                85,
                45,
                63,
                16,
                96,
                60
            ],
            [
                34,
                23,
                52,
                7,
                10,
                11
            ],
            [
                66,
                62,
                50,
                30,
                68,
                12
            ],
            [
                30,
                76,
                42,
                82,
                86,
                95
            ],
            [
                87,
                53,
                82,
                75,
                9,
                20
            ],
            [
                50,
                18,
                40,
                88,
                81,
                42
            ]
        ],
        "machines": [
            [
                0,
                4,
                5,
                1,
                3,
                2
            ],
            [
                1,
                3,
                0,
                2,
                5,
                4
            ],
            [
                1,
                2,
                0,
                3,
                5,
                4
            ],
            [
                4,
                3,
                1,
                2,
                5,
                0
            ],
            [
                1,
                3,
                5,
                2,
                4,
                0
            ],
            [
                4,
                3,
                5,
                1,
                0,
                2
            ]
        ]
    }
}