{
    "optimal_time": 494.0,
    "opt_compute_time:": 0.014173640869557858,
    "spt_time": 598,
    "spt_compute_time": 10.71460980642587,
    "lpt_time": 555,
    "lpt_compute_time": 10.030116115696728,
    "n_jobs": 6,
    "n_resources": 6,
    "n_ops_per_job": 6,
    "max_op_time": 99,
    "jssp_identification": "6x6_1402_inst.json",
    "solution_optimality": "OPTIMAL",
    "jssp_instance": {
        "durations": [
            [
                70,
                31,
                84,
                61,
                96,
                12
            ],
            [
                36,
                29,
                23,
                51,
                8,
                44
            ],
            [
                18,
                64,
                23,
                90,
                51,
                40
            ],
            [
                87,
                17,
                59,
                86,
                55,
                25
            ],
            [
                78,
                59,
                22,
                53,
                95,
                29
            ],
            [
                88,
                66,
                37,
                29,
                32,
                47
            ]
        ],
        "machines": [
            [
                5,
                1,
                3,
                0,
                2,
                4
            ],
            [
                3,
                1,
                0,
                5,
                2,
                4
            ],
            [
                4,
                2,
                0,
                3,
                1,
                5
            ],
            [
                1,
                0,
                5,
                3,
                4,
                2
            ],
            [
                2,
                0,
                4,
                3,
                5,
                1
            ],
            [
                0,
                2,
                5,
                4,
                1,
                3
            ]
        ]
    }
}