{
    "optimal_time": 515.0,
    "opt_compute_time:": 0.01592190470546484,
    "spt_time": 557,
    "spt_compute_time": 11.006783108226955,
    "lpt_time": 625,
    "lpt_compute_time": 11.446482460945845,
    "n_jobs": 6,
    "n_resources": 6,
    "n_ops_per_job": 6,
    "max_op_time": 99,
    "jssp_identification": "6x6_621_inst.json",
    "solution_optimality": "OPTIMAL",
    "jssp_instance": {
        "durations": [
            [
                46,
                17,
                24,
                41,
                6,
                94
            ],
            [
                69,
                86,
                91,
                74,
                28,
                58
            ],
            [
                77,
                93,
                86,
                75,
                53,
                40
            ],
            [
                93,
                83,
                49,
                12,
                55,
                16
            ],
            [
                72,
                11,
                18,
                47,
                88,
                71
            ],
            [
                26,
                42,
                50,
                22,
                84,
                89
            ]
        ],
        "machines": [
            [
                1,
                3,
                0,
                5,
                2,
                4
            ],
            [
                0,
                1,
                2,
                5,
                4,
                3
            ],
            [
                0,
                5,
                3,
                1,
                2,
                4
            ],
            [
                3,
                2,
                5,
                4,
                1,
                0
            ],
            [
                5,
                1,
                2,
                4,
                3,
                0
            ],
            [
                2,
                5,
                3,
                0,
                1,
                4
            ]
        ]
    }
}