{
    "optimal_time": 547.0,
    "opt_compute_time:": 0.0488310232758522,
    "spt_time": 662,
    "spt_compute_time": 11.266096008010209,
    "lpt_time": 653,
    "lpt_compute_time": 12.170303534716368,
    "n_jobs": 6,
    "n_resources": 6,
    "n_ops_per_job": 6,
    "max_op_time": 99,
    "jssp_identification": "6x6_1978_inst.json",
    "solution_optimality": "OPTIMAL",
    "jssp_instance": {
        "durations": [
            [
                50,
                98,
                94,
                69,
                11,
                26
            ],
            [
                90,
                65,
                36,
                54,
                80,
                76
            ],
            [
                33,
                9,
                71,
                34,
                25,
                7
            ],
            [
                53,
                12,
                21,
                52,
                6,
                68
            ],
            [
                37,
                75,
                18,
                67,
                81,
                53
            ],
            [
                94,
                22,
                64,
                70,
                42,
                30
            ]
        ],
        "machines": [
            [
                0,
                2,
                5,
                1,
                4,
                3
            ],
            [
                0,
                5,
                4,
                2,
                3,
                1
            ],
            [
                0,
                1,
                3,
                5,
                4,
                2
            ],
            [
                3,
                1,
                2,
                0,
                4,
                5
            ],
            [
                0,
                4,
                3,
                2,
                1,
                5
            ],
            [
                3,
                1,
                0,
                5,
                2,
                4
            ]
        ]
    }
}