{
    "optimal_time": 493.0,
    "opt_compute_time:": 0.014507167041301727,
    "spt_time": 493,
    "spt_compute_time": 7.978298214264214,
    "lpt_time": 650,
    "lpt_compute_time": 12.578871329315007,
    "n_jobs": 6,
    "n_resources": 6,
    "n_ops_per_job": 6,
    "max_op_time": 99,
    "jssp_identification": "6x6_1959_inst.json",
    "solution_optimality": "OPTIMAL",
    "jssp_instance": {
        "durations": [
            [
                15,
                94,
                43,
                65,
                98,
                55
            ],
            [
                58,
                80,
                31,
                16,
                34,
                20
            ],
            [
                28,
                83,
                53,
                54,
                81,
                62
            ],
            [
                19,
                98,
                76,
                95,
                11,
                74
            ],
            [
                82,
                21,
                12,
                16,
                48,
                96
            ],
            [
                10,
                69,
                41,
                95,
                67,
                17
            ]
        ],
        "machines": [
            [
                3,
                1,
                4,
                2,
                5,
                0
            ],
            [
                3,
                5,
                4,
                0,
                2,
                1
            ],
            [
                0,
                2,
                1,
                3,
                5,
                4
            ],
            [
                3,
                0,
                5,
                4,
                2,
                1
            ],
            [
                4,
                5,
                0,
                3,
                2,
                1
            ],
            [
                3,
                5,
                4,
                0,
                2,
                1
            ]
        ]
    }
}