{
    "optimal_time": 501.0,
    "opt_compute_time:": 0.02157058659940958,
    "spt_time": 552,
    "spt_compute_time": 8.84780053421855,
    "lpt_time": 619,
    "lpt_compute_time": 11.884169722907245,
    "n_jobs": 6,
    "n_resources": 6,
    "n_ops_per_job": 6,
    "max_op_time": 99,
    "jssp_identification": "6x6_377_inst.json",
    "solution_optimality": "OPTIMAL",
    "jssp_instance": {
        "durations": [
            [
                53,
                8,
                42,
                36,
                51,
                37
            ],
            [
                20,
                72,
                82,
                64,
                27,
                81
            ],
            [
                47,
                93,
                10,
                89,
                86,
                46
            ],
            [
                56,
                34,
                50,
                69,
                8,
                37
            ],
            [
                79,
                69,
                57,
                57,
                72,
                22
            ],
            [
                91,
                21,
                67,
                54,
                78,
                17
            ]
        ],
        "machines": [
            [
                1,
                0,
                4,
                2,
                5,
                3
            ],
            [
                1,
                5,
                3,
                0,
                4,
                2
            ],
            [
                3,
                0,
                4,
                5,
                1,
                2
            ],
            [
                5,
                3,
                1,
                2,
                0,
                4
            ],
            [
                3,
                2,
                5,
                0,
                4,
                1
            ],
            [
                2,
                1,
                0,
                5,
                4,
                3
            ]
        ]
    }
}