{
    "optimal_time": 527.0,
    "opt_compute_time:": 0.013951441273093224,
    "spt_time": 610,
    "spt_compute_time": 11.276825700886548,
    "lpt_time": 639,
    "lpt_compute_time": 10.925889336504042,
    "n_jobs": 6,
    "n_resources": 6,
    "n_ops_per_job": 6,
    "max_op_time": 99,
    "jssp_identification": "6x6_1242_inst.json",
    "solution_optimality": "OPTIMAL",
    "jssp_instance": {
        "durations": [
            [
                77,
                64,
                25,
                26,
                63,
                94
            ],
            [
                18,
                65,
                76,
                88,
                53,
                75
            ],
            [
                45,
                19,
                36,
                20,
                65,
                72
            ],
            [
                67,
                23,
                56,
                54,
                93,
                36
            ],
            [
                57,
                15,
                53,
                92,
                73,
                95
            ],
            [
                18,
                26,
                14,
                23,
                83,
                68
            ]
        ],
        "machines": [
            [
                4,
                2,
                1,
                5,
                0,
                3
            ],
            [
                3,
                4,
                5,
                0,
                2,
                1
            ],
            [
                0,
                5,
                3,
                2,
                4,
                1
            ],
            [
                4,
                2,
                1,
                5,
                0,
                3
            ],
            [
                0,
                3,
                4,
                1,
                5,
                2
            ],
            [
                0,
                5,
                2,
                3,
                1,
                4
            ]
        ]
    }
}