{
    "optimal_time": 606.0,
    "opt_compute_time:": 0.03111230954527855,
    "spt_time": 661,
    "spt_compute_time": 11.618820273317397,
    "lpt_time": 697,
    "lpt_compute_time": 13.12263600807637,
    "n_jobs": 6,
    "n_resources": 6,
    "n_ops_per_job": 6,
    "max_op_time": 99,
    "jssp_identification": "6x6_1926_inst.json",
    "solution_optimality": "OPTIMAL",
    "jssp_instance": {
        "durations": [
            [
                44,
                65,
                91,
                88,
                43,
                90
            ],
            [
                25,
                42,
                57,
                71,
                25,
                60
            ],
            [
                92,
                44,
                66,
                75,
                65,
                57
            ],
            [
                20,
                80,
                76,
                82,
                45,
                97
            ],
            [
                37,
                50,
                44,
                91,
                93,
                47
            ],
            [
                97,
                47,
                71,
                23,
                25,
                25
            ]
        ],
        "machines": [
            [
                4,
                5,
                0,
                2,
                3,
                1
            ],
            [
                3,
                2,
                0,
                1,
                4,
                5
            ],
            [
                3,
                0,
                4,
                2,
                5,
                1
            ],
            [
                3,
                5,
                2,
                0,
                4,
                1
            ],
            [
                0,
                4,
                3,
                2,
                5,
                1
            ],
            [
                1,
                0,
                5,
                3,
                2,
                4
            ]
        ]
    }
}