{
    "optimal_time": 478.0,
    "opt_compute_time:": 0.020120750181376934,
    "spt_time": 505,
    "spt_compute_time": 9.62258106842637,
    "lpt_time": 692,
    "lpt_compute_time": 14.332841607742012,
    "n_jobs": 6,
    "n_resources": 6,
    "n_ops_per_job": 6,
    "max_op_time": 99,
    "jssp_identification": "6x6_1123_inst.json",
    "solution_optimality": "OPTIMAL",
    "jssp_instance": {
        "durations": [
            [
                25,
                63,
                64,
                89,
                18,
                8
            ],
            [
                33,
                68,
                79,
                83,
                48,
                28
            ],
            [
                97,
                9,
                50,
                23,
                6,
                98
            ],
            [
                28,
                33,
                30,
                21,
                13,
                70
            ],
            [
                59,
                55,
                44,
                24,
                22,
                96
            ],
            [
                18,
                71,
                11,
                13,
                56,
                91
            ]
        ],
        "machines": [
            [
                5,
                2,
                3,
                4,
                1,
                0
            ],
            [
                4,
                0,
                1,
                2,
                5,
                3
            ],
            [
                1,
                0,
                3,
                5,
                4,
                2
            ],
            [
                1,
                4,
                3,
                0,
                5,
                2
            ],
            [
                3,
                0,
                1,
                2,
                4,
                5
            ],
            [
                0,
                2,
                4,
                3,
                1,
                5
            ]
        ]
    }
}