{
    "optimal_time": 519.0,
    "opt_compute_time:": 0.019127667881548405,
    "spt_time": 604,
    "spt_compute_time": 9.802933950908482,
    "lpt_time": 610,
    "lpt_compute_time": 10.873762900941074,
    "n_jobs": 6,
    "n_resources": 6,
    "n_ops_per_job": 6,
    "max_op_time": 99,
    "jssp_identification": "6x6_1481_inst.json",
    "solution_optimality": "OPTIMAL",
    "jssp_instance": {
        "durations": [
            [
                35,
                63,
                35,
                80,
                6,
                98
            ],
            [
                90,
                39,
                31,
                20,
                19,
                70
            ],
            [
                65,
                86,
                79,
                91,
                67,
                44
            ],
            [
                6,
                37,
                60,
                38,
                72,
                77
            ],
            [
                94,
                37,
                33,
                13,
                51,
                59
            ],
            [
                53,
                50,
                84,
                64,
                40,
                6
            ]
        ],
        "machines": [
            [
                2,
                1,
                5,
                0,
                4,
                3
            ],
            [
                1,
                4,
                0,
                5,
                2,
                3
            ],
            [
                4,
                2,
                5,
                0,
                1,
                3
            ],
            [
                0,
                4,
                1,
                3,
                5,
                2
            ],
            [
                2,
                4,
                0,
                5,
                3,
                1
            ],
            [
                5,
                0,
                2,
                1,
                4,
                3
            ]
        ]
    }
}