{
    "optimal_time": 522.0,
    "opt_compute_time:": 0.035681053064763546,
    "spt_time": 579,
    "spt_compute_time": 9.579354877583683,
    "lpt_time": 668,
    "lpt_compute_time": 12.75941547844559,
    "n_jobs": 6,
    "n_resources": 6,
    "n_ops_per_job": 6,
    "max_op_time": 99,
    "jssp_identification": "6x6_473_inst.json",
    "solution_optimality": "OPTIMAL",
    "jssp_instance": {
        "durations": [
            [
                67,
                57,
                71,
                77,
                69,
                19
            ],
            [
                86,
                88,
                87,
                39,
                30,
                8
            ],
            [
                37,
                78,
                41,
                29,
                70,
                57
            ],
            [
                76,
                85,
                36,
                72,
                50,
                32
            ],
            [
                76,
                29,
                42,
                92,
                45,
                73
            ],
            [
                47,
                55,
                85,
                52,
                77,
                73
            ]
        ],
        "machines": [
            [
                3,
                1,
                2,
                5,
                0,
                4
            ],
            [
                1,
                5,
                0,
                4,
                3,
                2
            ],
            [
                3,
                5,
                0,
                4,
                2,
                1
            ],
            [
                3,
                0,
                5,
                1,
                2,
                4
            ],
            [
                1,
                0,
                5,
                4,
                2,
                3
            ],
            [
                4,
                5,
                0,
                2,
                1,
                3
            ]
        ]
    }
}