{
    "optimal_time": 512.0,
    "opt_compute_time:": 0.014563091099262238,
    "spt_time": 594,
    "spt_compute_time": 8.871315125375986,
    "lpt_time": 584,
    "lpt_compute_time": 10.787018320523202,
    "n_jobs": 6,
    "n_resources": 6,
    "n_ops_per_job": 6,
    "max_op_time": 99,
    "jssp_identification": "6x6_1672_inst.json",
    "solution_optimality": "OPTIMAL",
    "jssp_instance": {
        "durations": [
            [
                26,
                47,
                28,
                64,
                83,
                34
            ],
            [
                52,
                57,
                97,
                15,
                78,
                31
            ],
            [
                45,
                69,
                16,
                6,
                41,
                44
            ],
            [
                88,
                79,
                42,
                95,
                93,
                7
            ],
            [
                22,
                51,
                18,
                30,
                67,
                20
            ],
            [
                75,
                75,
                98,
                77,
                87,
                27
            ]
        ],
        "machines": [
            [
                2,
                3,
                1,
                5,
                4,
                0
            ],
            [
                0,
                2,
                1,
                5,
                3,
                4
            ],
            [
                4,
                0,
                5,
                3,
                1,
                2
            ],
            [
                1,
                0,
                4,
                5,
                3,
                2
            ],
            [
                3,
                1,
                4,
                0,
                2,
                5
            ],
            [
                5,
                4,
                1,
                0,
                2,
                3
            ]
        ]
    }
}