{
    "optimal_time": 553.0,
    "opt_compute_time:": 0.031121923588216305,
    "spt_time": 659,
    "spt_compute_time": 11.37213718239218,
    "lpt_time": 813,
    "lpt_compute_time": 14.440831095911562,
    "n_jobs": 6,
    "n_resources": 6,
    "n_ops_per_job": 6,
    "max_op_time": 99,
    "jssp_identification": "6x6_1405_inst.json",
    "solution_optimality": "OPTIMAL",
    "jssp_instance": {
        "durations": [
            [
                75,
                11,
                11,
                50,
                74,
                81
            ],
            [
                48,
                95,
                95,
                30,
                45,
                97
            ],
            [
                40,
                22,
                71,
                23,
                8,
                85
            ],
            [
                13,
                83,
                80,
                40,
                41,
                70
            ],
            [
                91,
                50,
                90,
                59,
                7,
                82
            ],
            [
                80,
                63,
                21,
                68,
                45,
                61
            ]
        ],
        "machines": [
            [
                4,
                2,
                3,
                1,
                0,
                5
            ],
            [
                5,
                2,
                0,
                1,
                4,
                3
            ],
            [
                0,
                1,
                2,
                4,
                5,
                3
            ],
            [
                1,
                5,
                0,
                3,
                4,
                2
            ],
            [
                2,
                4,
                5,
                3,
                1,
                0
            ],
            [
                4,
                2,
                0,
                5,
                1,
                3
            ]
        ]
    }
}