{
    "optimal_time": 404.0,
    "opt_compute_time:": 0.024532700888812542,
    "spt_time": 415,
    "spt_compute_time": 6.338732804171741,
    "lpt_time": 533,
    "lpt_compute_time": 8.954007069580257,
    "n_jobs": 6,
    "n_resources": 6,
    "n_ops_per_job": 6,
    "max_op_time": 99,
    "jssp_identification": "6x6_3_inst.json",
    "solution_optimality": "OPTIMAL",
    "jssp_instance": {
        "durations": [
            [
                33,
                45,
                56,
                93,
                31,
                31
            ],
            [
                77,
                8,
                84,
                27,
                91,
                52
            ],
            [
                62,
                66,
                27,
                34,
                43,
                86
            ],
            [
                13,
                25,
                53,
                57,
                70,
                33
            ],
            [
                19,
                28,
                81,
                75,
                58,
                21
            ],
            [
                21,
                10,
                45,
                84,
                37,
                14
            ]
        ],
        "machines": [
            [
                5,
                3,
                1,
                2,
                0,
                4
            ],
            [
                2,
                4,
                3,
                5,
                0,
                1
            ],
            [
                1,
                4,
                0,
                2,
                5,
                3
            ],
            [
                0,
                1,
                3,
                4,
                2,
                5
            ],
            [
                4,
                2,
                0,
                5,
                3,
                1
            ],
            [
                2,
                3,
                5,
                0,
                1,
                4
            ]
        ]
    }
}