{
    "optimal_time": 570.0,
    "opt_compute_time:": 0.01810323540121317,
    "spt_time": 632,
    "spt_compute_time": 10.678207056596875,
    "lpt_time": 755,
    "lpt_compute_time": 13.771945572458208,
    "n_jobs": 6,
    "n_resources": 6,
    "n_ops_per_job": 6,
    "max_op_time": 99,
    "jssp_identification": "6x6_1698_inst.json",
    "solution_optimality": "OPTIMAL",
    "jssp_instance": {
        "durations": [
            [
                80,
                48,
                77,
                48,
                35,
                51
            ],
            [
                92,
                95,
                55,
                51,
                8,
                87
            ],
            [
                41,
                37,
                79,
                95,
                97,
                30
            ],
            [
                93,
                19,
                54,
                81,
                73,
                68
            ],
            [
                75,
                45,
                48,
                56,
                94,
                90
            ],
            [
                16,
                16,
                80,
                98,
                76,
                49
            ]
        ],
        "machines": [
            [
                5,
                4,
                2,
                3,
                1,
                0
            ],
            [
                0,
                5,
                2,
                4,
                1,
                3
            ],
            [
                0,
                1,
                3,
                2,
                5,
                4
            ],
            [
                5,
                4,
                0,
                3,
                2,
                1
            ],
            [
                4,
                1,
                0,
                3,
                5,
                2
            ],
            [
                1,
                2,
                5,
                3,
                0,
                4
            ]
        ]
    }
}