{
    "optimal_time": 550.0,
    "opt_compute_time:": 0.022525153122842312,
    "spt_time": 693,
    "spt_compute_time": 9.670737299136817,
    "lpt_time": 550,
    "lpt_compute_time": 11.87215931341052,
    "n_jobs": 6,
    "n_resources": 6,
    "n_ops_per_job": 6,
    "max_op_time": 99,
    "jssp_identification": "6x6_1862_inst.json",
    "solution_optimality": "OPTIMAL",
    "jssp_instance": {
        "durations": [
            [
                88,
                44,
                28,
                89,
                53,
                8
            ],
            [
                81,
                74,
                51,
                59,
                68,
                55
            ],
            [
                73,
                43,
                90,
                71,
                16,
                36
            ],
            [
                91,
                22,
                17,
                11,
                88,
                90
            ],
            [
                39,
                70,
                92,
                21,
                33,
                38
            ],
            [
                87,
                89,
                87,
                76,
                58,
                63
            ]
        ],
        "machines": [
            [
                4,
                3,
                0,
                2,
                1,
                5
            ],
            [
                2,
                5,
                1,
                4,
                3,
                0
            ],
            [
                4,
                0,
                5,
                2,
                3,
                1
            ],
            [
                5,
                2,
                1,
                3,
                4,
                0
            ],
            [
                1,
                3,
                5,
                2,
                0,
                4
            ],
            [
                1,
                4,
                3,
                0,
                2,
                5
            ]
        ]
    }
}