{
    "optimal_time": 494.0,
    "opt_compute_time:": 0.012443960644304752,
    "spt_time": 584,
    "spt_compute_time": 9.514177673496306,
    "lpt_time": 639,
    "lpt_compute_time": 10.981946410611272,
    "n_jobs": 6,
    "n_resources": 6,
    "n_ops_per_job": 6,
    "max_op_time": 99,
    "jssp_identification": "6x6_1080_inst.json",
    "solution_optimality": "OPTIMAL",
    "jssp_instance": {
        "durations": [
            [
                71,
                80,
                82,
                30,
                77,
                60
            ],
            [
                8,
                88,
                95,
                49,
                23,
                39
            ],
            [
                45,
                72,
                41,
                45,
                63,
                35
            ],
            [
                36,
                98,
                37,
                70,
                87,
                19
            ],
            [
                79,
                45,
                24,
                41,
                64,
                6
            ],
            [
                61,
                10,
                13,
                95,
                91,
                10
            ]
        ],
        "machines": [
            [
                5,
                4,
                3,
                0,
                1,
                2
            ],
            [
                5,
                3,
                1,
                0,
                2,
                4
            ],
            [
                2,
                4,
                3,
                0,
                5,
                1
            ],
            [
                1,
                4,
                5,
                2,
                3,
                0
            ],
            [
                0,
                5,
                1,
                2,
                3,
                4
            ],
            [
                3,
                5,
                1,
                0,
                2,
                4
            ]
        ]
    }
}