{
    "optimal_time": 615.0,
    "opt_compute_time:": 0.03053227160125971,
    "spt_time": 837,
    "spt_compute_time": 15.697943876497447,
    "lpt_time": 681,
    "lpt_compute_time": 15.355289406143129,
    "n_jobs": 6,
    "n_resources": 6,
    "n_ops_per_job": 6,
    "max_op_time": 99,
    "jssp_identification": "6x6_38_inst.json",
    "solution_optimality": "OPTIMAL",
    "jssp_instance": {
        "durations": [
            [
                80,
                39,
                85,
                79,
                8,
                30
            ],
            [
                48,
                90,
                59,
                72,
                81,
                57
            ],
            [
                85,
                31,
                42,
                30,
                11,
                76
            ],
            [
                52,
                97,
                82,
                53,
                63,
                87
            ],
            [
                70,
                76,
                62,
                83,
                65,
                91
            ],
            [
                76,
                32,
                39,
                68,
                62,
                88
            ]
        ],
        "machines": [
            [
                1,
                2,
                0,
                5,
                3,
                4
            ],
            [
                2,
                0,
                4,
                5,
                3,
                1
            ],
            [
                4,
                0,
                1,
                2,
                3,
                5
            ],
            [
                2,
                1,
                5,
                3,
                4,
                0
            ],
            [
                0,
                1,
                2,
                5,
                4,
                3
            ],
            [
                5,
                4,
                1,
                0,
                2,
                3
            ]
        ]
    }
}