{
    "optimal_time": 472.0,
    "opt_compute_time:": 0.03057671431452036,
    "spt_time": 582,
    "spt_compute_time": 9.603590610437095,
    "lpt_time": 603,
    "lpt_compute_time": 11.325822460465133,
    "n_jobs": 6,
    "n_resources": 6,
    "n_ops_per_job": 6,
    "max_op_time": 99,
    "jssp_identification": "6x6_1343_inst.json",
    "solution_optimality": "OPTIMAL",
    "jssp_instance": {
        "durations": [
            [
                11,
                20,
                80,
                78,
                25,
                41
            ],
            [
                71,
                45,
                8,
                18,
                57,
                72
            ],
            [
                83,
                84,
                94,
                48,
                31,
                20
            ],
            [
                95,
                12,
                85,
                35,
                62,
                72
            ],
            [
                24,
                50,
                22,
                10,
                12,
                49
            ],
            [
                66,
                47,
                91,
                77,
                27,
                67
            ]
        ],
        "machines": [
            [
                0,
                1,
                2,
                3,
                4,
                5
            ],
            [
                0,
                1,
                3,
                4,
                5,
                2
            ],
            [
                5,
                3,
                0,
                4,
                2,
                1
            ],
            [
                1,
                5,
                2,
                4,
                3,
                0
            ],
            [
                0,
                3,
                5,
                4,
                1,
                2
            ],
            [
                2,
                5,
                3,
                4,
                1,
                0
            ]
        ]
    }
}