{
    "optimal_time": 476.0,
    "opt_compute_time:": 0.012387619353830814,
    "spt_time": 574,
    "spt_compute_time": 9.053812934085727,
    "lpt_time": 531,
    "lpt_compute_time": 8.915488629601896,
    "n_jobs": 6,
    "n_resources": 6,
    "n_ops_per_job": 6,
    "max_op_time": 99,
    "jssp_identification": "6x6_1769_inst.json",
    "solution_optimality": "OPTIMAL",
    "jssp_instance": {
        "durations": [
            [
                73,
                41,
                12,
                9,
                19,
                69
            ],
            [
                19,
                7,
                14,
                75,
                87,
                75
            ],
            [
                36,
                22,
                76,
                97,
                64,
                93
            ],
            [
                89,
                81,
                8,
                34,
                18,
                7
            ],
            [
                42,
                10,
                66,
                60,
                28,
                51
            ],
            [
                13,
                90,
                72,
                30,
                31,
                79
            ]
        ],
        "machines": [
            [
                1,
                0,
                3,
                2,
                5,
                4
            ],
            [
                1,
                3,
                4,
                2,
                5,
                0
            ],
            [
                5,
                3,
                0,
                1,
                4,
                2
            ],
            [
                0,
                1,
                3,
                2,
                4,
                5
            ],
            [
                0,
                3,
                1,
                4,
                5,
                2
            ],
            [
                4,
                2,
                0,
                3,
                5,
                1
            ]
        ]
    }
}