{
    "optimal_time": 490.0,
    "opt_compute_time:": 0.020383944734930992,
    "spt_time": 592,
    "spt_compute_time": 9.389497740194201,
    "lpt_time": 616,
    "lpt_compute_time": 11.135528753511608,
    "n_jobs": 6,
    "n_resources": 6,
    "n_ops_per_job": 6,
    "max_op_time": 99,
    "jssp_identification": "6x6_1255_inst.json",
    "solution_optimality": "OPTIMAL",
    "jssp_instance": {
        "durations": [
            [
                78,
                39,
                90,
                35,
                71,
                67
            ],
            [
                43,
                82,
                39,
                30,
                66,
                51
            ],
            [
                24,
                15,
                50,
                78,
                91,
                7
            ],
            [
                49,
                56,
                43,
                21,
                28,
                87
            ],
            [
                10,
                23,
                38,
                10,
                67,
                80
            ],
            [
                29,
                85,
                6,
                89,
                60,
                49
            ]
        ],
        "machines": [
            [
                4,
                0,
                1,
                3,
                5,
                2
            ],
            [
                4,
                5,
                1,
                0,
                3,
                2
            ],
            [
                0,
                3,
                4,
                1,
                2,
                5
            ],
            [
                1,
                3,
                2,
                4,
                0,
                5
            ],
            [
                2,
                3,
                0,
                5,
                1,
                4
            ],
            [
                2,
                3,
                0,
                5,
                4,
                1
            ]
        ]
    }
}