{
    "optimal_time": 438.0,
    "opt_compute_time:": 0.029968027025461197,
    "spt_time": 454,
    "spt_compute_time": 8.678488022647798,
    "lpt_time": 478,
    "lpt_compute_time": 9.36094228643924,
    "n_jobs": 6,
    "n_resources": 6,
    "n_ops_per_job": 6,
    "max_op_time": 99,
    "jssp_identification": "6x6_118_inst.json",
    "solution_optimality": "OPTIMAL",
    "jssp_instance": {
        "durations": [
            [
                13,
                68,
                6,
                61,
                9,
                59
            ],
            [
                36,
                25,
                46,
                54,
                55,
                6
            ],
            [
                24,
                82,
                85,
                77,
                21,
                18
            ],
            [
                98,
                67,
                38,
                36,
                97,
                11
            ],
            [
                38,
                79,
                57,
                65,
                26,
                60
            ],
            [
                9,
                65,
                45,
                10,
                64,
                44
            ]
        ],
        "machines": [
            [
                2,
                3,
                1,
                0,
                5,
                4
            ],
            [
                4,
                2,
                5,
                3,
                1,
                0
            ],
            [
                5,
                0,
                1,
                4,
                2,
                3
            ],
            [
                0,
                1,
                4,
                2,
                3,
                5
            ],
            [
                2,
                5,
                0,
                4,
                1,
                3
            ],
            [
                4,
                3,
                2,
                0,
                1,
                5
            ]
        ]
    }
}