{
    "optimal_time": 560.0,
    "opt_compute_time:": 0.0317102475091815,
    "spt_time": 640,
    "spt_compute_time": 12.097853971645236,
    "lpt_time": 683,
    "lpt_compute_time": 15.108563902787864,
    "n_jobs": 6,
    "n_resources": 6,
    "n_ops_per_job": 6,
    "max_op_time": 99,
    "jssp_identification": "6x6_596_inst.json",
    "solution_optimality": "OPTIMAL",
    "jssp_instance": {
        "durations": [
            [
                16,
                24,
                66,
                21,
                41,
                74
            ],
            [
                57,
                12,
                48,
                16,
                93,
                14
            ],
            [
                96,
                95,
                46,
                13,
                34,
                10
            ],
            [
                89,
                96,
                49,
                81,
                84,
                64
            ],
            [
                59,
                92,
                28,
                92,
                55,
                80
            ],
            [
                37,
                63,
                14,
                63,
                10,
                19
            ]
        ],
        "machines": [
            [
                0,
                1,
                5,
                3,
                4,
                2
            ],
            [
                0,
                3,
                1,
                2,
                5,
                4
            ],
            [
                3,
                5,
                0,
                2,
                1,
                4
            ],
            [
                1,
                0,
                3,
                5,
                4,
                2
            ],
            [
                0,
                3,
                1,
                4,
                5,
                2
            ],
            [
                4,
                3,
                0,
                2,
                5,
                1
            ]
        ]
    }
}