{
    "optimal_time": 1294.0,
    "opt_compute_time:": 2003.2537152292207,
    "spt_time": 1483,
    "spt_compute_time": 61.22354802489281,
    "lpt_time": 1653,
    "lpt_compute_time": 66.38103672675788,
    "n_jobs": 15,
    "n_resources": 15,
    "n_ops_per_job": 15,
    "max_op_time": 99,
    "jssp_identification": "15x15_104_inst.json",
    "solution_optimality": "OPTIMAL",
    "jssp_instance": {
        "durations": [
            [
                18,
                56,
                61,
                18,
                91,
                61,
                89,
                43,
                55,
                74,
                26,
                62,
                60,
                67,
                29
            ],
            [
                15,
                39,
                36,
                79,
                40,
                95,
                69,
                30,
                63,
                40,
                40,
                77,
                59,
                78,
                80
            ],
            [
                88,
                37,
                27,
                90,
                41,
                55,
                40,
                78,
                61,
                43,
                74,
                93,
                34,
                62,
                45
            ],
            [
                68,
                79,
                67,
                20,
                72,
                70,
                46,
                71,
                67,
                18,
                53,
                71,
                31,
                76,
                30
            ],
            [
                32,
                51,
                18,
                92,
                95,
                76,
                25,
                90,
                75,
                37,
                38,
                62,
                75,
                16,
                40
            ],
            [
                46,
                32,
                21,
                62,
                84,
                81,
                71,
                44,
                25,
                47,
                70,
                38,
                65,
                47,
                53
            ],
            [
                65,
                25,
                97,
                30,
                22,
                57,
                65,
                91,
                24,
                39,
                19,
                82,
                76,
                19,
                70
            ],
            [
                78,
                17,
                26,
                45,
                80,
                36,
                24,
                77,
                73,
                47,
                88,
                97,
                73,
                83,
                28
            ],
            [
                51,
                26,
                72,
                62,
                32,
                72,
                69,
                43,
                91,
                68,
                50,
                82,
                35,
                60,
                97
            ],
            [
                67,
                86,
                94,
                42,
                85,
                93,
                26,
                36,
                19,
                69,
                73,
                76,
                19,
                84,
                17
            ],
            [
                15,
                22,
                80,
                67,
                28,
                90,
                62,
                91,
                27,
                96,
                93,
                79,
                44,
                21,
                52
            ],
            [
                85,
                58,
                57,
                96,
                48,
                21,
                85,
                51,
                36,
                85,
                54,
                80,
                17,
                91,
                65
            ],
            [
                34,
                43,
                76,
                43,
                60,
                62,
                68,
                39,
                30,
                68,
                66,
                37,
                53,
                61,
                39
            ],
            [
                19,
                15,
                57,
                41,
                38,
                82,
                30,
                76,
                67,
                80,
                47,
                75,
                93,
                51,
                53
            ],
            [
                35,
                44,
                21,
                67,
                51,
                25,
                92,
                27,
                66,
                77,
                37,
                63,
                96,
                69,
                51
            ]
        ],