{
    "optimal_time": 1444.0,
    "opt_compute_time:": 134.9847598168999,
    "spt_time": 1669,
    "spt_compute_time": 74.15942011680454,
    "lpt_time": 1883,
    "lpt_compute_time": 78.29841999150813,
    "n_jobs": 15,
    "n_resources": 15,
    "n_ops_per_job": 15,
    "max_op_time": 99,
    "jssp_identification": "15x15_147_inst.json",
    "solution_optimality": "OPTIMAL",
    "jssp_instance": {
        "durations": [
            [
                45,
                71,
                38,
                69,
                22,
                79,
                48,
                56,
                33,
                96,
                52,
                32,
                94,
                59,
                89
            ],
            [
                63,
                90,
                25,
                66,
                39,
                90,
                87,
                16,
                19,
                15,
                88,
                56,
                37,
                46,
                89
            ],
            [
                51,
                52,
                45,
                27,
                93,
                23,
                44,
                80,
                57,
                52,
                82,
                15,
                16,
                66,
                17
            ],
            [
                50,
                83,
                39,
                44,
                81,
                87,
                78,
                94,
                88,
                87,
                98,
                23,
                81,
                71,
                87
            ],
            [
                79,
                36,
                72,
                32,
                68,
                48,
                39,
                79,
                49,
                43,
                57,
                18,
                60,
                41,
                45
            ],
            [
                76,
                18,
                83,
                59,
                90,
                57,
                43,
                48,
                29,
                62,
                64,
                46,
                43,
                64,
                83
            ],
            [
                55,
                76,
                74,
                34,
                85,
                25,
                74,
                89,
                98,
                27,
                69,
                64,
                84,
                58,
                44
            ],
            [
                33,
                82,
                97,
                19,
                39,
                44,
                22,
                19,
                29,
                41,
                41,
                90,
                86,
                18,
                82
            ],
            [
                31,
                83,
                98,
                91,
                46,
                91,
                68,
                35,
                53,
                21,
                46,
                77,
                51,
                15,
                41
            ],
            [
                68,
                47,
                97,
                89,
                91,
                83,
                45,
                97,
                36,
                42,
                48,
                78,
                64,
                21,
                85
            ],
            [
                41,
                54,
                63,
                93,
                54,
                97,
                34,
                31,
                67,
                52,
                93,
                84,
                40,
                61,
                26
            ],
            [
                55,
                79,
                75,
                38,
                84,
                93,
                94,
                16,
                55,
                92,
                91,
                57,
                81,
                20,
                95
            ],
            [
                34,
                39,
                37,
                78,
                46,
                43,
                95,
                67,
                37,
                86,
                61,
                27,
                86,
                51,
                89
            ],
            [
                50,
                46,
                57,
                46,
                63,
                19,
                85,
                69,
                63,
                20,
                61,
                32,
                45,
                63,
                85
            ],
            [
                88,
                25,
                34,
                86,
                43,
                55,
                84,
                77,
                32,
                52,
                38,
                62,
                37,
                35,
                92
            ]
        ],