{
    "optimal_time": 1337.0,
    "opt_compute_time:": 1144.0729512907565,
    "spt_time": 1522,
    "spt_compute_time": 69.04390936158597,
    "lpt_time": 1924,
    "lpt_compute_time": 76.66855632420629,
    "n_jobs": 15,
    "n_resources": 15,
    "n_ops_per_job": 15,
    "max_op_time": 99,
    "jssp_identification": "15x15_110_inst.json",
    "solution_optimality": "OPTIMAL",
    "jssp_instance": {
        "durations": [
            [
                27,
                63,
                64,
                24,
                74,
                97,
                64,
                23,
                25,
                20,
                26,
                84,
                46,
                96,
                58
            ],
            [
                65,
                59,
                50,
                73,
                94,
                46,
                73,
                80,
                63,
                91,
                17,
                34,
                66,
                21,
                60
            ],
            [
                29,
                95,
                45,
                19,
                90,
                36,
                98,
                35,
                77,
                35,
                83,
                84,
                31,
                53,
                86
            ],
            [
                16,
                50,
                35,
                66,
                17,
                70,
                30,
                28,
                70,
                15,
                86,
                54,
                51,
                62,
                89
            ],
            [
                56,
                58,
                51,
                28,
                62,
                86,
                90,
                18,
                26,
                68,
                28,
                44,
                49,
                52,
                91
            ],
            [
                41,
                98,
                57,
                30,
                85,
                98,
                80,
                62,
                77,
                78,
                84,
                29,
                43,
                79,
                40
            ],
            [
                74,
                16,
                39,
                31,
                80,
                52,
                82,
                61,
                90,
                50,
                82,
                34,
                80,
                95,
                63
            ],
            [
                20,
                66,
                76,
                31,
                39,
                53,
                25,
                63,
                63,
                93,
                63,
                49,
                58,
                90,
                27
            ],
            [
                87,
                92,
                76,
                62,
                96,
                57,
                78,
                44,
                15,
                72,
                95,
                63,
                26,
                46,
                41
            ],
            [
                82,
                83,
                72,
                91,
                19,
                54,
                47,
                76,
                71,
                20,
                20,
                71,
                78,
                25,
                20
            ],
            [
                52,
                65,
                95,
                47,
                15,
                39,
                77,
                78,
                88,
                55,
                29,
                29,
                19,
                52,
                96
            ],
            [
                79,
                40,
                30,
                26,
                35,
                19,
                58,
                37,
                35,
                43,
                29,
                68,
                94,
                96,
                44
            ],
            [
                28,
                29,
                77,
                82,
                71,
                74,
                73,
                53,
                58,
                21,
                54,
                85,
                76,
                76,
                41
            ],
            [
                16,
                34,
                59,
                45,
                45,
                23,
                54,
                96,
                70,
                85,
                33,
                85,
                50,
                49,
                80
            ],
            [
                19,
                73,
                20,
                54,
                67,
                44,
                67,
                46,
                72,
                68,
                98,
                87,
                16,
                38,
                66
            ]
        ],