{
    "optimal_time": 1328.0,
    "opt_compute_time:": 52.864255705848336,
    "spt_time": 1525,
    "spt_compute_time": 74.07807420101017,
    "lpt_time": 1656,
    "lpt_compute_time": 78.46370617672801,
    "n_jobs": 15,
    "n_resources": 15,
    "n_ops_per_job": 15,
    "max_op_time": 99,
    "jssp_identification": "15x15_46_inst.json",
    "solution_optimality": "OPTIMAL",
    "jssp_instance": {
        "durations": [
            [
                58,
                69,
                86,
                65,
                67,
                48,
                68,
                40,
                54,
                58,
                56,
                93,
                96,
                65,
                90
            ],
            [
                64,
                64,
                73,
                20,
                95,
                95,
                75,
                24,
                22,
                77,
                80,
                88,
                60,
                29,
                56
            ],
            [
                50,
                43,
                61,
                46,
                52,
                26,
                62,
                37,
                16,
                75,
                76,
                92,
                21,
                34,
                60
            ],
            [
                90,
                22,
                37,
                41,
                23,
                30,
                74,
                66,
                41,
                49,
                15,
                16,
                83,
                27,
                85
            ],
            [
                91,
                28,
                80,
                32,
                54,
                48,
                89,
                32,
                87,
                56,
                21,
                44,
                62,
                58,
                60
            ],
            [
                55,
                65,
                82,
                30,
                96,
                87,
                84,
                29,
                47,
                67,
                23,
                19,
                90,
                89,
                82
            ],
            [
                38,
                47,
                61,
                70,
                66,
                18,
                49,
                68,
                55,
                64,
                59,
                25,
                53,
                67,
                65
            ],
            [
                69,
                45,
                62,
                40,
                17,
                81,
                89,
                97,
                41,
                59,
                71,
                37,
                82,
                27,
                46
            ],
            [
                48,
                75,
                67,
                75,
                17,
                45,
                60,
                40,
                86,
                90,
                15,
                52,
                55,
                26,
                21
            ],
            [
                88,
                96,
                61,
                49,
                19,
                74,
                97,
                27,
                42,
                39,
                36,
                60,
                15,
                55,
                65
            ],
            [
                82,
                96,
                67,
                41,
                72,
                65,
                92,
                40,
                28,
                73,
                68,
                50,
                68,
                19,
                16
            ],
            [
                71,
                17,
                18,
                82,
                95,
                92,
                50,
                18,
                72,
                54,
                84,
                18,
                76,
                79,
                22
            ],
            [
                16,
                26,
                66,
                25,
                43,
                82,
                15,
                33,
                68,
                90,
                21,
                27,
                29,
                72,
                90
            ],
            [
                29,
                58,
                90,
                37,
                72,
                74,
                25,
                15,
                57,
                26,
                35,
                82,
                46,
                87,
                58
            ],
            [
                87,
                71,
                59,
                44,
                98,
                59,
                67,
                77,
                48,
                53,
                41,
                46,
                97,
                85,
                25
            ]
        ],