{
    "optimal_time": 1389.0,
    "opt_compute_time:": 7.5445637460798025,
    "spt_time": 1636,
    "spt_compute_time": 68.03082670085132,
    "lpt_time": 1797,
    "lpt_compute_time": 77.7408780073747,
    "n_jobs": 15,
    "n_resources": 15,
    "n_ops_per_job": 15,
    "max_op_time": 99,
    "jssp_identification": "15x15_891_inst.json",
    "solution_optimality": "OPTIMAL",
    "jssp_instance": {
        "durations": [
            [
                49,
                17,
                55,
                76,
                44,
                61,
                56,
                39,
                59,
                90,
                37,
                86,
                62,
                15,
                68
            ],
            [
                44,
                45,
                33,
                88,
                86,
                27,
                50,
                28,
                65,
                93,
                18,
                54,
                58,
                79,
                18
            ],
            [
                20,
                69,
                48,
                56,
                88,
                58,
                53,
                88,
                69,
                25,
                57,
                92,
                36,
                82,
                65
            ],
            [
                56,
                29,
                30,
                46,
                56,
                70,
                22,
                16,
                25,
                24,
                18,
                48,
                76,
                75,
                49
            ],
            [
                27,
                36,
                60,
                44,
                86,
                51,
                93,
                30,
                19,
                88,
                82,
                27,
                81,
                82,
                78
            ],
            [
                48,
                92,
                48,
                64,
                47,
                20,
                66,
                28,
                19,
                36,
                28,
                28,
                97,
                67,
                76
            ],
            [
                52,
                88,
                38,
                46,
                29,
                90,
                25,
                41,
                16,
                19,
                24,
                27,
                30,
                88,
                24
            ],
            [
                33,
                33,
                61,
                44,
                25,
                97,
                36,
                49,
                67,
                57,
                19,
                68,
                65,
                65,
                49
            ],
            [
                78,
                38,
                56,
                41,
                17,
                95,
                52,
                63,
                81,
                55,
                31,
                66,
                63,
                47,
                19
            ],
            [
                48,
                38,
                19,
                42,
                74,
                23,
                51,
                62,
                47,
                69,
                78,
                37,
                86,
                22,
                74
            ],
            [
                31,
                36,
                90,
                51,
                35,
                46,
                95,
                21,
                72,
                80,
                62,
                52,
                96,
                75,
                88
            ],
            [
                94,
                88,
                72,
                71,
                51,
                94,
                95,
                37,
                71,
                16,
                65,
                30,
                63,
                64,
                35
            ],
            [
                30,
                30,
                19,
                59,
                38,
                44,
                97,
                34,
                75,
                49,
                70,
                63,
                16,
                56,
                29
            ],
            [
                69,
                81,
                21,
                59,
                96,
                50,
                81,
                68,
                91,
                80,
                75,
                66,
                83,
                89,
                81
            ],
            [
                40,
                61,
                43,
                74,
                29,
                67,
                29,
                65,
                73,
                93,
                82,
                57,
                77,
                95,
                31
            ]
        ],