{
    "optimal_time": 1384.0,
    "opt_compute_time:": 636.7776819476858,
    "spt_time": 1678,
    "spt_compute_time": 69.30230121593922,
    "lpt_time": 1762,
    "lpt_compute_time": 76.2178416410461,
    "n_jobs": 15,
    "n_resources": 15,
    "n_ops_per_job": 15,
    "max_op_time": 99,
    "jssp_identification": "15x15_395_inst.json",
    "solution_optimality": "OPTIMAL",
    "jssp_instance": {
        "durations": [
            [
                87,
                60,
                18,
                18,
                41,
                34,
                45,
                34,
                33,
                81,
                67,
                61,
                42,
                65,
                37
            ],
            [
                58,
                77,
                24,
                76,
                22,
                35,
                31,
                33,
                65,
                33,
                92,
                45,
                83,
                98,
                75
            ],
            [
                31,
                48,
                53,
                76,
                42,
                44,
                17,
                45,
                38,
                77,
                83,
                76,
                51,
                86,
                86
            ],
            [
                92,
                91,
                60,
                41,
                42,
                71,
                27,
                81,
                36,
                22,
                88,
                87,
                96,
                66,
                32
            ],
            [
                44,
                29,
                76,
                91,
                35,
                55,
                53,
                67,
                98,
                24,
                64,
                85,
                66,
                86,
                20
            ],
            [
                50,
                36,
                15,
                86,
                66,
                37,
                48,
                83,
                46,
                68,
                20,
                28,
                46,
                39,
                94
            ],
            [
                71,
                25,
                39,
                76,
                84,
                60,
                32,
                92,
                86,
                57,
                64,
                51,
                71,
                93,
                69
            ],
            [
                49,
                52,
                74,
                21,
                93,
                43,
                27,
                97,
                17,
                26,
                57,
                23,
                93,
                42,
                87
            ],
            [
                72,
                40,
                77,
                62,
                74,
                30,
                17,
                92,
                35,
                97,
                57,
                32,
                98,
                87,
                35
            ],
            [
                51,
                29,
                49,
                68,
                69,
                64,
                46,
                18,
                15,
                38,
                80,
                39,
                77,
                47,
                81
            ],
            [
                85,
                34,
                83,
                28,
                55,
                53,
                88,
                69,
                40,
                57,
                88,
                73,
                63,
                78,
                71
            ],
            [
                62,
                73,
                80,
                38,
                55,
                71,
                95,
                37,
                67,
                56,
                29,
                61,
                29,
                75,
                79
            ],
            [
                56,
                75,
                94,
                66,
                88,
                55,
                94,
                17,
                20,
                27,
                53,
                53,
                55,
                34,
                18
            ],
            [
                82,
                74,
                57,
                49,
                76,
                45,
                67,
                30,
                35,
                58,
                73,
                80,
                85,
                37,
                57
            ],
            [
                93,
                18,
                22,
                71,
                63,
                45,
                17,
                63,
                88,
                27,
                27,
                59,
                77,
                55,
                91
            ]
        ],