{
    "optimal_time": 1384.0,
    "opt_compute_time:": 596.8892958918586,
    "spt_time": 1690,
    "spt_compute_time": 71.51040560472757,
    "lpt_time": 1882,
    "lpt_compute_time": 81.28846277389675,
    "n_jobs": 15,
    "n_resources": 15,
    "n_ops_per_job": 15,
    "max_op_time": 99,
    "jssp_identification": "15x15_633_inst.json",
    "solution_optimality": "OPTIMAL",
    "jssp_instance": {
        "durations": [
            [
                78,
                33,
                70,
                30,
                72,
                33,
                50,
                72,
                21,
                23,
                21,
                52,
                64,
                96,
                59
            ],
            [
                38,
                55,
                95,
                87,
                91,
                96,
                53,
                18,
                53,
                74,
                93,
                64,
                66,
                39,
                28
            ],
            [
                33,
                93,
                64,
                48,
                16,
                91,
                25,
                92,
                61,
                69,
                49,
                31,
                72,
                78,
                34
            ],
            [
                36,
                88,
                96,
                30,
                69,
                95,
                25,
                85,
                17,
                43,
                49,
                35,
                19,
                54,
                64
            ],
            [
                48,
                84,
                89,
                20,
                35,
                63,
                68,
                26,
                62,
                41,
                39,
                41,
                42,
                81,
                29
            ],
            [
                45,
                44,
                34,
                82,
                28,
                74,
                60,
                89,
                72,
                39,
                61,
                92,
                36,
                66,
                37
            ],
            [
                44,
                75,
                16,
                59,
                92,
                24,
                45,
                57,
                98,
                20,
                84,
                86,
                49,
                50,
                77
            ],
            [
                88,
                92,
                51,
                71,
                63,
                17,
                46,
                88,
                63,
                72,
                26,
                80,
                52,
                49,
                80
            ],
            [
                39,
                71,
                74,
                48,
                89,
                90,
                82,
                90,
                41,
                24,
                30,
                59,
                32,
                73,
                50
            ],
            [
                97,
                98,
                65,
                83,
                84,
                62,
                15,
                93,
                85,
                21,
                20,
                18,
                75,
                81,
                61
            ],
            [
                27,
                71,
                46,
                77,
                41,
                47,
                70,
                53,
                55,
                46,
                94,
                38,
                86,
                90,
                72
            ],
            [
                53,
                64,
                41,
                41,
                98,
                43,
                95,
                78,
                80,
                71,
                62,
                55,
                73,
                90,
                87
            ],
            [
                37,
                22,
                68,
                53,
                80,
                49,
                29,
                81,
                93,
                40,
                59,
                19,
                56,
                78,
                33
            ],
            [
                86,
                72,
                88,
                71,
                75,
                56,
                59,
                26,
                22,
                15,
                41,
                48,
                25,
                29,
                58
            ],
            [
                84,
                72,
                94,
                88,
                94,
                46,
                83,
                21,
                92,
                66,
                18,
                86,
                26,
                85,
                22
            ]
        ],