{
    "optimal_time": 1382.0,
    "opt_compute_time:": 177.94601349625736,
    "spt_time": 1804,
    "spt_compute_time": 68.96712168026716,
    "lpt_time": 1848,
    "lpt_compute_time": 74.5182626824826,
    "n_jobs": 15,
    "n_resources": 15,
    "n_ops_per_job": 15,
    "max_op_time": 99,
    "jssp_identification": "15x15_143_inst.json",
    "solution_optimality": "OPTIMAL",
    "jssp_instance": {
        "durations": [
            [
                18,
                41,
                75,
                67,
                53,
                60,
                82,
                70,
                84,
                71,
                43,
                48,
                61,
                42,
                51
            ],
            [
                79,
                24,
                67,
                89,
                58,
                75,
                38,
                82,
                15,
                48,
                21,
                15,
                52,
                33,
                91
            ],
            [
                50,
                86,
                89,
                46,
                67,
                65,
                21,
                33,
                84,
                91,
                37,
                49,
                62,
                72,
                93
            ],
            [
                98,
                98,
                92,
                85,
                28,
                26,
                58,
                31,
                33,
                80,
                77,
                88,
                98,
                53,
                35
            ],
            [
                66,
                51,
                91,
                19,
                78,
                24,
                73,
                42,
                98,
                67,
                20,
                61,
                41,
                76,
                24
            ],
            [
                78,
                83,
                87,
                49,
                93,
                19,
                67,
                82,
                86,
                67,
                27,
                24,
                51,
                16,
                98
            ],
            [
                41,
                17,
                75,
                66,
                72,
                17,
                67,
                20,
                21,
                42,
                56,
                49,
                21,
                96,
                23
            ],
            [
                93,
                87,
                35,
                71,
                17,
                41,
                89,
                78,
                92,
                95,
                31,
                23,
                23,
                88,
                39
            ],
            [
                25,
                28,
                54,
                46,
                25,
                57,
                97,
                75,
                58,
                34,
                23,
                55,
                51,
                74,
                74
            ],
            [
                23,
                67,
                57,
                36,
                23,
                65,
                45,
                75,
                79,
                77,
                29,
                98,
                53,
                92,
                67
            ],
            [
                82,
                24,
                21,
                18,
                55,
                48,
                63,
                94,
                64,
                73,
                37,
                63,
                24,
                81,
                25
            ],
            [
                50,
                92,
                21,
                80,
                90,
                78,
                56,
                85,
                74,
                77,
                42,
                72,
                21,
                61,
                56
            ],
            [
                52,
                25,
                67,
                53,
                44,
                21,
                40,
                86,
                36,
                98,
                35,
                90,
                85,
                85,
                17
            ],
            [
                95,
                72,
                61,
                68,
                75,
                88,
                34,
                54,
                38,
                78,
                82,
                43,
                26,
                70,
                36
            ],
            [
                47,
                15,
                30,
                52,
                94,
                35,
                88,
                30,
                36,
                90,
                62,
                79,
                20,
                50,
                48
            ]
        ],