{
    "optimal_time": 1340.0,
    "opt_compute_time:": 76.19249858893454,
    "spt_time": 1648,
    "spt_compute_time": 63.171351129189134,
    "lpt_time": 1839,
    "lpt_compute_time": 78.37324713915586,
    "n_jobs": 15,
    "n_resources": 15,
    "n_ops_per_job": 15,
    "max_op_time": 99,
    "jssp_identification": "15x15_585_inst.json",
    "solution_optimality": "OPTIMAL",
    "jssp_instance": {
        "durations": [
            [
                52,
                42,
                67,
                59,
                90,
                25,
                70,
                66,
                28,
                38,
                23,
                85,
                55,
                39,
                50
            ],
            [
                83,
                25,
                50,
                92,
                37,
                77,
                56,
                45,
                81,
                17,
                45,
                77,
                90,
                62,
                25
            ],
            [
                18,
                81,
                18,
                58,
                69,
                38,
                83,
                79,
                98,
                38,
                64,
                66,
                75,
                39,
                85
            ],
            [
                46,
                96,
                92,
                53,
                88,
                87,
                42,
                20,
                86,
                46,
                28,
                53,
                85,
                78,
                40
            ],
            [
                67,
                95,
                74,
                82,
                36,
                25,
                90,
                57,
                24,
                47,
                22,
                83,
                60,
                52,
                24
            ],
            [
                60,
                23,
                27,
                95,
                69,
                57,
                55,
                68,
                78,
                71,
                55,
                53,
                93,
                47,
                28
            ],
            [
                95,
                98,
                21,
                96,
                37,
                19,
                90,
                28,
                78,
                95,
                75,
                33,
                56,
                95,
                85
            ],
            [
                54,
                18,
                33,
                51,
                45,
                19,
                81,
                36,
                45,
                55,
                64,
                76,
                82,
                95,
                81
            ],
            [
                32,
                63,
                63,
                65,
                32,
                17,
                67,
                52,
                62,
                65,
                85,
                36,
                15,
                50,
                57
            ],
            [
                55,
                85,
                94,
                21,
                73,
                43,
                98,
                92,
                15,
                23,
                55,
                63,
                92,
                50,
                34
            ],
            [
                45,
                72,
                44,
                67,
                21,
                57,
                94,
                16,
                98,
                96,
                19,
                25,
                63,
                26,
                66
            ],
            [
                91,
                17,
                57,
                35,
                83,
                24,
                34,
                58,
                31,
                47,
                56,
                32,
                92,
                38,
                65
            ],
            [
                83,
                42,
                91,
                32,
                79,
                36,
                93,
                39,
                31,
                48,
                58,
                47,
                46,
                32,
                83
            ],
            [
                20,
                43,
                67,
                23,
                91,
                20,
                41,
                46,
                84,
                79,
                18,
                48,
                56,
                58,
                90
            ],
            [
                57,
                17,
                27,
                24,
                15,
                67,
                90,
                83,
                48,
                70,
                82,
                51,
                68,
                80,
                24
            ]
        ],