{
    "optimal_time": 1286.0,
    "opt_compute_time:": 301.4153888011351,
    "spt_time": 1611,
    "spt_compute_time": 64.41113265603781,
    "lpt_time": 1825,
    "lpt_compute_time": 74.94446003716439,
    "n_jobs": 15,
    "n_resources": 15,
    "n_ops_per_job": 15,
    "max_op_time": 99,
    "jssp_identification": "15x15_772_inst.json",
    "solution_optimality": "OPTIMAL",
    "jssp_instance": {
        "durations": [
            [
                66,
                84,
                64,
                86,
                92,
                74,
                89,
                91,
                52,
                71,
                30,
                60,
                34,
                57,
                55
            ],
            [
                16,
                21,
                29,
                86,
                93,
                59,
                33,
                64,
                24,
                46,
                50,
                25,
                27,
                26,
                74
            ],
            [
                84,
                80,
                91,
                44,
                51,
                54,
                80,
                42,
                58,
                94,
                83,
                44,
                25,
                92,
                55
            ],
            [
                23,
                59,
                27,
                71,
                36,
                48,
                49,
                45,
                91,
                88,
                72,
                28,
                53,
                35,
                44
            ],
            [
                23,
                87,
                76,
                45,
                89,
                66,
                51,
                41,
                54,
                15,
                31,
                80,
                23,
                21,
                38
            ],
            [
                16,
                97,
                31,
                44,
                33,
                22,
                31,
                79,
                25,
                43,
                92,
                97,
                90,
                21,
                50
            ],
            [
                18,
                95,
                38,
                28,
                51,
                66,
                64,
                91,
                82,
                50,
                93,
                95,
                52,
                56,
                40
            ],
            [
                69,
                43,
                53,
                71,
                31,
                20,
                85,
                38,
                56,
                41,
                21,
                27,
                37,
                57,
                86
            ],
            [
                69,
                64,
                30,
                19,
                37,
                98,
                41,
                95,
                59,
                88,
                92,
                53,
                34,
                39,
                45
            ],
            [
                27,
                57,
                53,
                71,
                23,
                57,
                92,
                69,
                72,
                84,
                58,
                40,
                52,
                80,
                23
            ],
            [
                90,
                55,
                17,
                35,
                59,
                86,
                63,
                77,
                71,
                42,
                63,
                21,
                85,
                61,
                70
            ],
            [
                60,
                38,
                87,
                22,
                79,
                47,
                61,
                45,
                97,
                18,
                93,
                61,
                34,
                30,
                51
            ],
            [
                69,
                44,
                42,
                70,
                40,
                32,
                50,
                91,
                86,
                78,
                73,
                27,
                29,
                91,
                87
            ],
            [
                65,
                39,
                50,
                30,
                63,
                42,
                80,
                51,
                90,
                75,
                52,
                28,
                15,
                88,
                33
            ],
            [
                39,
                93,
                56,
                96,
                76,
                63,
                31,
                34,
                90,
                60,
                37,
                65,
                21,
                60,
                49
            ]
        ],