{
    "optimal_time": 1322.0,
    "opt_compute_time:": 88.23768371064216,
    "spt_time": 1715,
    "spt_compute_time": 67.96760099101812,
    "lpt_time": 1819,
    "lpt_compute_time": 75.70537745021284,
    "n_jobs": 15,
    "n_resources": 15,
    "n_ops_per_job": 15,
    "max_op_time": 99,
    "jssp_identification": "15x15_421_inst.json",
    "solution_optimality": "OPTIMAL",
    "jssp_instance": {
        "durations": [
            [
                76,
                28,
                54,
                21,
                90,
                22,
                23,
                55,
                29,
                95,
                81,
                73,
                56,
                17,
                81
            ],
            [
                74,
                18,
                15,
                17,
                30,
                50,
                67,
                88,
                66,
                27,
                91,
                33,
                90,
                98,
                22
            ],
            [
                37,
                37,
                67,
                81,
                96,
                19,
                92,
                50,
                58,
                21,
                60,
                32,
                62,
                30,
                47
            ],
            [
                24,
                77,
                39,
                19,
                68,
                48,
                48,
                82,
                43,
                65,
                80,
                68,
                24,
                15,
                75
            ],
            [
                91,
                41,
                32,
                96,
                30,
                83,
                90,
                25,
                25,
                29,
                57,
                55,
                77,
                93,
                17
            ],
            [
                68,
                27,
                28,
                50,
                75,
                58,
                91,
                51,
                66,
                87,
                87,
                43,
                75,
                78,
                91
            ],
            [
                62,
                30,
                76,
                54,
                49,
                81,
                19,
                43,
                32,
                40,
                93,
                91,
                98,
                98,
                89
            ],
            [
                27,
                58,
                42,
                67,
                91,
                89,
                19,
                86,
                95,
                81,
                32,
                96,
                50,
                47,
                69
            ],
            [
                53,
                60,
                30,
                54,
                68,
                53,
                18,
                35,
                27,
                65,
                36,
                33,
                37,
                17,
                32
            ],
            [
                77,
                50,
                43,
                62,
                31,
                43,
                22,
                23,
                25,
                27,
                88,
                85,
                17,
                38,
                21
            ],
            [
                85,
                56,
                84,
                75,
                69,
                77,
                91,
                35,
                32,
                29,
                86,
                70,
                29,
                55,
                97
            ],
            [
                89,
                49,
                62,
                35,
                82,
                88,
                31,
                66,
                96,
                45,
                47,
                51,
                40,
                64,
                38
            ],
            [
                65,
                79,
                83,
                40,
                97,
                91,
                78,
                27,
                90,
                85,
                78,
                51,
                89,
                22,
                90
            ],
            [
                17,
                63,
                21,
                78,
                60,
                43,
                45,
                16,
                76,
                35,
                73,
                25,
                36,
                85,
                27
            ],
            [
                44,
                47,
                86,
                61,
                65,
                96,
                94,
                24,
                71,
                59,
                44,
                67,
                77,
                30,
                36
            ]
        ],