{
    "optimal_time": 1381.0,
    "opt_compute_time:": 661.5771379675716,
    "spt_time": 1632,
    "spt_compute_time": 69.7169366395101,
    "lpt_time": 1928,
    "lpt_compute_time": 76.43435665313154,
    "n_jobs": 15,
    "n_resources": 15,
    "n_ops_per_job": 15,
    "max_op_time": 99,
    "jssp_identification": "15x15_528_inst.json",
    "solution_optimality": "OPTIMAL",
    "jssp_instance": {
        "durations": [
            [
                87,
                84,
                78,
                54,
                57,
                87,
                66,
                64,
                18,
                71,
                56,
                90,
                33,
                24,
                72
            ],
            [
                35,
                21,
                49,
                76,
                38,
                41,
                54,
                75,
                22,
                82,
                37,
                75,
                79,
                57,
                56
            ],
            [
                67,
                51,
                87,
                23,
                87,
                80,
                39,
                91,
                23,
                67,
                79,
                57,
                79,
                17,
                33
            ],
            [
                88,
                82,
                25,
                66,
                81,
                69,
                24,
                79,
                73,
                94,
                52,
                56,
                28,
                72,
                21
            ],
            [
                62,
                75,
                96,
                52,
                42,
                46,
                26,
                31,
                34,
                74,
                48,
                85,
                33,
                33,
                35
            ],
            [
                55,
                90,
                75,
                79,
                27,
                88,
                69,
                38,
                92,
                97,
                37,
                69,
                22,
                35,
                63
            ],
            [
                90,
                37,
                83,
                85,
                89,
                50,
                58,
                37,
                76,
                48,
                41,
                51,
                59,
                38,
                23
            ],
            [
                34,
                39,
                65,
                28,
                95,
                33,
                33,
                96,
                85,
                51,
                93,
                68,
                96,
                41,
                15
            ],
            [
                25,
                74,
                74,
                78,
                83,
                17,
                51,
                82,
                51,
                34,
                65,
                64,
                68,
                40,
                77
            ],
            [
                57,
                30,
                95,
                70,
                23,
                86,
                38,
                78,
                69,
                61,
                87,
                66,
                37,
                97,
                83
            ],
            [
                56,
                35,
                79,
                51,
                89,
                42,
                61,
                50,
                88,
                89,
                84,
                63,
                31,
                46,
                78
            ],
            [
                65,
                86,
                95,
                50,
                21,
                40,
                87,
                48,
                28,
                63,
                83,
                52,
                95,
                89,
                40
            ],
            [
                96,
                22,
                17,
                53,
                88,
                56,
                64,
                36,
                44,
                65,
                83,
                87,
                18,
                93,
                28
            ],
            [
                87,
                93,
                91,
                94,
                43,
                55,
                25,
                65,
                81,
                20,
                38,
                35,
                42,
                45,
                43
            ],
            [
                19,
                92,
                79,
                45,
                25,
                77,
                61,
                64,
                89,
                43,
                59,
                74,
                32,
                50,
                25
            ]
        ],