{
    "optimal_time": 1336.0,
    "opt_compute_time:": 602.9139139046893,
    "spt_time": 1659,
    "spt_compute_time": 66.04530736804008,
    "lpt_time": 1810,
    "lpt_compute_time": 79.05328030791134,
    "n_jobs": 15,
    "n_resources": 15,
    "n_ops_per_job": 15,
    "max_op_time": 99,
    "jssp_identification": "15x15_268_inst.json",
    "solution_optimality": "OPTIMAL",
    "jssp_instance": {
        "durations": [
            [
                65,
                63,
                62,
                32,
                83,
                21,
                70,
                59,
                43,
                15,
                31,
                89,
                69,
                50,
                85
            ],
            [
                76,
                92,
                61,
                68,
                71,
                84,
                32,
                65,
                17,
                85,
                28,
                36,
                60,
                36,
                79
            ],
            [
                84,
                69,
                45,
                33,
                41,
                61,
                63,
                89,
                39,
                18,
                86,
                57,
                66,
                24,
                44
            ],
            [
                96,
                65,
                27,
                23,
                64,
                46,
                29,
                47,
                74,
                51,
                65,
                49,
                53,
                27,
                29
            ],
            [
                42,
                81,
                15,
                17,
                86,
                96,
                39,
                39,
                35,
                65,
                61,
                36,
                34,
                73,
                42
            ],
            [
                74,
                45,
                94,
                60,
                34,
                93,
                91,
                31,
                74,
                73,
                56,
                74,
                49,
                86,
                45
            ],
            [
                59,
                84,
                84,
                39,
                28,
                39,
                36,
                98,
                57,
                38,
                41,
                52,
                21,
                24,
                55
            ],
            [
                41,
                80,
                79,
                52,
                58,
                65,
                72,
                82,
                22,
                89,
                50,
                44,
                72,
                87,
                58
            ],
            [
                71,
                66,
                62,
                27,
                84,
                92,
                97,
                31,
                86,
                39,
                45,
                87,
                78,
                95,
                58
            ],
            [
                18,
                73,
                42,
                84,
                92,
                19,
                49,
                39,
                51,
                77,
                78,
                49,
                24,
                61,
                23
            ],
            [
                15,
                51,
                69,
                45,
                41,
                46,
                60,
                63,
                33,
                73,
                19,
                62,
                59,
                64,
                33
            ],
            [
                49,
                95,
                25,
                68,
                20,
                63,
                33,
                98,
                48,
                30,
                65,
                70,
                40,
                51,
                52
            ],
            [
                61,
                28,
                93,
                73,
                43,
                59,
                75,
                69,
                79,
                21,
                18,
                86,
                15,
                57,
                49
            ],
            [
                79,
                21,
                49,
                65,
                76,
                73,
                46,
                43,
                53,
                17,
                23,
                56,
                93,
                20,
                72
            ],
            [
                78,
                74,
                34,
                98,
                82,
                38,
                60,
                43,
                44,
                61,
                25,
                16,
                81,
                64,
                22
            ]
        ],