{
    "optimal_time": 1324.0,
    "opt_compute_time:": 706.1762227462605,
    "spt_time": 1572,
    "spt_compute_time": 66.30857502575964,
    "lpt_time": 1915,
    "lpt_compute_time": 78.59998090658337,
    "n_jobs": 15,
    "n_resources": 15,
    "n_ops_per_job": 15,
    "max_op_time": 99,
    "jssp_identification": "15x15_248_inst.json",
    "solution_optimality": "OPTIMAL",
    "jssp_instance": {
        "durations": [
            [
                62,
                25,
                61,
                76,
                74,
                65,
                51,
                94,
                16,
                70,
                79,
                44,
                93,
                25,
                71
            ],
            [
                83,
                31,
                43,
                69,
                70,
                85,
                49,
                76,
                69,
                26,
                80,
                50,
                59,
                67,
                54
            ],
            [
                90,
                55,
                70,
                51,
                85,
                44,
                64,
                60,
                25,
                93,
                27,
                74,
                61,
                19,
                28
            ],
            [
                70,
                85,
                34,
                72,
                39,
                95,
                36,
                44,
                20,
                89,
                42,
                41,
                43,
                19,
                90
            ],
            [
                71,
                86,
                44,
                28,
                67,
                87,
                54,
                67,
                72,
                72,
                60,
                85,
                19,
                19,
                74
            ],
            [
                56,
                57,
                90,
                72,
                32,
                91,
                46,
                95,
                88,
                49,
                50,
                43,
                89,
                75,
                32
            ],
            [
                64,
                93,
                64,
                97,
                84,
                63,
                28,
                82,
                19,
                57,
                71,
                75,
                57,
                25,
                89
            ],
            [
                67,
                67,
                44,
                24,
                95,
                15,
                17,
                65,
                92,
                29,
                42,
                73,
                94,
                72,
                61
            ],
            [
                39,
                50,
                71,
                80,
                92,
                87,
                44,
                30,
                93,
                58,
                86,
                78,
                23,
                27,
                37
            ],
            [
                40,
                95,
                37,
                63,
                82,
                81,
                94,
                25,
                38,
                83,
                26,
                32,
                75,
                91,
                16
            ],
            [
                79,
                97,
                76,
                58,
                72,
                78,
                59,
                63,
                47,
                65,
                18,
                40,
                82,
                89,
                40
            ],
            [
                92,
                45,
                96,
                27,
                97,
                77,
                54,
                82,
                42,
                54,
                72,
                36,
                32,
                93,
                62
            ],
            [
                64,
                94,
                85,
                42,
                51,
                44,
                16,
                89,
                28,
                31,
                32,
                86,
                94,
                18,
                62
            ],
            [
                24,
                41,
                23,
                23,
                76,
                57,
                45,
                15,
                38,
                80,
                36,
                40,
                30,
                82,
                62
            ],
            [
                49,
                37,
                85,
                15,
                15,
                92,
                83,
                43,
                25,
                43,
                91,
                67,
                22,
                39,
                40
            ]
        ],