{
    "optimal_time": 1266.0,
    "opt_compute_time:": 79.30390581022948,
    "spt_time": 1735,
    "spt_compute_time": 66.2962531298399,
    "lpt_time": 1810,
    "lpt_compute_time": 77.328638558276,
    "n_jobs": 15,
    "n_resources": 15,
    "n_ops_per_job": 15,
    "max_op_time": 99,
    "jssp_identification": "15x15_66_inst.json",
    "solution_optimality": "OPTIMAL",
    "jssp_instance": {
        "durations": [
            [
                80,
                34,
                89,
                15,
                23,
                28,
                91,
                65,
                25,
                82,
                82,
                72,
                77,
                45,
                25
            ],
            [
                29,
                71,
                40,
                94,
                74,
                77,
                94,
                98,
                19,
                53,
                95,
                56,
                94,
                50,
                55
            ],
            [
                73,
                21,
                77,
                24,
                46,
                85,
                85,
                81,
                22,
                92,
                90,
                80,
                37,
                90,
                48
            ],
            [
                69,
                27,
                38,
                78,
                97,
                21,
                44,
                74,
                42,
                74,
                57,
                54,
                63,
                18,
                93
            ],
            [
                24,
                49,
                52,
                29,
                53,
                29,
                22,
                37,
                17,
                48,
                91,
                65,
                54,
                61,
                18
            ],
            [
                18,
                22,
                92,
                23,
                60,
                47,
                43,
                68,
                17,
                36,
                33,
                88,
                74,
                72,
                71
            ],
            [
                40,
                70,
                53,
                58,
                91,
                63,
                58,
                15,
                92,
                35,
                24,
                76,
                70,
                94,
                22
            ],
            [
                94,
                44,
                32,
                81,
                35,
                29,
                69,
                44,
                67,
                30,
                59,
                72,
                44,
                37,
                82
            ],
            [
                28,
                29,
                44,
                30,
                58,
                50,
                54,
                42,
                67,
                15,
                29,
                38,
                32,
                75,
                31
            ],
            [
                77,
                58,
                59,
                63,
                81,
                28,
                90,
                85,
                40,
                44,
                27,
                29,
                87,
                72,
                61
            ],
            [
                71,
                98,
                24,
                18,
                75,
                31,
                33,
                33,
                92,
                32,
                58,
                67,
                26,
                95,
                85
            ],
            [
                47,
                52,
                64,
                42,
                51,
                88,
                92,
                84,
                31,
                49,
                28,
                94,
                82,
                42,
                67
            ],
            [
                48,
                96,
                18,
                40,
                98,
                68,
                92,
                26,
                66,
                36,
                23,
                19,
                18,
                25,
                15
            ],
            [
                43,
                76,
                15,
                31,
                94,
                28,
                33,
                50,
                24,
                20,
                64,
                64,
                72,
                77,
                84
            ],
            [
                66,
                46,
                28,
                35,
                59,
                17,
                88,
                38,
                87,
                28,
                56,
                30,
                55,
                78,
                80
            ]
        ],