{
    "optimal_time": 1356.0,
    "opt_compute_time:": 703.6523581072688,
    "spt_time": 1833,
    "spt_compute_time": 74.4247464267537,
    "lpt_time": 1754,
    "lpt_compute_time": 80.3299291850999,
    "n_jobs": 15,
    "n_resources": 15,
    "n_ops_per_job": 15,
    "max_op_time": 99,
    "jssp_identification": "15x15_935_inst.json",
    "solution_optimality": "OPTIMAL",
    "jssp_instance": {
        "durations": [
            [
                56,
                59,
                51,
                59,
                57,
                93,
                69,
                42,
                43,
                89,
                80,
                60,
                37,
                70,
                64
            ],
            [
                35,
                24,
                48,
                97,
                51,
                94,
                70,
                95,
                62,
                22,
                65,
                94,
                73,
                24,
                25
            ],
            [
                42,
                70,
                81,
                59,
                89,
                18,
                50,
                64,
                20,
                68,
                36,
                97,
                36,
                27,
                33
            ],
            [
                68,
                48,
                79,
                35,
                86,
                57,
                78,
                64,
                80,
                98,
                95,
                88,
                34,
                65,
                89
            ],
            [
                22,
                71,
                52,
                65,
                46,
                31,
                50,
                46,
                38,
                65,
                28,
                27,
                91,
                85,
                62
            ],
            [
                35,
                92,
                67,
                19,
                66,
                44,
                47,
                93,
                38,
                93,
                85,
                80,
                94,
                44,
                85
            ],
            [
                88,
                68,
                43,
                63,
                25,
                17,
                22,
                78,
                35,
                44,
                78,
                17,
                55,
                81,
                81
            ],
            [
                68,
                65,
                34,
                65,
                86,
                38,
                41,
                74,
                41,
                82,
                63,
                77,
                32,
                61,
                36
            ],
            [
                56,
                95,
                67,
                46,
                56,
                46,
                81,
                96,
                92,
                98,
                77,
                92,
                53,
                92,
                21
            ],
            [
                98,
                43,
                62,
                57,
                65,
                58,
                85,
                61,
                31,
                64,
                71,
                58,
                58,
                19,
                80
            ],
            [
                60,
                87,
                58,
                59,
                22,
                44,
                79,
                62,
                87,
                71,
                55,
                18,
                64,
                74,
                75
            ],
            [
                60,
                52,
                21,
                93,
                23,
                21,
                57,
                95,
                51,
                76,
                55,
                62,
                59,
                38,
                71
            ],
            [
                47,
                44,
                54,
                40,
                60,
                66,
                94,
                19,
                94,
                76,
                50,
                52,
                93,
                30,
                55
            ],
            [
                76,
                44,
                44,
                30,
                82,
                83,
                79,
                58,
                42,
                64,
                90,
                19,
                47,
                28,
                72
            ],
            [
                51,
                19,
                56,
                60,
                81,
                56,
                30,
                79,
                70,
                17,
                44,
                63,
                42,
                94,
                79
            ]
        ],