{
    "optimal_time": 1428.0,
    "opt_compute_time:": 856.6739756809548,
    "spt_time": 1740,
    "spt_compute_time": 71.355782488361,
    "lpt_time": 1930,
    "lpt_compute_time": 79.90728579834104,
    "n_jobs": 15,
    "n_resources": 15,
    "n_ops_per_job": 15,
    "max_op_time": 99,
    "jssp_identification": "15x15_352_inst.json",
    "solution_optimality": "OPTIMAL",
    "jssp_instance": {
        "durations": [
            [
                50,
                51,
                33,
                66,
                48,
                74,
                51,
                78,
                83,
                54,
                47,
                21,
                25,
                96,
                21
            ],
            [
                64,
                17,
                17,
                61,
                65,
                40,
                95,
                54,
                24,
                52,
                61,
                74,
                85,
                38,
                93
            ],
            [
                61,
                66,
                52,
                77,
                20,
                94,
                17,
                93,
                86,
                97,
                87,
                47,
                76,
                32,
                83
            ],
            [
                31,
                86,
                95,
                39,
                59,
                82,
                21,
                18,
                79,
                93,
                62,
                58,
                37,
                68,
                95
            ],
            [
                36,
                45,
                79,
                86,
                19,
                54,
                94,
                27,
                67,
                22,
                85,
                29,
                27,
                70,
                64
            ],
            [
                37,
                48,
                31,
                75,
                60,
                52,
                45,
                64,
                88,
                38,
                30,
                19,
                96,
                40,
                82
            ],
            [
                97,
                98,
                63,
                94,
                68,
                86,
                62,
                89,
                42,
                45,
                32,
                79,
                81,
                89,
                46
            ],
            [
                67,
                76,
                66,
                73,
                93,
                18,
                50,
                84,
                73,
                19,
                90,
                84,
                86,
                94,
                96
            ],
            [
                41,
                32,
                91,
                61,
                22,
                21,
                60,
                38,
                34,
                29,
                78,
                25,
                98,
                72,
                52
            ],
            [
                45,
                60,
                90,
                57,
                26,
                83,
                56,
                79,
                33,
                73,
                34,
                26,
                68,
                68,
                45
            ],
            [
                44,
                36,
                75,
                60,
                32,
                39,
                55,
                66,
                88,
                59,
                43,
                64,
                21,
                38,
                83
            ],
            [
                49,
                52,
                68,
                21,
                98,
                48,
                57,
                34,
                17,
                34,
                35,
                35,
                97,
                85,
                19
            ],
            [
                15,
                90,
                21,
                63,
                16,
                89,
                93,
                88,
                29,
                58,
                58,
                55,
                81,
                80,
                21
            ],
            [
                93,
                76,
                58,
                93,
                22,
                31,
                26,
                86,
                76,
                71,
                37,
                96,
                86,
                72,
                71
            ],
            [
                44,
                75,
                97,
                20,
                23,
                91,
                63,
                59,
                61,
                34,
                20,
                64,
                95,
                66,
                41
            ]
        ],