{
    "optimal_time": 1388.0,
    "opt_compute_time:": 46.23715037852526,
    "spt_time": 1808,
    "spt_compute_time": 67.52296862844378,
    "lpt_time": 1705,
    "lpt_compute_time": 69.96043269149959,
    "n_jobs": 15,
    "n_resources": 15,
    "n_ops_per_job": 15,
    "max_op_time": 99,
    "jssp_identification": "15x15_58_inst.json",
    "solution_optimality": "OPTIMAL",
    "jssp_instance": {
        "durations": [
            [
                22,
                97,
                40,
                16,
                58,
                31,
                87,
                46,
                65,
                76,
                96,
                65,
                46,
                83,
                61
            ],
            [
                69,
                50,
                20,
                59,
                77,
                64,
                97,
                28,
                44,
                96,
                26,
                64,
                98,
                53,
                70
            ],
            [
                30,
                75,
                50,
                80,
                69,
                52,
                71,
                33,
                39,
                77,
                92,
                34,
                69,
                86,
                32
            ],
            [
                41,
                38,
                81,
                54,
                24,
                72,
                45,
                63,
                62,
                24,
                70,
                74,
                71,
                60,
                76
            ],
            [
                15,
                48,
                80,
                44,
                90,
                63,
                64,
                27,
                35,
                86,
                89,
                72,
                37,
                87,
                92
            ],
            [
                84,
                44,
                80,
                55,
                58,
                36,
                41,
                53,
                90,
                19,
                72,
                61,
                35,
                60,
                66
            ],
            [
                38,
                40,
                87,
                87,
                94,
                42,
                73,
                61,
                86,
                26,
                65,
                88,
                76,
                59,
                52
            ],
            [
                78,
                32,
                50,
                22,
                54,
                68,
                56,
                96,
                41,
                93,
                55,
                45,
                55,
                61,
                32
            ],
            [
                85,
                48,
                44,
                95,
                64,
                67,
                76,
                39,
                43,
                89,
                60,
                34,
                62,
                78,
                85
            ],
            [
                95,
                82,
                24,
                90,
                81,
                66,
                86,
                28,
                87,
                56,
                50,
                32,
                32,
                95,
                67
            ],
            [
                74,
                51,
                74,
                95,
                93,
                59,
                59,
                57,
                77,
                48,
                87,
                51,
                90,
                98,
                87
            ],
            [
                38,
                40,
                87,
                53,
                40,
                94,
                18,
                71,
                61,
                66,
                79,
                20,
                52,
                49,
                75
            ],
            [
                52,
                41,
                18,
                77,
                73,
                90,
                49,
                20,
                51,
                91,
                74,
                72,
                22,
                78,
                51
            ],
            [
                31,
                32,
                50,
                29,
                49,
                15,
                80,
                60,
                98,
                55,
                61,
                91,
                70,
                15,
                57
            ],
            [
                71,
                35,
                30,
                52,
                97,
                61,
                67,
                37,
                67,
                41,
                64,
                97,
                91,
                80,
                66
            ]
        ],