{
    "optimal_time": 1310.0,
    "opt_compute_time:": 47.47131660860032,
    "spt_time": 1774,
    "spt_compute_time": 76.2059027934447,
    "lpt_time": 1939,
    "lpt_compute_time": 81.31447110045701,
    "n_jobs": 15,
    "n_resources": 15,
    "n_ops_per_job": 15,
    "max_op_time": 99,
    "jssp_identification": "15x15_15_inst.json",
    "solution_optimality": "OPTIMAL",
    "jssp_instance": {
        "durations": [
            [
                16,
                49,
                37,
                84,
                71,
                78,
                41,
                44,
                47,
                59,
                68,
                58,
                86,
                85,
                80
            ],
            [
                35,
                66,
                42,
                34,
                79,
                81,
                31,
                25,
                21,
                86,
                21,
                40,
                47,
                70,
                82
            ],
            [
                54,
                52,
                52,
                74,
                77,
                94,
                80,
                65,
                60,
                52,
                89,
                39,
                17,
                73,
                91
            ],
            [
                33,
                58,
                53,
                37,
                50,
                26,
                76,
                70,
                58,
                41,
                53,
                20,
                41,
                70,
                80
            ],
            [
                25,
                76,
                71,
                45,
                49,
                85,
                87,
                71,
                26,
                41,
                45,
                44,
                72,
                28,
                63
            ],
            [
                25,
                78,
                44,
                24,
                88,
                26,
                47,
                48,
                41,
                50,
                46,
                89,
                79,
                78,
                34
            ],
            [
                91,
                63,
                21,
                27,
                46,
                37,
                49,
                60,
                93,
                50,
                36,
                23,
                89,
                75,
                67
            ],
            [
                22,
                88,
                96,
                68,
                19,
                27,
                53,
                87,
                21,
                50,
                27,
                26,
                86,
                75,
                76
            ],
            [
                18,
                61,
                91,
                16,
                83,
                94,
                43,
                41,
                32,
                23,
                92,
                24,
                90,
                89,
                16
            ],
            [
                72,
                83,
                47,
                87,
                71,
                49,
                54,
                17,
                18,
                87,
                73,
                33,
                34,
                15,
                26
            ],
            [
                86,
                71,
                47,
                38,
                51,
                43,
                40,
                80,
                71,
                17,
                33,
                30,
                18,
                61,
                50
            ],
            [
                87,
                56,
                20,
                31,
                40,
                72,
                73,
                74,
                74,
                97,
                56,
                20,
                17,
                18,
                52
            ],
            [
                73,
                57,
                80,
                88,
                51,
                84,
                87,
                46,
                44,
                52,
                47,
                18,
                69,
                33,
                34
            ],
            [
                63,
                75,
                76,
                66,
                73,
                44,
                96,
                38,
                88,
                77,
                34,
                20,
                48,
                23,
                87
            ],
            [
                67,
                37,
                27,
                86,
                79,
                81,
                84,
                25,
                53,
                87,
                36,
                15,
                59,
                92,
                52
            ]
        ],