{
    "optimal_time": 1395.0,
    "opt_compute_time:": 34.711397314444184,
    "spt_time": 1773,
    "spt_compute_time": 72.78507737442851,
    "lpt_time": 2001,
    "lpt_compute_time": 83.08760729059577,
    "n_jobs": 15,
    "n_resources": 15,
    "n_ops_per_job": 15,
    "max_op_time": 99,
    "jssp_identification": "15x15_500_inst.json",
    "solution_optimality": "OPTIMAL",
    "jssp_instance": {
        "durations": [
            [
                45,
                51,
                42,
                73,
                46,
                37,
                67,
                58,
                92,
                78,
                25,
                26,
                37,
                84,
                74
            ],
            [
                16,
                79,
                32,
                61,
                34,
                91,
                88,
                78,
                41,
                35,
                90,
                19,
                91,
                62,
                77
            ],
            [
                93,
                71,
                18,
                15,
                32,
                58,
                61,
                96,
                85,
                42,
                61,
                43,
                92,
                66,
                91
            ],
            [
                65,
                41,
                61,
                90,
                66,
                72,
                33,
                69,
                70,
                65,
                61,
                40,
                71,
                90,
                27
            ],
            [
                42,
                86,
                64,
                80,
                63,
                15,
                69,
                91,
                47,
                46,
                40,
                80,
                36,
                93,
                36
            ],
            [
                55,
                45,
                19,
                54,
                47,
                87,
                16,
                60,
                66,
                50,
                46,
                88,
                73,
                70,
                31
            ],
            [
                28,
                77,
                35,
                64,
                68,
                26,
                55,
                58,
                91,
                17,
                34,
                16,
                66,
                69,
                50
            ],
            [
                29,
                86,
                19,
                19,
                28,
                35,
                73,
                36,
                65,
                21,
                42,
                89,
                21,
                17,
                83
            ],
            [
                61,
                56,
                58,
                98,
                51,
                21,
                62,
                88,
                97,
                40,
                62,
                92,
                96,
                66,
                39
            ],
            [
                98,
                90,
                52,
                82,
                47,
                70,
                44,
                21,
                92,
                42,
                87,
                24,
                69,
                74,
                41
            ],
            [
                38,
                16,
                58,
                41,
                51,
                25,
                91,
                30,
                56,
                23,
                64,
                39,
                24,
                64,
                78
            ],
            [
                35,
                89,
                22,
                38,
                95,
                85,
                33,
                80,
                79,
                51,
                79,
                39,
                19,
                55,
                94
            ],
            [
                28,
                90,
                56,
                70,
                78,
                39,
                48,
                35,
                52,
                90,
                64,
                69,
                31,
                64,
                61
            ],
            [
                72,
                34,
                95,
                74,
                71,
                64,
                57,
                74,
                86,
                19,
                33,
                93,
                88,
                90,
                24
            ],
            [
                65,
                62,
                78,
                56,
                52,
                49,
                88,
                88,
                90,
                27,
                90,
                60,
                70,
                16,
                40
            ]
        ],