{
    "optimal_time": 1322.0,
    "opt_compute_time:": 1115.680215312168,
    "spt_time": 1654,
    "spt_compute_time": 70.90625911857933,
    "lpt_time": 1895,
    "lpt_compute_time": 76.40350295975804,
    "n_jobs": 15,
    "n_resources": 15,
    "n_ops_per_job": 15,
    "max_op_time": 99,
    "jssp_identification": "15x15_887_inst.json",
    "solution_optimality": "OPTIMAL",
    "jssp_instance": {
        "durations": [
            [
                90,
                57,
                22,
                55,
                61,
                46,
                84,
                41,
                61,
                65,
                90,
                66,
                61,
                30,
                25
            ],
            [
                85,
                47,
                23,
                22,
                55,
                15,
                70,
                44,
                97,
                61,
                18,
                65,
                16,
                77,
                21
            ],
            [
                56,
                87,
                61,
                58,
                70,
                37,
                82,
                22,
                80,
                25,
                67,
                61,
                76,
                44,
                30
            ],
            [
                94,
                72,
                48,
                55,
                94,
                92,
                34,
                48,
                84,
                73,
                31,
                42,
                69,
                52,
                18
            ],
            [
                18,
                65,
                37,
                58,
                73,
                92,
                55,
                63,
                17,
                25,
                62,
                94,
                69,
                62,
                21
            ],
            [
                79,
                53,
                26,
                92,
                47,
                15,
                58,
                56,
                73,
                77,
                47,
                52,
                60,
                61,
                95
            ],
            [
                65,
                72,
                70,
                48,
                87,
                82,
                61,
                88,
                16,
                71,
                28,
                18,
                77,
                28,
                21
            ],
            [
                36,
                49,
                98,
                57,
                75,
                36,
                39,
                34,
                35,
                39,
                92,
                17,
                24,
                81,
                56
            ],
            [
                26,
                70,
                43,
                30,
                82,
                46,
                45,
                30,
                78,
                59,
                93,
                38,
                24,
                97,
                45
            ],
            [
                16,
                22,
                42,
                31,
                68,
                62,
                72,
                43,
                47,
                70,
                34,
                69,
                93,
                31,
                29
            ],
            [
                22,
                94,
                75,
                60,
                95,
                36,
                47,
                52,
                58,
                53,
                17,
                59,
                73,
                54,
                80
            ],
            [
                83,
                39,
                37,
                61,
                82,
                30,
                62,
                39,
                22,
                90,
                78,
                93,
                57,
                88,
                18
            ],
            [
                94,
                39,
                90,
                40,
                89,
                71,
                33,
                95,
                68,
                72,
                51,
                30,
                67,
                77,
                62
            ],
            [
                29,
                86,
                91,
                40,
                81,
                32,
                20,
                90,
                97,
                71,
                49,
                39,
                76,
                66,
                38
            ],
            [
                15,
                25,
                67,
                71,
                32,
                93,
                83,
                16,
                17,
                85,
                23,
                95,
                18,
                60,
                93
            ]
        ],