{
    "optimal_time": 1350.0,
    "opt_compute_time:": 2481.3552062548697,
    "spt_time": 1671,
    "spt_compute_time": 67.82104989886284,
    "lpt_time": 1713,
    "lpt_compute_time": 74.27372779883444,
    "n_jobs": 15,
    "n_resources": 15,
    "n_ops_per_job": 15,
    "max_op_time": 99,
    "jssp_identification": "15x15_56_inst.json",
    "solution_optimality": "OPTIMAL",
    "jssp_instance": {
        "durations": [
            [
                62,
                88,
                72,
                40,
                88,
                67,
                44,
                79,
                41,
                82,
                40,
                56,
                72,
                47,
                29
            ],
            [
                41,
                90,
                86,
                60,
                89,
                75,
                39,
                79,
                70,
                27,
                78,
                70,
                48,
                92,
                37
            ],
            [
                73,
                44,
                30,
                37,
                70,
                65,
                71,
                74,
                98,
                90,
                89,
                89,
                24,
                97,
                19
            ],
            [
                56,
                17,
                88,
                87,
                62,
                32,
                80,
                76,
                37,
                61,
                89,
                63,
                66,
                67,
                66
            ],
            [
                64,
                68,
                53,
                73,
                78,
                39,
                81,
                78,
                43,
                21,
                89,
                38,
                20,
                77,
                62
            ],
            [
                88,
                21,
                46,
                90,
                75,
                30,
                85,
                19,
                38,
                29,
                47,
                18,
                89,
                77,
                85
            ],
            [
                73,
                26,
                82,
                86,
                53,
                23,
                48,
                91,
                82,
                64,
                79,
                91,
                64,
                39,
                75
            ],
            [
                16,
                46,
                54,
                50,
                79,
                56,
                25,
                80,
                66,
                35,
                16,
                59,
                96,
                45,
                37
            ],
            [
                69,
                63,
                41,
                28,
                74,
                54,
                86,
                64,
                55,
                18,
                37,
                46,
                71,
                43,
                91
            ],
            [
                77,
                55,
                50,
                60,
                83,
                88,
                63,
                42,
                81,
                72,
                22,
                67,
                53,
                38,
                91
            ],
            [
                60,
                79,
                30,
                56,
                37,
                15,
                53,
                89,
                71,
                66,
                43,
                54,
                71,
                69,
                64
            ],
            [
                95,
                78,
                19,
                48,
                82,
                35,
                79,
                71,
                35,
                16,
                16,
                71,
                82,
                63,
                42
            ],
            [
                51,
                97,
                38,
                60,
                27,
                84,
                57,
                72,
                81,
                49,
                55,
                23,
                16,
                86,
                62
            ],
            [
                17,
                75,
                59,
                61,
                52,
                71,
                73,
                59,
                72,
                81,
                97,
                76,
                93,
                81,
                68
            ],
            [
                30,
                24,
                58,
                29,
                42,
                30,
                64,
                98,
                28,
                78,
                29,
                59,
                18,
                55,
                29
            ]
        ],