{
    "optimal_time": 1219.0,
    "opt_compute_time:": 65.83704949822277,
    "spt_time": 1577,
    "spt_compute_time": 62.997265440411866,
    "lpt_time": 1460,
    "lpt_compute_time": 63.58314729575068,
    "n_jobs": 15,
    "n_resources": 15,
    "n_ops_per_job": 15,
    "max_op_time": 99,
    "jssp_identification": "15x15_146_inst.json",
    "solution_optimality": "OPTIMAL",
    "jssp_instance": {
        "durations": [
            [
                27,
                17,
                34,
                64,
                95,
                70,
                53,
                69,
                40,
                39,
                54,
                18,
                41,
                30,
                48
            ],
            [
                34,
                45,
                19,
                17,
                77,
                80,
                60,
                98,
                52,
                81,
                47,
                69,
                82,
                29,
                34
            ],
            [
                66,
                16,
                78,
                79,
                66,
                83,
                93,
                63,
                16,
                75,
                72,
                53,
                93,
                85,
                90
            ],
            [
                71,
                48,
                16,
                62,
                84,
                27,
                65,
                25,
                38,
                64,
                20,
                60,
                85,
                68,
                67
            ],
            [
                15,
                94,
                76,
                21,
                49,
                48,
                69,
                18,
                17,
                78,
                42,
                43,
                55,
                84,
                61
            ],
            [
                16,
                25,
                34,
                23,
                67,
                57,
                22,
                87,
                73,
                34,
                50,
                22,
                73,
                87,
                55
            ],
            [
                97,
                43,
                44,
                22,
                79,
                22,
                33,
                29,
                51,
                67,
                86,
                21,
                41,
                18,
                51
            ],
            [
                36,
                28,
                49,
                26,
                68,
                58,
                66,
                60,
                17,
                98,
                62,
                54,
                60,
                68,
                27
            ],
            [
                49,
                49,
                38,
                56,
                98,
                54,
                76,
                90,
                39,
                65,
                22,
                37,
                61,
                24,
                72
            ],
            [
                15,
                49,
                69,
                49,
                30,
                49,
                19,
                80,
                82,
                70,
                60,
                32,
                30,
                56,
                41
            ],
            [
                66,
                18,
                72,
                69,
                90,
                58,
                42,
                36,
                32,
                44,
                81,
                73,
                73,
                32,
                67
            ],
            [
                52,
                95,
                95,
                66,
                35,
                15,
                66,
                24,
                68,
                86,
                78,
                50,
                58,
                32,
                68
            ],
            [
                73,
                22,
                20,
                40,
                48,
                64,
                54,
                59,
                30,
                81,
                46,
                47,
                82,
                33,
                82
            ],
            [
                28,
                30,
                49,
                18,
                58,
                46,
                37,
                25,
                85,
                15,
                43,
                46,
                42,
                62,
                73
            ],
            [
                16,
                47,
                79,
                16,
                38,
                37,
                97,
                27,
                55,
                67,
                63,
                58,
                42,
                70,
                74
            ]
        ],