{
    "optimal_time": 1285.0,
    "opt_compute_time:": 602.32864120882,
    "spt_time": 1616,
    "spt_compute_time": 66.08486161008477,
    "lpt_time": 1758,
    "lpt_compute_time": 79.19539845641702,
    "n_jobs": 15,
    "n_resources": 15,
    "n_ops_per_job": 15,
    "max_op_time": 99,
    "jssp_identification": "15x15_702_inst.json",
    "solution_optimality": "OPTIMAL",
    "jssp_instance": {
        "durations": [
            [
                59,
                44,
                28,
                92,
                78,
                35,
                82,
                61,
                27,
                68,
                74,
                33,
                78,
                77,
                73
            ],
            [
                63,
                51,
                50,
                39,
                65,
                81,
                43,
                21,
                79,
                16,
                68,
                62,
                45,
                36,
                51
            ],
            [
                64,
                78,
                17,
                88,
                27,
                50,
                27,
                69,
                70,
                38,
                41,
                85,
                47,
                15,
                51
            ],
            [
                71,
                45,
                20,
                20,
                60,
                76,
                87,
                16,
                50,
                47,
                40,
                33,
                25,
                92,
                20
            ],
            [
                96,
                96,
                43,
                80,
                67,
                36,
                84,
                21,
                15,
                40,
                70,
                20,
                40,
                58,
                58
            ],
            [
                65,
                83,
                24,
                69,
                30,
                23,
                61,
                78,
                17,
                57,
                75,
                81,
                86,
                38,
                24
            ],
            [
                17,
                38,
                76,
                38,
                98,
                73,
                60,
                19,
                32,
                50,
                68,
                67,
                91,
                87,
                80
            ],
            [
                77,
                18,
                39,
                70,
                30,
                77,
                59,
                52,
                97,
                88,
                17,
                48,
                19,
                22,
                44
            ],
            [
                40,
                83,
                64,
                51,
                40,
                48,
                30,
                66,
                56,
                82,
                37,
                34,
                27,
                22,
                73
            ],
            [
                39,
                84,
                91,
                78,
                46,
                47,
                43,
                28,
                37,
                95,
                70,
                31,
                34,
                69,
                73
            ],
            [
                70,
                76,
                56,
                68,
                29,
                84,
                44,
                88,
                18,
                54,
                45,
                87,
                24,
                64,
                47
            ],
            [
                16,
                42,
                67,
                78,
                75,
                22,
                16,
                68,
                77,
                26,
                53,
                96,
                22,
                55,
                91
            ],
            [
                86,
                52,
                88,
                67,
                20,
                37,
                53,
                15,
                20,
                58,
                77,
                80,
                44,
                32,
                57
            ],
            [
                85,
                98,
                34,
                77,
                62,
                52,
                31,
                36,
                62,
                30,
                64,
                73,
                30,
                64,
                66
            ],
            [
                18,
                15,
                42,
                46,
                65,
                38,
                24,
                34,
                67,
                66,
                21,
                53,
                55,
                18,
                92
            ]
        ],