{
    "optimal_time": 1278.0,
    "opt_compute_time:": 46.40219405014068,
    "spt_time": 1486,
    "spt_compute_time": 62.570698532275856,
    "lpt_time": 1740,
    "lpt_compute_time": 68.49684831872582,
    "n_jobs": 15,
    "n_resources": 15,
    "n_ops_per_job": 15,
    "max_op_time": 99,
    "jssp_identification": "15x15_365_inst.json",
    "solution_optimality": "OPTIMAL",
    "jssp_instance": {
        "durations": [
            [
                38,
                15,
                97,
                38,
                51,
                16,
                29,
                87,
                16,
                53,
                42,
                72,
                69,
                65,
                85
            ],
            [
                16,
                64,
                97,
                40,
                75,
                78,
                15,
                86,
                62,
                51,
                17,
                73,
                35,
                44,
                97
            ],
            [
                86,
                61,
                39,
                63,
                56,
                20,
                71,
                54,
                23,
                68,
                89,
                91,
                22,
                49,
                50
            ],
            [
                36,
                70,
                87,
                35,
                30,
                56,
                66,
                58,
                24,
                20,
                56,
                29,
                86,
                70,
                19
            ],
            [
                70,
                59,
                19,
                48,
                63,
                60,
                28,
                26,
                24,
                83,
                75,
                16,
                44,
                87,
                64
            ],
            [
                35,
                21,
                59,
                65,
                49,
                75,
                42,
                21,
                34,
                93,
                25,
                54,
                88,
                54,
                88
            ],
            [
                42,
                39,
                93,
                38,
                93,
                72,
                71,
                41,
                49,
                86,
                53,
                84,
                15,
                37,
                19
            ],
            [
                95,
                61,
                54,
                40,
                63,
                67,
                87,
                20,
                66,
                23,
                67,
                78,
                78,
                84,
                65
            ],
            [
                52,
                47,
                39,
                19,
                55,
                84,
                82,
                62,
                94,
                95,
                70,
                82,
                63,
                47,
                69
            ],
            [
                62,
                84,
                35,
                44,
                53,
                98,
                93,
                74,
                31,
                50,
                91,
                34,
                77,
                63,
                50
            ],
            [
                39,
                80,
                75,
                23,
                28,
                45,
                23,
                22,
                70,
                44,
                37,
                47,
                95,
                53,
                83
            ],
            [
                69,
                41,
                96,
                50,
                38,
                79,
                44,
                23,
                89,
                81,
                31,
                41,
                31,
                55,
                32
            ],
            [
                32,
                90,
                58,
                97,
                32,
                78,
                38,
                55,
                48,
                37,
                97,
                70,
                24,
                58,
                30
            ],
            [
                25,
                88,
                17,
                53,
                21,
                83,
                90,
                42,
                39,
                93,
                43,
                69,
                30,
                30,
                95
            ],
            [
                46,
                15,
                54,
                53,
                63,
                34,
                43,
                52,
                84,
                38,
                81,
                37,
                82,
                78,
                92
            ]
        ],