{
    "optimal_time": 1297.0,
    "opt_compute_time:": 101.7814783109352,
    "spt_time": 1622,
    "spt_compute_time": 63.12145920377225,
    "lpt_time": 1582,
    "lpt_compute_time": 65.84516513254493,
    "n_jobs": 15,
    "n_resources": 15,
    "n_ops_per_job": 15,
    "max_op_time": 99,
    "jssp_identification": "15x15_516_inst.json",
    "solution_optimality": "OPTIMAL",
    "jssp_instance": {
        "durations": [
            [
                35,
                34,
                34,
                81,
                20,
                37,
                90,
                69,
                74,
                98,
                36,
                35,
                48,
                98,
                60
            ],
            [
                52,
                16,
                82,
                32,
                41,
                64,
                97,
                93,
                47,
                72,
                17,
                19,
                25,
                23,
                21
            ],
            [
                39,
                82,
                63,
                58,
                95,
                27,
                67,
                94,
                27,
                51,
                71,
                68,
                57,
                90,
                36
            ],
            [
                84,
                53,
                87,
                97,
                40,
                65,
                89,
                34,
                71,
                62,
                60,
                43,
                36,
                74,
                22
            ],
            [
                18,
                35,
                44,
                71,
                18,
                73,
                76,
                37,
                90,
                60,
                57,
                44,
                95,
                87,
                42
            ],
            [
                97,
                79,
                61,
                98,
                36,
                38,
                32,
                43,
                51,
                18,
                38,
                55,
                46,
                49,
                66
            ],
            [
                54,
                75,
                46,
                95,
                44,
                65,
                66,
                18,
                94,
                18,
                80,
                24,
                35,
                43,
                58
            ],
            [
                23,
                98,
                16,
                95,
                17,
                64,
                57,
                48,
                96,
                73,
                41,
                66,
                76,
                53,
                39
            ],
            [
                64,
                66,
                97,
                57,
                40,
                51,
                56,
                77,
                25,
                52,
                62,
                27,
                30,
                95,
                66
            ],
            [
                95,
                91,
                65,
                74,
                47,
                75,
                16,
                97,
                65,
                22,
                66,
                85,
                81,
                82,
                53
            ],
            [
                38,
                34,
                37,
                84,
                19,
                59,
                20,
                23,
                38,
                65,
                46,
                88,
                28,
                17,
                18
            ],
            [
                47,
                84,
                57,
                75,
                25,
                97,
                47,
                21,
                47,
                21,
                92,
                46,
                63,
                87,
                73
            ],
            [
                93,
                54,
                58,
                29,
                87,
                36,
                85,
                16,
                16,
                16,
                36,
                82,
                88,
                56,
                47
            ],
            [
                30,
                55,
                35,
                98,
                77,
                35,
                98,
                32,
                47,
                17,
                56,
                94,
                35,
                60,
                98
            ],
            [
                59,
                30,
                39,
                34,
                62,
                27,
                94,
                81,
                22,
                61,
                23,
                84,
                51,
                88,
                53
            ]
        ],