{
    "optimal_time": 1308.0,
    "opt_compute_time:": 40.671737279742956,
    "spt_time": 1798,
    "spt_compute_time": 68.14424068946391,
    "lpt_time": 1770,
    "lpt_compute_time": 74.74923259299248,
    "n_jobs": 15,
    "n_resources": 15,
    "n_ops_per_job": 15,
    "max_op_time": 99,
    "jssp_identification": "15x15_283_inst.json",
    "solution_optimality": "OPTIMAL",
    "jssp_instance": {
        "durations": [
            [
                64,
                23,
                43,
                97,
                56,
                76,
                16,
                16,
                23,
                31,
                53,
                88,
                81,
                62,
                26
            ],
            [
                49,
                31,
                46,
                82,
                54,
                61,
                47,
                27,
                31,
                56,
                15,
                22,
                75,
                65,
                89
            ],
            [
                32,
                87,
                84,
                62,
                45,
                30,
                54,
                91,
                35,
                15,
                73,
                25,
                65,
                63,
                64
            ],
            [
                86,
                30,
                23,
                52,
                80,
                16,
                58,
                76,
                49,
                80,
                91,
                62,
                69,
                93,
                22
            ],
            [
                45,
                51,
                95,
                58,
                49,
                36,
                56,
                48,
                58,
                26,
                24,
                17,
                49,
                90,
                86
            ],
            [
                87,
                44,
                52,
                52,
                58,
                54,
                89,
                23,
                52,
                78,
                70,
                48,
                74,
                71,
                74
            ],
            [
                48,
                15,
                45,
                43,
                51,
                37,
                42,
                65,
                73,
                62,
                38,
                79,
                78,
                62,
                91
            ],
            [
                98,
                46,
                55,
                44,
                25,
                62,
                76,
                96,
                86,
                74,
                44,
                84,
                26,
                37,
                65
            ],
            [
                57,
                47,
                24,
                65,
                77,
                64,
                76,
                55,
                56,
                27,
                63,
                94,
                66,
                67,
                80
            ],
            [
                91,
                25,
                49,
                18,
                81,
                26,
                37,
                64,
                66,
                49,
                84,
                42,
                28,
                67,
                90
            ],
            [
                26,
                79,
                26,
                54,
                25,
                82,
                47,
                50,
                90,
                56,
                74,
                79,
                50,
                19,
                72
            ],
            [
                52,
                82,
                51,
                46,
                87,
                95,
                21,
                19,
                87,
                61,
                37,
                97,
                63,
                56,
                16
            ],
            [
                31,
                86,
                89,
                91,
                30,
                77,
                94,
                71,
                43,
                71,
                51,
                44,
                56,
                52,
                63
            ],
            [
                85,
                41,
                32,
                52,
                84,
                53,
                55,
                93,
                27,
                70,
                58,
                88,
                78,
                45,
                49
            ],
            [
                46,
                27,
                37,
                34,
                33,
                44,
                84,
                15,
                71,
                77,
                66,
                53,
                18,
                17,
                47
            ]
        ],