{
    "optimal_time": 1382.0,
    "opt_compute_time:": 160.42823948990554,
    "spt_time": 1689,
    "spt_compute_time": 73.73248448781669,
    "lpt_time": 1911,
    "lpt_compute_time": 86.80190553981811,
    "n_jobs": 15,
    "n_resources": 15,
    "n_ops_per_job": 15,
    "max_op_time": 99,
    "jssp_identification": "15x15_267_inst.json",
    "solution_optimality": "OPTIMAL",
    "jssp_instance": {
        "durations": [
            [
                73,
                22,
                41,
                59,
                49,
                66,
                78,
                39,
                81,
                31,
                34,
                27,
                59,
                70,
                56
            ],
            [
                16,
                40,
                31,
                46,
                88,
                33,
                92,
                56,
                32,
                76,
                72,
                83,
                39,
                20,
                16
            ],
            [
                89,
                45,
                25,
                45,
                24,
                44,
                29,
                91,
                36,
                63,
                53,
                80,
                96,
                48,
                60
            ],
            [
                35,
                87,
                26,
                71,
                52,
                45,
                79,
                45,
                91,
                77,
                95,
                60,
                70,
                31,
                75
            ],
            [
                49,
                92,
                18,
                42,
                86,
                39,
                79,
                66,
                79,
                70,
                37,
                59,
                32,
                91,
                40
            ],
            [
                75,
                77,
                62,
                96,
                48,
                96,
                46,
                89,
                88,
                26,
                31,
                31,
                69,
                52,
                70
            ],
            [
                72,
                96,
                30,
                37,
                60,
                62,
                94,
                75,
                90,
                86,
                62,
                43,
                83,
                18,
                24
            ],
            [
                64,
                91,
                87,
                74,
                15,
                98,
                34,
                63,
                83,
                49,
                88,
                73,
                79,
                25,
                95
            ],
            [
                28,
                35,
                95,
                91,
                84,
                54,
                92,
                35,
                81,
                51,
                98,
                20,
                29,
                26,
                54
            ],
            [
                64,
                71,
                23,
                56,
                96,
                62,
                16,
                91,
                50,
                67,
                23,
                56,
                44,
                88,
                44
            ],
            [
                49,
                59,
                67,
                15,
                31,
                68,
                22,
                41,
                91,
                50,
                64,
                69,
                17,
                30,
                66
            ],
            [
                15,
                36,
                81,
                27,
                70,
                85,
                15,
                77,
                31,
                74,
                29,
                29,
                68,
                74,
                27
            ],
            [
                88,
                75,
                63,
                18,
                50,
                82,
                85,
                63,
                37,
                94,
                47,
                32,
                31,
                44,
                34
            ],
            [
                74,
                25,
                41,
                34,
                95,
                87,
                37,
                22,
                92,
                74,
                98,
                72,
                53,
                48,
                53
            ],
            [
                96,
                88,
                33,
                85,
                19,
                87,
                73,
                50,
                54,
                78,
                74,
                45,
                76,
                58,
                75
            ]
        ],