{
    "optimal_time": 1274.0,
    "opt_compute_time:": 64.04962078202516,
    "spt_time": 1482,
    "spt_compute_time": 59.51628749538213,
    "lpt_time": 1610,
    "lpt_compute_time": 69.01384926773608,
    "n_jobs": 15,
    "n_resources": 15,
    "n_ops_per_job": 15,
    "max_op_time": 99,
    "jssp_identification": "15x15_476_inst.json",
    "solution_optimality": "OPTIMAL",
    "jssp_instance": {
        "durations": [
            [
                43,
                28,
                27,
                23,
                22,
                32,
                22,
                41,
                55,
                15,
                63,
                73,
                27,
                67,
                71
            ],
            [
                37,
                29,
                68,
                78,
                90,
                54,
                48,
                58,
                16,
                89,
                86,
                27,
                82,
                57,
                87
            ],
            [
                66,
                86,
                34,
                47,
                50,
                97,
                30,
                47,
                27,
                61,
                51,
                19,
                85,
                38,
                63
            ],
            [
                44,
                68,
                34,
                72,
                76,
                96,
                27,
                48,
                77,
                67,
                53,
                95,
                37,
                56,
                31
            ],
            [
                17,
                52,
                93,
                38,
                62,
                82,
                74,
                42,
                56,
                28,
                35,
                58,
                76,
                93,
                65
            ],
            [
                50,
                43,
                62,
                52,
                78,
                96,
                44,
                72,
                15,
                58,
                16,
                52,
                20,
                26,
                48
            ],
            [
                58,
                49,
                90,
                90,
                55,
                31,
                54,
                51,
                43,
                52,
                64,
                86,
                30,
                49,
                38
            ],
            [
                25,
                39,
                31,
                38,
                46,
                62,
                45,
                73,
                30,
                91,
                58,
                29,
                58,
                33,
                71
            ],
            [
                44,
                91,
                42,
                40,
                56,
                46,
                59,
                98,
                92,
                15,
                82,
                69,
                16,
                39,
                96
            ],
            [
                71,
                75,
                98,
                29,
                97,
                96,
                24,
                66,
                58,
                83,
                66,
                83,
                46,
                26,
                58
            ],
            [
                79,
                57,
                30,
                41,
                78,
                75,
                89,
                69,
                44,
                18,
                55,
                92,
                65,
                83,
                80
            ],
            [
                22,
                98,
                52,
                57,
                95,
                81,
                49,
                18,
                73,
                38,
                32,
                88,
                50,
                63,
                42
            ],
            [
                56,
                43,
                56,
                49,
                47,
                58,
                66,
                68,
                88,
                30,
                26,
                26,
                21,
                26,
                75
            ],
            [
                49,
                83,
                62,
                56,
                55,
                25,
                71,
                55,
                59,
                17,
                16,
                54,
                60,
                85,
                48
            ],
            [
                97,
                55,
                72,
                28,
                94,
                46,
                90,
                20,
                90,
                65,
                98,
                82,
                63,
                26,
                34
            ]
        ],