{
    "optimal_time": 1251.0,
    "opt_compute_time:": 263.29323751013726,
    "spt_time": 1587,
    "spt_compute_time": 60.9238416319713,
    "lpt_time": 1757,
    "lpt_compute_time": 73.48384865373373,
    "n_jobs": 15,
    "n_resources": 15,
    "n_ops_per_job": 15,
    "max_op_time": 99,
    "jssp_identification": "15x15_710_inst.json",
    "solution_optimality": "OPTIMAL",
    "jssp_instance": {
        "durations": [
            [
                78,
                31,
                58,
                82,
                22,
                49,
                72,
                61,
                65,
                59,
                91,
                94,
                47,
                28,
                42
            ],
            [
                52,
                75,
                38,
                72,
                65,
                19,
                30,
                56,
                79,
                31,
                39,
                21,
                73,
                31,
                84
            ],
            [
                37,
                33,
                65,
                60,
                23,
                27,
                65,
                33,
                94,
                93,
                55,
                85,
                81,
                86,
                61
            ],
            [
                16,
                33,
                21,
                83,
                35,
                63,
                31,
                32,
                54,
                35,
                44,
                92,
                68,
                65,
                64
            ],
            [
                30,
                54,
                69,
                82,
                56,
                15,
                77,
                22,
                58,
                49,
                19,
                25,
                27,
                71,
                71
            ],
            [
                70,
                72,
                53,
                85,
                41,
                49,
                44,
                34,
                40,
                58,
                78,
                79,
                68,
                56,
                24
            ],
            [
                73,
                24,
                88,
                41,
                95,
                35,
                91,
                71,
                67,
                38,
                51,
                31,
                49,
                36,
                29
            ],
            [
                60,
                38,
                95,
                45,
                53,
                23,
                31,
                70,
                44,
                67,
                78,
                63,
                49,
                98,
                43
            ],
            [
                54,
                21,
                33,
                44,
                73,
                94,
                60,
                27,
                83,
                57,
                83,
                27,
                86,
                91,
                92
            ],
            [
                84,
                92,
                43,
                44,
                51,
                31,
                65,
                27,
                69,
                62,
                42,
                27,
                29,
                18,
                58
            ],
            [
                55,
                34,
                17,
                59,
                76,
                23,
                54,
                21,
                30,
                20,
                67,
                75,
                69,
                82,
                51
            ],
            [
                28,
                31,
                77,
                47,
                31,
                75,
                21,
                68,
                34,
                60,
                27,
                46,
                48,
                40,
                96
            ],
            [
                59,
                21,
                85,
                41,
                95,
                38,
                91,
                17,
                55,
                75,
                94,
                90,
                40,
                62,
                65
            ],
            [
                75,
                30,
                79,
                23,
                16,
                63,
                95,
                88,
                75,
                76,
                87,
                84,
                45,
                25,
                80
            ],
            [
                38,
                19,
                37,
                42,
                77,
                61,
                45,
                17,
                82,
                40,
                29,
                20,
                42,
                92,
                20
            ]
        ],